time	peer	dir	hex	kind	name	detail
2026-09-18T11:00:00.774	processor:33730	rx	81 09 04 00 FF	inquiry	Power	
2026-09-18T11:00:00.774	processor:33730	tx	90 50 02 FF	reply		
2026-09-18T11:00:00.789	processor:33730	rx	81 09 08 01 FF	inquiry	TrackingFraming	
2026-09-18T11:00:00.789	processor:33730	tx	90 50 02 FF	reply		
2026-09-18T11:00:00.799	processor:33730	rx	81 09 04 39 FF	inquiry	AutoExposure	
2026-09-18T11:00:00.799	processor:33730	tx	90 50 00 FF	reply		
2026-09-18T11:00:00.810	processor:33730	rx	81 09 04 35 FF	inquiry	WhiteBalance	
2026-09-18T11:00:00.811	processor:33730	tx	90 50 03 FF	reply		
2026-09-18T11:00:00.821	processor:33730	rx	81 09 04 38 FF	inquiry	AutoFocus	
2026-09-18T11:00:00.822	processor:33730	tx	90 50 02 FF	reply		
2026-09-18T11:00:00.831	processor:33730	rx	81 09 04 33 FF	inquiry	Backlight	
2026-09-18T11:00:00.832	processor:33730	tx	90 50 03 FF	reply		
2026-09-18T11:00:00.847	processor:33730	rx	81 09 04 62 FF	inquiry	FreezeFrame	
2026-09-18T11:00:00.847	processor:33730	tx	90 50 02 FF	reply		
2026-09-18T11:00:00.856	processor:33730	rx	81 09 04 47 FF	inquiry	ZoomPosition	
2026-09-18T11:00:00.856	processor:33730	tx	90 50 01 0F 04 00 FF	reply		
2026-09-18T11:00:00.866	processor:33730	rx	81 09 06 12 FF	inquiry	PanTiltPosition	
2026-09-18T11:00:00.866	processor:33730	tx	90 50 00 03 0E 08 0F 0E 00 0C FF	reply		
2026-09-18T11:00:00.876	processor:33730	rx	81 09 06 12 FF	inquiry	PanTiltPosition	
2026-09-18T11:00:00.876	processor:33730	tx	90 50 00 03 0E 08 0F 0E 00 0C FF	reply		
2026-09-18T11:00:00.885	processor:33730	rx	81 C2 09 08 FF	inquiry	CameraOutput	
2026-09-18T11:00:00.885	processor:33730	tx	90 50 01 01 FF	reply		
2026-09-18T11:00:03.875	processor:33730	rx	81 09 04 00 FF	inquiry	Power	
2026-09-18T11:00:03.875	processor:33730	tx	90 50 02 FF	reply		
2026-09-18T11:00:03.897	processor:33730	rx	81 09 08 01 FF	inquiry	TrackingFraming	
2026-09-18T11:00:03.898	processor:33730	tx	90 50 02 FF	reply		
2026-09-18T11:00:03.908	processor:33730	rx	81 09 04 39 FF	inquiry	AutoExposure	
2026-09-18T11:00:03.909	processor:33730	tx	90 50 00 FF	reply		
2026-09-18T11:00:03.917	processor:33730	rx	81 09 04 35 FF	inquiry	WhiteBalance	
2026-09-18T11:00:03.918	processor:33730	tx	90 50 03 FF	reply		
2026-09-18T11:00:03.927	processor:33730	rx	81 09 04 38 FF	inquiry	AutoFocus	
2026-09-18T11:00:03.928	processor:33730	tx	90 50 02 FF	reply		
2026-09-18T11:00:03.937	processor:33730	rx	81 09 04 33 FF	inquiry	Backlight	
2026-09-18T11:00:03.938	processor:33730	tx	90 50 03 FF	reply		
2026-09-18T11:00:03.947	processor:33730	rx	81 09 04 62 FF	inquiry	FreezeFrame	
2026-09-18T11:00:03.947	processor:33730	tx	90 50 02 FF	reply		
2026-09-18T11:00:03.959	processor:33730	rx	81 09 04 47 FF	inquiry	ZoomPosition	
2026-09-18T11:00:03.959	processor:33730	tx	90 50 01 0F 04 00 FF	reply		
2026-09-18T11:00:03.969	processor:33730	rx	81 09 06 12 FF	inquiry	PanTiltPosition	
2026-09-18T11:00:03.970	processor:33730	tx	90 50 00 03 0E 08 0F 0E 00 0C FF	reply		
2026-09-18T11:00:03.980	processor:33730	rx	81 09 06 12 FF	inquiry	PanTiltPosition	
2026-09-18T11:00:03.980	processor:33730	tx	90 50 00 03 0E 08 0F 0E 00 0C FF	reply		
2026-09-18T11:00:03.990	processor:33730	rx	81 C2 09 08 FF	inquiry	CameraOutput	
2026-09-18T11:00:03.991	processor:33730	tx	90 50 01 01 FF	reply		
2026-09-18T11:00:06.974	processor:33730	rx	81 09 04 00 FF	inquiry	Power	
2026-09-18T11:00:06.974	processor:33730	tx	90 50 02 FF	reply		
2026-09-18T11:00:07.019	processor:33730	rx	81 09 08 01 FF	inquiry	TrackingFraming	
2026-09-18T11:00:07.019	processor:33730	tx	90 50 02 FF	reply		
2026-09-18T11:00:07.040	processor:33730	rx	81 09 04 39 FF	inquiry	AutoExposure	
2026-09-18T11:00:07.040	processor:33730	tx	90 50 00 FF	reply		
2026-09-18T11:00:07.060	processor:33730	rx	81 09 04 35 FF	inquiry	WhiteBalance	
2026-09-18T11:00:07.061	processor:33730	tx	90 50 03 FF	reply		
2026-09-18T11:00:07.082	processor:33730	rx	81 09 04 38 FF	inquiry	AutoFocus	
2026-09-18T11:00:07.083	processor:33730	tx	90 50 02 FF	reply		
2026-09-18T11:00:07.101	processor:33730	rx	81 09 04 33 FF	inquiry	Backlight	
2026-09-18T11:00:07.101	processor:33730	tx	90 50 03 FF	reply		
2026-09-18T11:00:07.110	processor:33730	rx	81 09 04 62 FF	inquiry	FreezeFrame	
2026-09-18T11:00:07.111	processor:33730	tx	90 50 02 FF	reply		
2026-09-18T11:00:07.121	processor:33730	rx	81 09 04 47 FF	inquiry	ZoomPosition	
2026-09-18T11:00:07.121	processor:33730	tx	90 50 01 0F 04 00 FF	reply		
2026-09-18T11:00:07.130	processor:33730	rx	81 09 06 12 FF	inquiry	PanTiltPosition	
2026-09-18T11:00:07.132	processor:33730	tx	90 50 00 03 0E 08 0F 0E 00 0C FF	reply		
2026-09-18T11:00:07.140	processor:33730	rx	81 09 06 12 FF	inquiry	PanTiltPosition	
2026-09-18T11:00:07.141	processor:33730	tx	90 50 00 03 0E 08 0F 0E 00 0C FF	reply		
2026-09-18T11:00:07.151	processor:33730	rx	81 C2 09 08 FF	inquiry	CameraOutput	
2026-09-18T11:00:07.152	processor:33730	tx	90 50 01 01 FF	reply		
2026-09-18T11:00:10.113	processor:33730	rx	81 09 04 00 FF	inquiry	Power	
2026-09-18T11:00:10.114	processor:33730	tx	90 50 02 FF	reply		
2026-09-18T11:00:10.129	processor:33730	rx	81 09 08 01 FF	inquiry	TrackingFraming	
2026-09-18T11:00:10.129	processor:33730	tx	90 50 02 FF	reply		
2026-09-18T11:00:10.139	processor:33730	rx	81 09 04 39 FF	inquiry	AutoExposure	
2026-09-18T11:00:10.139	processor:33730	tx	90 50 00 FF	reply		
2026-09-18T11:00:10.148	processor:33730	rx	81 09 04 35 FF	inquiry	WhiteBalance	
2026-09-18T11:00:10.148	processor:33730	tx	90 50 03 FF	reply		
2026-09-18T11:00:10.158	processor:33730	rx	81 09 04 38 FF	inquiry	AutoFocus	
2026-09-18T11:00:10.158	processor:33730	tx	90 50 02 FF	reply		
2026-09-18T11:00:10.168	processor:33730	rx	81 09 04 33 FF	inquiry	Backlight	
2026-09-18T11:00:10.170	processor:33730	tx	90 50 03 FF	reply		
2026-09-18T11:00:10.181	processor:33730	rx	81 09 04 62 FF	inquiry	FreezeFrame	
2026-09-18T11:00:10.182	processor:33730	tx	90 50 02 FF	reply		
2026-09-18T11:00:10.207	processor:33730	rx	81 09 04 47 FF	inquiry	ZoomPosition	
2026-09-18T11:00:10.208	processor:33730	tx	90 50 01 0F 04 00 FF	reply		
2026-09-18T11:00:10.222	processor:33730	rx	81 09 06 12 FF	inquiry	PanTiltPosition	
2026-09-18T11:00:10.222	processor:33730	tx	90 50 00 03 0E 08 0F 0E 00 0C FF	reply		
2026-09-18T11:00:10.238	processor:33730	rx	81 09 06 12 FF	inquiry	PanTiltPosition	
2026-09-18T11:00:10.239	processor:33730	tx	90 50 00 03 0E 08 0F 0E 00 0C FF	reply		
2026-09-18T11:00:10.269	processor:33730	rx	81 C2 09 08 FF	inquiry	CameraOutput	
2026-09-18T11:00:10.270	processor:33730	tx	90 50 01 01 FF	reply		
2026-09-18T11:00:13.225	processor:33730	rx	81 09 04 00 FF	inquiry	Power	
2026-09-18T11:00:13.226	processor:33730	tx	90 50 02 FF	reply		
2026-09-18T11:00:13.241	processor:33730	rx	81 09 08 01 FF	inquiry	TrackingFraming	
2026-09-18T11:00:13.241	processor:33730	tx	90 50 02 FF	reply		
2026-09-18T11:00:13.251	processor:33730	rx	81 09 04 39 FF	inquiry	AutoExposure	
2026-09-18T11:00:13.251	processor:33730	tx	90 50 00 FF	reply		
2026-09-18T11:00:13.260	processor:33730	rx	81 09 04 35 FF	inquiry	WhiteBalance	
2026-09-18T11:00:13.260	processor:33730	tx	90 50 03 FF	reply		
2026-09-18T11:00:13.270	processor:33730	rx	81 09 04 38 FF	inquiry	AutoFocus	
2026-09-18T11:00:13.270	processor:33730	tx	90 50 02 FF	reply		
2026-09-18T11:00:13.280	processor:33730	rx	81 09 04 33 FF	inquiry	Backlight	
2026-09-18T11:00:13.281	processor:33730	tx	90 50 03 FF	reply		
2026-09-18T11:00:13.291	processor:33730	rx	81 09 04 62 FF	inquiry	FreezeFrame	
2026-09-18T11:00:13.291	processor:33730	tx	90 50 02 FF	reply		
2026-09-18T11:00:13.300	processor:33730	rx	81 09 04 47 FF	inquiry	ZoomPosition	
2026-09-18T11:00:13.302	processor:33730	tx	90 50 01 0F 04 00 FF	reply		
2026-09-18T11:00:13.311	processor:33730	rx	81 09 06 12 FF	inquiry	PanTiltPosition	
2026-09-18T11:00:13.311	processor:33730	tx	90 50 00 03 0E 08 0F 0E 00 0C FF	reply		
2026-09-18T11:00:13.324	processor:33730	rx	81 09 06 12 FF	inquiry	PanTiltPosition	
2026-09-18T11:00:13.324	processor:33730	tx	90 50 00 03 0E 08 0F 0E 00 0C FF	reply		
2026-09-18T11:00:13.334	processor:33730	rx	81 C2 09 08 FF	inquiry	CameraOutput	
2026-09-18T11:00:13.334	processor:33730	tx	90 50 01 01 FF	reply		
2026-09-18T11:00:16.303	processor:33730	rx	81 09 04 00 FF	inquiry	Power	
2026-09-18T11:00:16.303	processor:33730	tx	90 50 02 FF	reply		
2026-09-18T11:00:16.320	processor:33730	rx	81 09 08 01 FF	inquiry	TrackingFraming	
2026-09-18T11:00:16.320	processor:33730	tx	90 50 02 FF	reply		
2026-09-18T11:00:16.329	processor:33730	rx	81 09 04 39 FF	inquiry	AutoExposure	
2026-09-18T11:00:16.331	processor:33730	tx	90 50 00 FF	reply		
2026-09-18T11:00:16.340	processor:33730	rx	81 09 04 35 FF	inquiry	WhiteBalance	
2026-09-18T11:00:16.342	processor:33730	tx	90 50 03 FF	reply		
2026-09-18T11:00:16.350	processor:33730	rx	81 09 04 38 FF	inquiry	AutoFocus	
2026-09-18T11:00:16.350	processor:33730	tx	90 50 02 FF	reply		
2026-09-18T11:00:16.360	processor:33730	rx	81 09 04 33 FF	inquiry	Backlight	
2026-09-18T11:00:16.361	processor:33730	tx	90 50 03 FF	reply		
2026-09-18T11:00:16.370	processor:33730	rx	81 09 04 62 FF	inquiry	FreezeFrame	
2026-09-18T11:00:16.370	processor:33730	tx	90 50 02 FF	reply		
2026-09-18T11:00:16.380	processor:33730	rx	81 09 04 47 FF	inquiry	ZoomPosition	
2026-09-18T11:00:16.380	processor:33730	tx	90 50 01 0F 04 00 FF	reply		
2026-09-18T11:00:16.390	processor:33730	rx	81 09 06 12 FF	inquiry	PanTiltPosition	
2026-09-18T11:00:16.390	processor:33730	tx	90 50 00 03 0E 08 0F 0E 00 0C FF	reply		
2026-09-18T11:00:16.402	processor:33730	rx	81 09 06 12 FF	inquiry	PanTiltPosition	
2026-09-18T11:00:16.402	processor:33730	tx	90 50 00 03 0E 08 0F 0E 00 0C FF	reply		
2026-09-18T11:00:16.414	processor:33730	rx	81 C2 09 08 FF	inquiry	CameraOutput	
2026-09-18T11:00:16.414	processor:33730	tx	90 50 01 01 FF	reply		
2026-09-18T11:00:19.389	processor:33730	rx	81 09 04 00 FF	inquiry	Power	
2026-09-18T11:00:19.389	processor:33730	tx	90 50 02 FF	reply		
2026-09-18T11:00:19.406	processor:33730	rx	81 09 08 01 FF	inquiry	TrackingFraming	
2026-09-18T11:00:19.406	processor:33730	tx	90 50 02 FF	reply		
2026-09-18T11:00:19.419	processor:33730	rx	81 09 04 39 FF	inquiry	AutoExposure	
2026-09-18T11:00:19.419	processor:33730	tx	90 50 00 FF	reply		
2026-09-18T11:00:19.429	processor:33730	rx	81 09 04 35 FF	inquiry	WhiteBalance	
2026-09-18T11:00:19.429	processor:33730	tx	90 50 03 FF	reply		
2026-09-18T11:00:19.439	processor:33730	rx	81 09 04 38 FF	inquiry	AutoFocus	
2026-09-18T11:00:19.439	processor:33730	tx	90 50 02 FF	reply		
2026-09-18T11:00:19.449	processor:33730	rx	81 09 04 33 FF	inquiry	Backlight	
2026-09-18T11:00:19.449	processor:33730	tx	90 50 03 FF	reply		
2026-09-18T11:00:19.458	processor:33730	rx	81 09 04 62 FF	inquiry	FreezeFrame	
2026-09-18T11:00:19.459	processor:33730	tx	90 50 02 FF	reply		
2026-09-18T11:00:19.468	processor:33730	rx	81 09 04 47 FF	inquiry	ZoomPosition	
2026-09-18T11:00:19.468	processor:33730	tx	90 50 01 0F 04 00 FF	reply		
2026-09-18T11:00:19.478	processor:33730	rx	81 09 06 12 FF	inquiry	PanTiltPosition	
2026-09-18T11:00:19.479	processor:33730	tx	90 50 00 03 0E 08 0F 0E 00 0C FF	reply		
2026-09-18T11:00:19.489	processor:33730	rx	81 09 06 12 FF	inquiry	PanTiltPosition	
2026-09-18T11:00:19.489	processor:33730	tx	90 50 00 03 0E 08 0F 0E 00 0C FF	reply		
2026-09-18T11:00:19.499	processor:33730	rx	81 C2 09 08 FF	inquiry	CameraOutput	
2026-09-18T11:00:19.500	processor:33730	tx	90 50 01 01 FF	reply		
2026-09-18T11:00:22.464	processor:33730	rx	81 09 04 00 FF	inquiry	Power	
2026-09-18T11:00:22.465	processor:33730	tx	90 50 02 FF	reply		
2026-09-18T11:00:22.481	processor:33730	rx	81 09 08 01 FF	inquiry	TrackingFraming	
2026-09-18T11:00:22.481	processor:33730	tx	90 50 02 FF	reply		
2026-09-18T11:00:22.490	processor:33730	rx	81 09 04 39 FF	inquiry	AutoExposure	
2026-09-18T11:00:22.490	processor:33730	tx	90 50 00 FF	reply		
2026-09-18T11:00:22.500	processor:33730	rx	81 09 04 35 FF	inquiry	WhiteBalance	
2026-09-18T11:00:22.500	processor:33730	tx	90 50 03 FF	reply		
2026-09-18T11:00:22.510	processor:33730	rx	81 09 04 38 FF	inquiry	AutoFocus	
2026-09-18T11:00:22.510	processor:33730	tx	90 50 02 FF	reply		
2026-09-18T11:00:22.520	processor:33730	rx	81 09 04 33 FF	inquiry	Backlight	
2026-09-18T11:00:22.521	processor:33730	tx	90 50 03 FF	reply		
2026-09-18T11:00:22.530	processor:33730	rx	81 09 04 62 FF	inquiry	FreezeFrame	
2026-09-18T11:00:22.531	processor:33730	tx	90 50 02 FF	reply		
2026-09-18T11:00:22.540	processor:33730	rx	81 09 04 47 FF	inquiry	ZoomPosition	
2026-09-18T11:00:22.541	processor:33730	tx	90 50 01 0F 04 00 FF	reply		
2026-09-18T11:00:22.549	processor:33730	rx	81 09 06 12 FF	inquiry	PanTiltPosition	
2026-09-18T11:00:22.551	processor:33730	tx	90 50 00 03 0E 08 0F 0E 00 0C FF	reply		
2026-09-18T11:00:22.560	processor:33730	rx	81 09 06 12 FF	inquiry	PanTiltPosition	
2026-09-18T11:00:22.560	processor:33730	tx	90 50 00 03 0E 08 0F 0E 00 0C FF	reply		
2026-09-18T11:00:22.569	processor:33730	rx	81 C2 09 08 FF	inquiry	CameraOutput	
2026-09-18T11:00:22.570	processor:33730	tx	90 50 01 01 FF	reply		
2026-09-18T11:00:25.595	processor:33730	rx	81 09 04 00 FF	inquiry	Power	
2026-09-18T11:00:25.595	processor:33730	tx	90 50 02 FF	reply		
2026-09-18T11:00:25.609	processor:33730	rx	81 09 08 01 FF	inquiry	TrackingFraming	
2026-09-18T11:00:25.610	processor:33730	tx	90 50 02 FF	reply		
2026-09-18T11:00:25.626	processor:33730	rx	81 09 04 39 FF	inquiry	AutoExposure	
2026-09-18T11:00:25.626	processor:33730	tx	90 50 00 FF	reply		
2026-09-18T11:00:25.648	processor:33730	rx	81 09 04 35 FF	inquiry	WhiteBalance	
2026-09-18T11:00:25.648	processor:33730	tx	90 50 03 FF	reply		
2026-09-18T11:00:25.670	processor:33730	rx	81 09 04 38 FF	inquiry	AutoFocus	
2026-09-18T11:00:25.670	processor:33730	tx	90 50 02 FF	reply		
2026-09-18T11:00:25.694	processor:33730	rx	81 09 04 33 FF	inquiry	Backlight	
2026-09-18T11:00:25.694	processor:33730	tx	90 50 03 FF	reply		
2026-09-18T11:00:25.710	processor:33730	rx	81 09 04 62 FF	inquiry	FreezeFrame	
2026-09-18T11:00:25.710	processor:33730	tx	90 50 02 FF	reply		
2026-09-18T11:00:25.730	processor:33730	rx	81 09 04 47 FF	inquiry	ZoomPosition	
2026-09-18T11:00:25.731	processor:33730	tx	90 50 01 0F 04 00 FF	reply		
2026-09-18T11:00:25.755	processor:33730	rx	81 09 06 12 FF	inquiry	PanTiltPosition	
2026-09-18T11:00:25.756	processor:33730	tx	90 50 00 03 0E 08 0F 0E 00 0C FF	reply		
2026-09-18T11:00:25.775	processor:33730	rx	81 09 06 12 FF	inquiry	PanTiltPosition	
2026-09-18T11:00:25.775	processor:33730	tx	90 50 00 03 0E 08 0F 0E 00 0C FF	reply		
2026-09-18T11:00:25.798	processor:33730	rx	81 C2 09 08 FF	inquiry	CameraOutput	
2026-09-18T11:00:25.798	processor:33730	tx	90 50 01 01 FF	reply		
2026-09-18T11:00:28.747	processor:33730	rx	81 09 04 00 FF	inquiry	Power	
2026-09-18T11:00:28.748	processor:33730	tx	90 50 02 FF	reply		
2026-09-18T11:00:28.764	processor:33730	rx	81 09 08 01 FF	inquiry	TrackingFraming	
2026-09-18T11:00:28.764	processor:33730	tx	90 50 02 FF	reply		
2026-09-18T11:00:28.774	processor:33730	rx	81 09 04 39 FF	inquiry	AutoExposure	
2026-09-18T11:00:28.775	processor:33730	tx	90 50 00 FF	reply		
2026-09-18T11:00:28.785	processor:33730	rx	81 09 04 35 FF	inquiry	WhiteBalance	
2026-09-18T11:00:28.786	processor:33730	tx	90 50 03 FF	reply		
2026-09-18T11:00:28.795	processor:33730	rx	81 09 04 38 FF	inquiry	AutoFocus	
2026-09-18T11:00:28.795	processor:33730	tx	90 50 02 FF	reply		
2026-09-18T11:00:28.804	processor:33730	rx	81 09 04 33 FF	inquiry	Backlight	
2026-09-18T11:00:28.805	processor:33730	tx	90 50 03 FF	reply		
2026-09-18T11:00:28.814	processor:33730	rx	81 09 04 62 FF	inquiry	FreezeFrame	
2026-09-18T11:00:28.814	processor:33730	tx	90 50 02 FF	reply		
2026-09-18T11:00:28.823	processor:33730	rx	81 09 04 47 FF	inquiry	ZoomPosition	
2026-09-18T11:00:28.824	processor:33730	tx	90 50 01 0F 04 00 FF	reply		
2026-09-18T11:00:28.834	processor:33730	rx	81 09 06 12 FF	inquiry	PanTiltPosition	
2026-09-18T11:00:28.835	processor:33730	tx	90 50 00 03 0E 08 0F 0E 00 0C FF	reply		
2026-09-18T11:00:28.844	processor:33730	rx	81 09 06 12 FF	inquiry	PanTiltPosition	
2026-09-18T11:00:28.845	processor:33730	tx	90 50 00 03 0E 08 0F 0E 00 0C FF	reply		
2026-09-18T11:00:28.854	processor:33730	rx	81 C2 09 08 FF	inquiry	CameraOutput	
2026-09-18T11:00:28.855	processor:33730	tx	90 50 01 01 FF	reply		
2026-09-18T11:00:31.827	processor:33730	rx	81 09 04 00 FF	inquiry	Power	
2026-09-18T11:00:31.827	processor:33730	tx	90 50 02 FF	reply		
2026-09-18T11:00:31.844	processor:33730	rx	81 09 08 01 FF	inquiry	TrackingFraming	
2026-09-18T11:00:31.844	processor:33730	tx	90 50 02 FF	reply		
2026-09-18T11:00:31.855	processor:33730	rx	81 09 04 39 FF	inquiry	AutoExposure	
2026-09-18T11:00:31.855	processor:33730	tx	90 50 00 FF	reply		
2026-09-18T11:00:31.864	processor:33730	rx	81 09 04 35 FF	inquiry	WhiteBalance	
2026-09-18T11:00:31.865	processor:33730	tx	90 50 03 FF	reply		
2026-09-18T11:00:31.874	processor:33730	rx	81 09 04 38 FF	inquiry	AutoFocus	
2026-09-18T11:00:31.875	processor:33730	tx	90 50 02 FF	reply		
2026-09-18T11:00:31.885	processor:33730	rx	81 09 04 33 FF	inquiry	Backlight	
2026-09-18T11:00:31.885	processor:33730	tx	90 50 03 FF	reply		
2026-09-18T11:00:31.894	processor:33730	rx	81 09 04 62 FF	inquiry	FreezeFrame	
2026-09-18T11:00:31.894	processor:33730	tx	90 50 02 FF	reply		
2026-09-18T11:00:31.905	processor:33730	rx	81 09 04 47 FF	inquiry	ZoomPosition	
2026-09-18T11:00:31.906	processor:33730	tx	90 50 01 0F 04 00 FF	reply		
2026-09-18T11:00:31.915	processor:33730	rx	81 09 06 12 FF	inquiry	PanTiltPosition	
2026-09-18T11:00:31.916	processor:33730	tx	90 50 00 03 0E 08 0F 0E 00 0C FF	reply		
2026-09-18T11:00:31.925	processor:33730	rx	81 09 06 12 FF	inquiry	PanTiltPosition	
2026-09-18T11:00:31.925	processor:33730	tx	90 50 00 03 0E 08 0F 0E 00 0C FF	reply		
2026-09-18T11:00:31.935	processor:33730	rx	81 C2 09 08 FF	inquiry	CameraOutput	
2026-09-18T11:00:31.936	processor:33730	tx	90 50 01 01 FF	reply		
2026-09-18T11:00:34.895	processor:33730	rx	81 09 04 00 FF	inquiry	Power	
2026-09-18T11:00:34.895	processor:33730	tx	90 50 02 FF	reply		
2026-09-18T11:00:34.911	processor:33730	rx	81 09 08 01 FF	inquiry	TrackingFraming	
2026-09-18T11:00:34.912	processor:33730	tx	90 50 02 FF	reply		
2026-09-18T11:00:34.921	processor:33730	rx	81 09 04 39 FF	inquiry	AutoExposure	
2026-09-18T11:00:34.922	processor:33730	tx	90 50 00 FF	reply		
2026-09-18T11:00:34.930	processor:33730	rx	81 09 04 35 FF	inquiry	WhiteBalance	
2026-09-18T11:00:34.931	processor:33730	tx	90 50 03 FF	reply		
2026-09-18T11:00:34.940	processor:33730	rx	81 09 04 38 FF	inquiry	AutoFocus	
2026-09-18T11:00:34.940	processor:33730	tx	90 50 02 FF	reply		
2026-09-18T11:00:34.951	processor:33730	rx	81 09 04 33 FF	inquiry	Backlight	
2026-09-18T11:00:34.951	processor:33730	tx	90 50 03 FF	reply		
2026-09-18T11:00:34.965	processor:33730	rx	81 09 04 62 FF	inquiry	FreezeFrame	
2026-09-18T11:00:34.965	processor:33730	tx	90 50 02 FF	reply		
2026-09-18T11:00:34.983	processor:33730	rx	81 09 04 47 FF	inquiry	ZoomPosition	
2026-09-18T11:00:34.984	processor:33730	tx	90 50 01 0F 04 00 FF	reply		
2026-09-18T11:00:35.017	processor:33730	rx	81 09 06 12 FF	inquiry	PanTiltPosition	
2026-09-18T11:00:35.018	processor:33730	tx	90 50 00 03 0E 08 0F 0E 00 0C FF	reply		
2026-09-18T11:00:35.038	processor:33730	rx	81 09 06 12 FF	inquiry	PanTiltPosition	
2026-09-18T11:00:35.038	processor:33730	tx	90 50 00 03 0E 08 0F 0E 00 0C FF	reply		
2026-09-18T11:00:35.059	processor:33730	rx	81 C2 09 08 FF	inquiry	CameraOutput	
2026-09-18T11:00:35.059	processor:33730	tx	90 50 01 01 FF	reply		
2026-09-18T11:00:38.007	processor:33730	rx	81 09 04 00 FF	inquiry	Power	
2026-09-18T11:00:38.007	processor:33730	tx	90 50 02 FF	reply		
2026-09-18T11:00:38.023	processor:33730	rx	81 09 08 01 FF	inquiry	TrackingFraming	
2026-09-18T11:00:38.024	processor:33730	tx	90 50 02 FF	reply		
2026-09-18T11:00:38.033	processor:33730	rx	81 09 04 39 FF	inquiry	AutoExposure	
2026-09-18T11:00:38.033	processor:33730	tx	90 50 00 FF	reply		
2026-09-18T11:00:38.043	processor:33730	rx	81 09 04 35 FF	inquiry	WhiteBalance	
2026-09-18T11:00:38.043	processor:33730	tx	90 50 03 FF	reply		
2026-09-18T11:00:38.053	processor:33730	rx	81 09 04 38 FF	inquiry	AutoFocus	
2026-09-18T11:00:38.053	processor:33730	tx	90 50 02 FF	reply		
2026-09-18T11:00:38.062	processor:33730	rx	81 09 04 33 FF	inquiry	Backlight	
2026-09-18T11:00:38.062	processor:33730	tx	90 50 03 FF	reply		
2026-09-18T11:00:38.073	processor:33730	rx	81 09 04 62 FF	inquiry	FreezeFrame	
2026-09-18T11:00:38.073	processor:33730	tx	90 50 02 FF	reply		
2026-09-18T11:00:38.084	processor:33730	rx	81 09 04 47 FF	inquiry	ZoomPosition	
2026-09-18T11:00:38.084	processor:33730	tx	90 50 01 0F 04 00 FF	reply		
2026-09-18T11:00:38.095	processor:33730	rx	81 09 06 12 FF	inquiry	PanTiltPosition	
2026-09-18T11:00:38.096	processor:33730	tx	90 50 00 03 0E 08 0F 0E 00 0C FF	reply		
2026-09-18T11:00:38.107	processor:33730	rx	81 09 06 12 FF	inquiry	PanTiltPosition	
2026-09-18T11:00:38.107	processor:33730	tx	90 50 00 03 0E 08 0F 0E 00 0C FF	reply		
2026-09-18T11:00:38.118	processor:33730	rx	81 C2 09 08 FF	inquiry	CameraOutput	
2026-09-18T11:00:38.119	processor:33730	tx	90 50 01 01 FF	reply		
2026-09-18T11:00:41.138	processor:33730	rx	81 09 04 00 FF	inquiry	Power	
2026-09-18T11:00:41.139	processor:33730	tx	90 50 02 FF	reply		
2026-09-18T11:00:41.154	processor:33730	rx	81 09 08 01 FF	inquiry	TrackingFraming	
2026-09-18T11:00:41.154	processor:33730	tx	90 50 02 FF	reply		
2026-09-18T11:00:41.165	processor:33730	rx	81 09 04 39 FF	inquiry	AutoExposure	
2026-09-18T11:00:41.165	processor:33730	tx	90 50 00 FF	reply		
2026-09-18T11:00:41.174	processor:33730	rx	81 09 04 35 FF	inquiry	WhiteBalance	
2026-09-18T11:00:41.174	processor:33730	tx	90 50 03 FF	reply		
2026-09-18T11:00:41.184	processor:33730	rx	81 09 04 38 FF	inquiry	AutoFocus	
2026-09-18T11:00:41.185	processor:33730	tx	90 50 02 FF	reply		
2026-09-18T11:00:41.194	processor:33730	rx	81 09 04 33 FF	inquiry	Backlight	
2026-09-18T11:00:41.194	processor:33730	tx	90 50 03 FF	reply		
2026-09-18T11:00:41.203	processor:33730	rx	81 09 04 62 FF	inquiry	FreezeFrame	
2026-09-18T11:00:41.204	processor:33730	tx	90 50 02 FF	reply		
2026-09-18T11:00:41.215	processor:33730	rx	81 09 04 47 FF	inquiry	ZoomPosition	
2026-09-18T11:00:41.215	processor:33730	tx	90 50 01 0F 04 00 FF	reply		
2026-09-18T11:00:41.225	processor:33730	rx	81 09 06 12 FF	inquiry	PanTiltPosition	
2026-09-18T11:00:41.225	processor:33730	tx	90 50 00 03 0E 08 0F 0E 00 0C FF	reply		
2026-09-18T11:00:41.236	processor:33730	rx	81 09 06 12 FF	inquiry	PanTiltPosition	
2026-09-18T11:00:41.236	processor:33730	tx	90 50 00 03 0E 08 0F 0E 00 0C FF	reply		
2026-09-18T11:00:41.246	processor:33730	rx	81 C2 09 08 FF	inquiry	CameraOutput	
2026-09-18T11:00:41.246	processor:33730	tx	90 50 01 01 FF	reply		
2026-09-18T11:00:44.228	processor:33730	rx	81 09 04 00 FF	inquiry	Power	
2026-09-18T11:00:44.229	processor:33730	tx	90 50 02 FF	reply		
2026-09-18T11:00:44.244	processor:33730	rx	81 09 08 01 FF	inquiry	TrackingFraming	
2026-09-18T11:00:44.245	processor:33730	tx	90 50 02 FF	reply		
2026-09-18T11:00:44.256	processor:33730	rx	81 09 04 39 FF	inquiry	AutoExposure	
2026-09-18T11:00:44.256	processor:33730	tx	90 50 00 FF	reply		
2026-09-18T11:00:44.265	processor:33730	rx	81 09 04 35 FF	inquiry	WhiteBalance	
2026-09-18T11:00:44.266	processor:33730	tx	90 50 03 FF	reply		
2026-09-18T11:00:44.275	processor:33730	rx	81 09 04 38 FF	inquiry	AutoFocus	
2026-09-18T11:00:44.275	processor:33730	tx	90 50 02 FF	reply		
2026-09-18T11:00:44.284	processor:33730	rx	81 09 04 33 FF	inquiry	Backlight	
2026-09-18T11:00:44.286	processor:33730	tx	90 50 03 FF	reply		
2026-09-18T11:00:44.294	processor:33730	rx	81 09 04 62 FF	inquiry	FreezeFrame	
2026-09-18T11:00:44.295	processor:33730	tx	90 50 02 FF	reply		
2026-09-18T11:00:44.305	processor:33730	rx	81 09 04 47 FF	inquiry	ZoomPosition	
2026-09-18T11:00:44.305	processor:33730	tx	90 50 01 0F 04 00 FF	reply		
2026-09-18T11:00:44.315	processor:33730	rx	81 09 06 12 FF	inquiry	PanTiltPosition	
2026-09-18T11:00:44.316	processor:33730	tx	90 50 00 03 0E 08 0F 0E 00 0C FF	reply		
2026-09-18T11:00:44.326	processor:33730	rx	81 09 06 12 FF	inquiry	PanTiltPosition	
2026-09-18T11:00:44.326	processor:33730	tx	90 50 00 03 0E 08 0F 0E 00 0C FF	reply		
2026-09-18T11:00:44.338	processor:33730	rx	81 C2 09 08 FF	inquiry	CameraOutput	
2026-09-18T11:00:44.338	processor:33730	tx	90 50 01 01 FF	reply		
2026-09-18T11:00:47.308	processor:33730	rx	81 09 04 00 FF	inquiry	Power	
2026-09-18T11:00:47.308	processor:33730	tx	90 50 02 FF	reply		
2026-09-18T11:00:47.323	processor:33730	rx	81 09 08 01 FF	inquiry	TrackingFraming	
2026-09-18T11:00:47.323	processor:33730	tx	90 50 02 FF	reply		
2026-09-18T11:00:47.334	processor:33730	rx	81 09 04 39 FF	inquiry	AutoExposure	
2026-09-18T11:00:47.335	processor:33730	tx	90 50 00 FF	reply		
2026-09-18T11:00:47.346	processor:33730	rx	81 09 04 35 FF	inquiry	WhiteBalance	
2026-09-18T11:00:47.346	processor:33730	tx	90 50 03 FF	reply		
2026-09-18T11:00:47.357	processor:33730	rx	81 09 04 38 FF	inquiry	AutoFocus	
2026-09-18T11:00:47.357	processor:33730	tx	90 50 02 FF	reply		
2026-09-18T11:00:47.366	processor:33730	rx	81 09 04 33 FF	inquiry	Backlight	
2026-09-18T11:00:47.366	processor:33730	tx	90 50 03 FF	reply		
2026-09-18T11:00:47.376	processor:33730	rx	81 09 04 62 FF	inquiry	FreezeFrame	
2026-09-18T11:00:47.376	processor:33730	tx	90 50 02 FF	reply		
2026-09-18T11:00:47.385	processor:33730	rx	81 09 04 47 FF	inquiry	ZoomPosition	
2026-09-18T11:00:47.385	processor:33730	tx	90 50 01 0F 04 00 FF	reply		
2026-09-18T11:00:47.396	processor:33730	rx	81 09 06 12 FF	inquiry	PanTiltPosition	
2026-09-18T11:00:47.396	processor:33730	tx	90 50 00 03 0E 08 0F 0E 00 0C FF	reply		
2026-09-18T11:00:47.407	processor:33730	rx	81 09 06 12 FF	inquiry	PanTiltPosition	
2026-09-18T11:00:47.407	processor:33730	tx	90 50 00 03 0E 08 0F 0E 00 0C FF	reply		
2026-09-18T11:00:47.416	processor:33730	rx	81 C2 09 08 FF	inquiry	CameraOutput	
2026-09-18T11:00:47.417	processor:33730	tx	90 50 01 01 FF	reply		
2026-09-18T11:00:50.386	processor:33730	rx	81 09 04 00 FF	inquiry	Power	
2026-09-18T11:00:50.386	processor:33730	tx	90 50 02 FF	reply		
2026-09-18T11:00:50.401	processor:33730	rx	81 09 08 01 FF	inquiry	TrackingFraming	
2026-09-18T11:00:50.401	processor:33730	tx	90 50 02 FF	reply		
2026-09-18T11:00:50.412	processor:33730	rx	81 09 04 39 FF	inquiry	AutoExposure	
2026-09-18T11:00:50.413	processor:33730	tx	90 50 00 FF	reply		
2026-09-18T11:00:50.423	processor:33730	rx	81 09 04 35 FF	inquiry	WhiteBalance	
2026-09-18T11:00:50.423	processor:33730	tx	90 50 03 FF	reply		
2026-09-18T11:00:50.435	processor:33730	rx	81 09 04 38 FF	inquiry	AutoFocus	
2026-09-18T11:00:50.436	processor:33730	tx	90 50 02 FF	reply		
2026-09-18T11:00:50.447	processor:33730	rx	81 09 04 33 FF	inquiry	Backlight	
2026-09-18T11:00:50.447	processor:33730	tx	90 50 03 FF	reply		
2026-09-18T11:00:50.457	processor:33730	rx	81 09 04 62 FF	inquiry	FreezeFrame	
2026-09-18T11:00:50.458	processor:33730	tx	90 50 02 FF	reply		
2026-09-18T11:00:50.468	processor:33730	rx	81 09 04 47 FF	inquiry	ZoomPosition	
2026-09-18T11:00:50.468	processor:33730	tx	90 50 01 0F 04 00 FF	reply		
2026-09-18T11:00:50.477	processor:33730	rx	81 09 06 12 FF	inquiry	PanTiltPosition	
2026-09-18T11:00:50.477	processor:33730	tx	90 50 00 03 0E 08 0F 0E 00 0C FF	reply		
2026-09-18T11:00:50.487	processor:33730	rx	81 09 06 12 FF	inquiry	PanTiltPosition	
2026-09-18T11:00:50.487	processor:33730	tx	90 50 00 03 0E 08 0F 0E 00 0C FF	reply		
2026-09-18T11:00:50.497	processor:33730	rx	81 C2 09 08 FF	inquiry	CameraOutput	
2026-09-18T11:00:50.498	processor:33730	tx	90 50 01 01 FF	reply		
2026-09-18T11:00:53.472	processor:33730	rx	81 09 04 00 FF	inquiry	Power	
2026-09-18T11:00:53.473	processor:33730	tx	90 50 02 FF	reply		
2026-09-18T11:00:53.489	processor:33730	rx	81 09 08 01 FF	inquiry	TrackingFraming	
2026-09-18T11:00:53.489	processor:33730	tx	90 50 02 FF	reply		
2026-09-18T11:00:53.498	processor:33730	rx	81 09 04 39 FF	inquiry	AutoExposure	
2026-09-18T11:00:53.498	processor:33730	tx	90 50 00 FF	reply		
2026-09-18T11:00:53.507	processor:33730	rx	81 09 04 35 FF	inquiry	WhiteBalance	
2026-09-18T11:00:53.508	processor:33730	tx	90 50 03 FF	reply		
2026-09-18T11:00:53.519	processor:33730	rx	81 09 04 38 FF	inquiry	AutoFocus	
2026-09-18T11:00:53.519	processor:33730	tx	90 50 02 FF	reply		
2026-09-18T11:00:53.528	processor:33730	rx	81 09 04 33 FF	inquiry	Backlight	
2026-09-18T11:00:53.528	processor:33730	tx	90 50 03 FF	reply		
2026-09-18T11:00:53.539	processor:33730	rx	81 09 04 62 FF	inquiry	FreezeFrame	
2026-09-18T11:00:53.539	processor:33730	tx	90 50 02 FF	reply		
2026-09-18T11:00:53.549	processor:33730	rx	81 09 04 47 FF	inquiry	ZoomPosition	
2026-09-18T11:00:53.549	processor:33730	tx	90 50 01 0F 04 00 FF	reply		
2026-09-18T11:00:53.568	processor:33730	rx	81 09 06 12 FF	inquiry	PanTiltPosition	
2026-09-18T11:00:53.569	processor:33730	tx	90 50 00 03 0E 08 0F 0E 00 0C FF	reply		
2026-09-18T11:00:53.608	processor:33730	rx	81 09 06 12 FF	inquiry	PanTiltPosition	
2026-09-18T11:00:53.610	processor:33730	tx	90 50 00 03 0E 08 0F 0E 00 0C FF	reply		
2026-09-18T11:00:53.630	processor:33730	rx	81 C2 09 08 FF	inquiry	CameraOutput	
2026-09-18T11:00:53.631	processor:33730	tx	90 50 01 01 FF	reply		
2026-09-18T11:00:56.611	processor:33730	rx	81 09 04 00 FF	inquiry	Power	
2026-09-18T11:00:56.611	processor:33730	tx	90 50 02 FF	reply		
2026-09-18T11:00:56.626	processor:33730	rx	81 09 08 01 FF	inquiry	TrackingFraming	
2026-09-18T11:00:56.627	processor:33730	tx	90 50 02 FF	reply		
2026-09-18T11:00:56.638	processor:33730	rx	81 09 04 39 FF	inquiry	AutoExposure	
2026-09-18T11:00:56.638	processor:33730	tx	90 50 00 FF	reply		
2026-09-18T11:00:56.648	processor:33730	rx	81 09 04 35 FF	inquiry	WhiteBalance	
2026-09-18T11:00:56.649	processor:33730	tx	90 50 03 FF	reply		
2026-09-18T11:00:56.657	processor:33730	rx	81 09 04 38 FF	inquiry	AutoFocus	
2026-09-18T11:00:56.657	processor:33730	tx	90 50 02 FF	reply		
2026-09-18T11:00:56.667	processor:33730	rx	81 09 04 33 FF	inquiry	Backlight	
2026-09-18T11:00:56.667	processor:33730	tx	90 50 03 FF	reply		
2026-09-18T11:00:56.678	processor:33730	rx	81 09 04 62 FF	inquiry	FreezeFrame	
2026-09-18T11:00:56.678	processor:33730	tx	90 50 02 FF	reply		
2026-09-18T11:00:56.689	processor:33730	rx	81 09 04 47 FF	inquiry	ZoomPosition	
2026-09-18T11:00:56.689	processor:33730	tx	90 50 01 0F 04 00 FF	reply		
2026-09-18T11:00:56.700	processor:33730	rx	81 09 06 12 FF	inquiry	PanTiltPosition	
2026-09-18T11:00:56.701	processor:33730	tx	90 50 00 03 0E 08 0F 0E 00 0C FF	reply		
2026-09-18T11:00:56.710	processor:33730	rx	81 09 06 12 FF	inquiry	PanTiltPosition	
2026-09-18T11:00:56.711	processor:33730	tx	90 50 00 03 0E 08 0F 0E 00 0C FF	reply		
2026-09-18T11:00:56.719	processor:33730	rx	81 C2 09 08 FF	inquiry	CameraOutput	
2026-09-18T11:00:56.720	processor:33730	tx	90 50 01 01 FF	reply		
2026-09-18T11:00:59.700	processor:33730	rx	81 09 04 00 FF	inquiry	Power	
2026-09-18T11:00:59.700	processor:33730	tx	90 50 02 FF	reply		
2026-09-18T11:00:59.717	processor:33730	rx	81 09 08 01 FF	inquiry	TrackingFraming	
2026-09-18T11:00:59.717	processor:33730	tx	90 50 02 FF	reply		
2026-09-18T11:00:59.728	processor:33730	rx	81 09 04 39 FF	inquiry	AutoExposure	
2026-09-18T11:00:59.729	processor:33730	tx	90 50 00 FF	reply		
2026-09-18T11:00:59.745	processor:33730	rx	81 09 04 35 FF	inquiry	WhiteBalance	
2026-09-18T11:00:59.746	processor:33730	tx	90 50 03 FF	reply		
2026-09-18T11:00:59.780	processor:33730	rx	81 09 04 38 FF	inquiry	AutoFocus	
2026-09-18T11:00:59.780	processor:33730	tx	90 50 02 FF	reply		
2026-09-18T11:00:59.797	processor:33730	rx	81 09 04 33 FF	inquiry	Backlight	
2026-09-18T11:00:59.797	processor:33730	tx	90 50 03 FF	reply		
2026-09-18T11:00:59.814	processor:33730	rx	81 09 04 62 FF	inquiry	FreezeFrame	
2026-09-18T11:00:59.815	processor:33730	tx	90 50 02 FF	reply		
2026-09-18T11:00:59.838	processor:33730	rx	81 09 04 47 FF	inquiry	ZoomPosition	
2026-09-18T11:00:59.840	processor:33730	tx	90 50 01 0F 04 00 FF	reply		
2026-09-18T11:00:59.858	processor:33730	rx	81 09 06 12 FF	inquiry	PanTiltPosition	
2026-09-18T11:00:59.858	processor:33730	tx	90 50 00 03 0E 08 0F 0E 00 0C FF	reply		
2026-09-18T11:00:59.872	processor:33730	rx	81 09 06 12 FF	inquiry	PanTiltPosition	
2026-09-18T11:00:59.873	processor:33730	tx	90 50 00 03 0E 08 0F 0E 00 0C FF	reply		
2026-09-18T11:00:59.883	processor:33730	rx	81 C2 09 08 FF	inquiry	CameraOutput	
2026-09-18T11:00:59.883	processor:33730	tx	90 50 01 01 FF	reply		
2026-09-18T11:01:02.835	processor:33730	rx	81 09 04 00 FF	inquiry	Power	
2026-09-18T11:01:02.835	processor:33730	tx	90 50 02 FF	reply		
2026-09-18T11:01:02.851	processor:33730	rx	81 09 08 01 FF	inquiry	TrackingFraming	
2026-09-18T11:01:02.851	processor:33730	tx	90 50 02 FF	reply		
2026-09-18T11:01:02.862	processor:33730	rx	81 09 04 39 FF	inquiry	AutoExposure	
2026-09-18T11:01:02.862	processor:33730	tx	90 50 00 FF	reply		
2026-09-18T11:01:02.871	processor:33730	rx	81 09 04 35 FF	inquiry	WhiteBalance	
2026-09-18T11:01:02.871	processor:33730	tx	90 50 03 FF	reply		
2026-09-18T11:01:02.881	processor:33730	rx	81 09 04 38 FF	inquiry	AutoFocus	
2026-09-18T11:01:02.881	processor:33730	tx	90 50 02 FF	reply		
2026-09-18T11:01:02.891	processor:33730	rx	81 09 04 33 FF	inquiry	Backlight	
2026-09-18T11:01:02.892	processor:33730	tx	90 50 03 FF	reply		
2026-09-18T11:01:02.902	processor:33730	rx	81 09 04 62 FF	inquiry	FreezeFrame	
2026-09-18T11:01:02.903	processor:33730	tx	90 50 02 FF	reply		
2026-09-18T11:01:02.911	processor:33730	rx	81 09 04 47 FF	inquiry	ZoomPosition	
2026-09-18T11:01:02.913	processor:33730	tx	90 50 01 0F 04 00 FF	reply		
2026-09-18T11:01:02.923	processor:33730	rx	81 09 06 12 FF	inquiry	PanTiltPosition	
2026-09-18T11:01:02.923	processor:33730	tx	90 50 00 03 0E 08 0F 0E 00 0C FF	reply		
2026-09-18T11:01:02.933	processor:33730	rx	81 09 06 12 FF	inquiry	PanTiltPosition	
2026-09-18T11:01:02.934	processor:33730	tx	90 50 00 03 0E 08 0F 0E 00 0C FF	reply		
2026-09-18T11:01:02.943	processor:33730	rx	81 C2 09 08 FF	inquiry	CameraOutput	
2026-09-18T11:01:02.943	processor:33730	tx	90 50 01 01 FF	reply		
2026-09-18T11:01:05.914	processor:33730	rx	81 09 04 00 FF	inquiry	Power	
2026-09-18T11:01:05.915	processor:33730	tx	90 50 02 FF	reply		
2026-09-18T11:01:05.933	processor:33730	rx	81 09 08 01 FF	inquiry	TrackingFraming	
2026-09-18T11:01:05.934	processor:33730	tx	90 50 02 FF	reply		
2026-09-18T11:01:05.943	processor:33730	rx	81 09 04 39 FF	inquiry	AutoExposure	
2026-09-18T11:01:05.944	processor:33730	tx	90 50 00 FF	reply		
2026-09-18T11:01:05.956	processor:33730	rx	81 09 04 35 FF	inquiry	WhiteBalance	
2026-09-18T11:01:05.956	processor:33730	tx	90 50 03 FF	reply		
2026-09-18T11:01:05.965	processor:33730	rx	81 09 04 38 FF	inquiry	AutoFocus	
2026-09-18T11:01:05.965	processor:33730	tx	90 50 02 FF	reply		
2026-09-18T11:01:05.976	processor:33730	rx	81 09 04 33 FF	inquiry	Backlight	
2026-09-18T11:01:05.976	processor:33730	tx	90 50 03 FF	reply		
2026-09-18T11:01:05.985	processor:33730	rx	81 09 04 62 FF	inquiry	FreezeFrame	
2026-09-18T11:01:05.985	processor:33730	tx	90 50 02 FF	reply		
2026-09-18T11:01:05.995	processor:33730	rx	81 09 04 47 FF	inquiry	ZoomPosition	
2026-09-18T11:01:05.996	processor:33730	tx	90 50 01 0F 04 00 FF	reply		
2026-09-18T11:01:06.005	processor:33730	rx	81 09 06 12 FF	inquiry	PanTiltPosition	
2026-09-18T11:01:06.005	processor:33730	tx	90 50 00 03 0E 08 0F 0E 00 0C FF	reply		
2026-09-18T11:01:06.016	processor:33730	rx	81 09 06 12 FF	inquiry	PanTiltPosition	
2026-09-18T11:01:06.016	processor:33730	tx	90 50 00 03 0E 08 0F 0E 00 0C FF	reply		
2026-09-18T11:01:06.026	processor:33730	rx	81 C2 09 08 FF	inquiry	CameraOutput	
2026-09-18T11:01:06.026	processor:33730	tx	90 50 01 01 FF	reply		
2026-09-18T11:01:09.039	processor:33730	rx	81 09 04 00 FF	inquiry	Power	
2026-09-18T11:01:09.039	processor:33730	tx	90 50 02 FF	reply		
2026-09-18T11:01:09.055	processor:33730	rx	81 09 08 01 FF	inquiry	TrackingFraming	
2026-09-18T11:01:09.055	processor:33730	tx	90 50 02 FF	reply		
2026-09-18T11:01:09.064	processor:33730	rx	81 09 04 39 FF	inquiry	AutoExposure	
2026-09-18T11:01:09.065	processor:33730	tx	90 50 00 FF	reply		
2026-09-18T11:01:09.076	processor:33730	rx	81 09 04 35 FF	inquiry	WhiteBalance	
2026-09-18T11:01:09.077	processor:33730	tx	90 50 03 FF	reply		
2026-09-18T11:01:09.085	processor:33730	rx	81 09 04 38 FF	inquiry	AutoFocus	
2026-09-18T11:01:09.086	processor:33730	tx	90 50 02 FF	reply		
2026-09-18T11:01:09.095	processor:33730	rx	81 09 04 33 FF	inquiry	Backlight	
2026-09-18T11:01:09.095	processor:33730	tx	90 50 03 FF	reply		
2026-09-18T11:01:09.105	processor:33730	rx	81 09 04 62 FF	inquiry	FreezeFrame	
2026-09-18T11:01:09.106	processor:33730	tx	90 50 02 FF	reply		
2026-09-18T11:01:09.116	processor:33730	rx	81 09 04 47 FF	inquiry	ZoomPosition	
2026-09-18T11:01:09.117	processor:33730	tx	90 50 01 0F 04 00 FF	reply		
2026-09-18T11:01:09.130	processor:33730	rx	81 09 06 12 FF	inquiry	PanTiltPosition	
2026-09-18T11:01:09.130	processor:33730	tx	90 50 00 03 0E 08 0F 0E 00 0C FF	reply		
2026-09-18T11:01:09.140	processor:33730	rx	81 09 06 12 FF	inquiry	PanTiltPosition	
2026-09-18T11:01:09.140	processor:33730	tx	90 50 00 03 0E 08 0F 0E 00 0C FF	reply		
2026-09-18T11:01:09.149	processor:33730	rx	81 C2 09 08 FF	inquiry	CameraOutput	
2026-09-18T11:01:09.149	processor:33730	tx	90 50 01 01 FF	reply		
2026-09-18T11:01:12.117	processor:33730	rx	81 09 04 00 FF	inquiry	Power	
2026-09-18T11:01:12.117	processor:33730	tx	90 50 02 FF	reply		
2026-09-18T11:01:12.137	processor:33730	rx	81 09 08 01 FF	inquiry	TrackingFraming	
2026-09-18T11:01:12.137	processor:33730	tx	90 50 02 FF	reply		
2026-09-18T11:01:12.155	processor:33730	rx	81 09 04 39 FF	inquiry	AutoExposure	
2026-09-18T11:01:12.155	processor:33730	tx	90 50 00 FF	reply		
2026-09-18T11:01:12.165	processor:33730	rx	81 09 04 35 FF	inquiry	WhiteBalance	
2026-09-18T11:01:12.165	processor:33730	tx	90 50 03 FF	reply		
2026-09-18T11:01:12.176	processor:33730	rx	81 09 04 38 FF	inquiry	AutoFocus	
2026-09-18T11:01:12.176	processor:33730	tx	90 50 02 FF	reply		
2026-09-18T11:01:12.186	processor:33730	rx	81 09 04 33 FF	inquiry	Backlight	
2026-09-18T11:01:12.186	processor:33730	tx	90 50 03 FF	reply		
2026-09-18T11:01:12.198	processor:33730	rx	81 09 04 62 FF	inquiry	FreezeFrame	
2026-09-18T11:01:12.199	processor:33730	tx	90 50 02 FF	reply		
2026-09-18T11:01:12.207	processor:33730	rx	81 09 04 47 FF	inquiry	ZoomPosition	
2026-09-18T11:01:12.208	processor:33730	tx	90 50 01 0F 04 00 FF	reply		
2026-09-18T11:01:12.217	processor:33730	rx	81 09 06 12 FF	inquiry	PanTiltPosition	
2026-09-18T11:01:12.217	processor:33730	tx	90 50 00 03 0E 08 0F 0E 00 0C FF	reply		
2026-09-18T11:01:12.227	processor:33730	rx	81 09 06 12 FF	inquiry	PanTiltPosition	
2026-09-18T11:01:12.227	processor:33730	tx	90 50 00 03 0E 08 0F 0E 00 0C FF	reply		
2026-09-18T11:01:12.237	processor:33730	rx	81 C2 09 08 FF	inquiry	CameraOutput	
2026-09-18T11:01:12.237	processor:33730	tx	90 50 01 01 FF	reply		
2026-09-18T11:01:15.217	processor:33730	rx	81 09 04 00 FF	inquiry	Power	
2026-09-18T11:01:15.217	processor:33730	tx	90 50 02 FF	reply		
2026-09-18T11:01:15.227	processor:33730	rx	81 09 08 01 FF	inquiry	TrackingFraming	
2026-09-18T11:01:15.227	processor:33730	tx	90 50 02 FF	reply		
2026-09-18T11:01:15.238	processor:33730	rx	81 09 04 39 FF	inquiry	AutoExposure	
2026-09-18T11:01:15.238	processor:33730	tx	90 50 00 FF	reply		
2026-09-18T11:01:15.249	processor:33730	rx	81 09 04 35 FF	inquiry	WhiteBalance	
2026-09-18T11:01:15.251	processor:33730	tx	90 50 03 FF	reply		
2026-09-18T11:01:15.260	processor:33730	rx	81 09 04 38 FF	inquiry	AutoFocus	
2026-09-18T11:01:15.260	processor:33730	tx	90 50 02 FF	reply		
2026-09-18T11:01:15.270	processor:33730	rx	81 09 04 33 FF	inquiry	Backlight	
2026-09-18T11:01:15.270	processor:33730	tx	90 50 03 FF	reply		
2026-09-18T11:01:15.280	processor:33730	rx	81 09 04 62 FF	inquiry	FreezeFrame	
2026-09-18T11:01:15.280	processor:33730	tx	90 50 02 FF	reply		
2026-09-18T11:01:15.291	processor:33730	rx	81 09 04 47 FF	inquiry	ZoomPosition	
2026-09-18T11:01:15.291	processor:33730	tx	90 50 01 0F 04 00 FF	reply		
2026-09-18T11:01:15.300	processor:33730	rx	81 09 06 12 FF	inquiry	PanTiltPosition	
2026-09-18T11:01:15.301	processor:33730	tx	90 50 00 03 0E 08 0F 0E 00 0C FF	reply		
2026-09-18T11:01:15.312	processor:33730	rx	81 09 06 12 FF	inquiry	PanTiltPosition	
2026-09-18T11:01:15.312	processor:33730	tx	90 50 00 03 0E 08 0F 0E 00 0C FF	reply		
2026-09-18T11:01:15.322	processor:33730	rx	81 C2 09 08 FF	inquiry	CameraOutput	
2026-09-18T11:01:15.323	processor:33730	tx	90 50 01 01 FF	reply		
2026-09-18T11:01:18.288	processor:33730	rx	81 09 04 00 FF	inquiry	Power	
2026-09-18T11:01:18.288	processor:33730	tx	90 50 02 FF	reply		
2026-09-18T11:01:18.303	processor:33730	rx	81 09 08 01 FF	inquiry	TrackingFraming	
2026-09-18T11:01:18.303	processor:33730	tx	90 50 02 FF	reply		
2026-09-18T11:01:18.314	processor:33730	rx	81 09 04 39 FF	inquiry	AutoExposure	
2026-09-18T11:01:18.314	processor:33730	tx	90 50 00 FF	reply		
2026-09-18T11:01:18.324	processor:33730	rx	81 09 04 35 FF	inquiry	WhiteBalance	
2026-09-18T11:01:18.324	processor:33730	tx	90 50 03 FF	reply		
2026-09-18T11:01:18.333	processor:33730	rx	81 09 04 38 FF	inquiry	AutoFocus	
2026-09-18T11:01:18.334	processor:33730	tx	90 50 02 FF	reply		
2026-09-18T11:01:18.343	processor:33730	rx	81 09 04 33 FF	inquiry	Backlight	
2026-09-18T11:01:18.343	processor:33730	tx	90 50 03 FF	reply		
2026-09-18T11:01:18.353	processor:33730	rx	81 09 04 62 FF	inquiry	FreezeFrame	
2026-09-18T11:01:18.353	processor:33730	tx	90 50 02 FF	reply		
2026-09-18T11:01:18.365	processor:33730	rx	81 09 04 47 FF	inquiry	ZoomPosition	
2026-09-18T11:01:18.365	processor:33730	tx	90 50 01 0F 04 00 FF	reply		
2026-09-18T11:01:18.375	processor:33730	rx	81 09 06 12 FF	inquiry	PanTiltPosition	
2026-09-18T11:01:18.375	processor:33730	tx	90 50 00 03 0E 08 0F 0E 00 0C FF	reply		
2026-09-18T11:01:18.384	processor:33730	rx	81 09 06 12 FF	inquiry	PanTiltPosition	
2026-09-18T11:01:18.384	processor:33730	tx	90 50 00 03 0E 08 0F 0E 00 0C FF	reply		
2026-09-18T11:01:18.395	processor:33730	rx	81 C2 09 08 FF	inquiry	CameraOutput	
2026-09-18T11:01:18.395	processor:33730	tx	90 50 01 01 FF	reply		
2026-09-18T11:01:21.370	processor:33730	rx	81 09 04 00 FF	inquiry	Power	
2026-09-18T11:01:21.371	processor:33730	tx	90 50 02 FF	reply		
2026-09-18T11:01:21.386	processor:33730	rx	81 09 08 01 FF	inquiry	TrackingFraming	
2026-09-18T11:01:21.386	processor:33730	tx	90 50 02 FF	reply		
2026-09-18T11:01:21.397	processor:33730	rx	81 09 04 39 FF	inquiry	AutoExposure	
2026-09-18T11:01:21.398	processor:33730	tx	90 50 00 FF	reply		
2026-09-18T11:01:21.410	processor:33730	rx	81 09 04 35 FF	inquiry	WhiteBalance	
2026-09-18T11:01:21.411	processor:33730	tx	90 50 03 FF	reply		
2026-09-18T11:01:21.420	processor:33730	rx	81 09 04 38 FF	inquiry	AutoFocus	
2026-09-18T11:01:21.422	processor:33730	tx	90 50 02 FF	reply		
2026-09-18T11:01:21.431	processor:33730	rx	81 09 04 33 FF	inquiry	Backlight	
2026-09-18T11:01:21.431	processor:33730	tx	90 50 03 FF	reply		
2026-09-18T11:01:21.441	processor:33730	rx	81 09 04 62 FF	inquiry	FreezeFrame	
2026-09-18T11:01:21.441	processor:33730	tx	90 50 02 FF	reply		
2026-09-18T11:01:21.452	processor:33730	rx	81 09 04 47 FF	inquiry	ZoomPosition	
2026-09-18T11:01:21.452	processor:33730	tx	90 50 01 0F 04 00 FF	reply		
2026-09-18T11:01:21.464	processor:33730	rx	81 09 06 12 FF	inquiry	PanTiltPosition	
2026-09-18T11:01:21.464	processor:33730	tx	90 50 00 03 0E 08 0F 0E 00 0C FF	reply		
2026-09-18T11:01:21.473	processor:33730	rx	81 09 06 12 FF	inquiry	PanTiltPosition	
2026-09-18T11:01:21.474	processor:33730	tx	90 50 00 03 0E 08 0F 0E 00 0C FF	reply		
2026-09-18T11:01:21.484	processor:33730	rx	81 C2 09 08 FF	inquiry	CameraOutput	
2026-09-18T11:01:21.484	processor:33730	tx	90 50 01 01 FF	reply		
2026-09-18T11:01:24.503	processor:33730	rx	81 09 04 00 FF	inquiry	Power	
2026-09-18T11:01:24.503	processor:33730	tx	90 50 02 FF	reply		
2026-09-18T11:01:24.519	processor:33730	rx	81 09 08 01 FF	inquiry	TrackingFraming	
2026-09-18T11:01:24.520	processor:33730	tx	90 50 02 FF	reply		
2026-09-18T11:01:24.529	processor:33730	rx	81 09 04 39 FF	inquiry	AutoExposure	
2026-09-18T11:01:24.529	processor:33730	tx	90 50 00 FF	reply		
2026-09-18T11:01:24.539	processor:33730	rx	81 09 04 35 FF	inquiry	WhiteBalance	
2026-09-18T11:01:24.539	processor:33730	tx	90 50 03 FF	reply		
2026-09-18T11:01:24.549	processor:33730	rx	81 09 04 38 FF	inquiry	AutoFocus	
2026-09-18T11:01:24.549	processor:33730	tx	90 50 02 FF	reply		
2026-09-18T11:01:24.561	processor:33730	rx	81 09 04 33 FF	inquiry	Backlight	
2026-09-18T11:01:24.561	processor:33730	tx	90 50 03 FF	reply		
2026-09-18T11:01:24.571	processor:33730	rx	81 09 04 62 FF	inquiry	FreezeFrame	
2026-09-18T11:01:24.571	processor:33730	tx	90 50 02 FF	reply		
2026-09-18T11:01:24.580	processor:33730	rx	81 09 04 47 FF	inquiry	ZoomPosition	
2026-09-18T11:01:24.581	processor:33730	tx	90 50 01 0F 04 00 FF	reply		
2026-09-18T11:01:24.592	processor:33730	rx	81 09 06 12 FF	inquiry	PanTiltPosition	
2026-09-18T11:01:24.592	processor:33730	tx	90 50 00 03 0E 08 0F 0E 00 0C FF	reply		
2026-09-18T11:01:24.602	processor:33730	rx	81 09 06 12 FF	inquiry	PanTiltPosition	
2026-09-18T11:01:24.602	processor:33730	tx	90 50 00 03 0E 08 0F 0E 00 0C FF	reply		
2026-09-18T11:01:24.613	processor:33730	rx	81 C2 09 08 FF	inquiry	CameraOutput	
2026-09-18T11:01:24.613	processor:33730	tx	90 50 01 01 FF	reply		
2026-09-18T11:01:27.606	processor:33730	rx	81 09 04 00 FF	inquiry	Power	
2026-09-18T11:01:27.607	processor:33730	tx	90 50 02 FF	reply		
2026-09-18T11:01:27.627	processor:33730	rx	81 09 08 01 FF	inquiry	TrackingFraming	
2026-09-18T11:01:27.627	processor:33730	tx	90 50 02 FF	reply		
2026-09-18T11:01:27.648	processor:33730	rx	81 09 04 39 FF	inquiry	AutoExposure	
2026-09-18T11:01:27.648	processor:33730	tx	90 50 00 FF	reply		
2026-09-18T11:01:27.691	processor:33730	rx	81 09 04 35 FF	inquiry	WhiteBalance	
2026-09-18T11:01:27.691	processor:33730	tx	90 50 03 FF	reply		
2026-09-18T11:01:27.707	processor:33730	rx	81 09 04 38 FF	inquiry	AutoFocus	
2026-09-18T11:01:27.707	processor:33730	tx	90 50 02 FF	reply		
2026-09-18T11:01:27.732	processor:33730	rx	81 09 04 33 FF	inquiry	Backlight	
2026-09-18T11:01:27.733	processor:33730	tx	90 50 03 FF	reply		
2026-09-18T11:01:27.753	processor:33730	rx	81 09 04 62 FF	inquiry	FreezeFrame	
2026-09-18T11:01:27.754	processor:33730	tx	90 50 02 FF	reply		
2026-09-18T11:01:27.764	processor:33730	rx	81 09 04 47 FF	inquiry	ZoomPosition	
2026-09-18T11:01:27.764	processor:33730	tx	90 50 01 0F 04 00 FF	reply		
2026-09-18T11:01:27.774	processor:33730	rx	81 09 06 12 FF	inquiry	PanTiltPosition	
2026-09-18T11:01:27.775	processor:33730	tx	90 50 00 03 0E 08 0F 0E 00 0C FF	reply		
2026-09-18T11:01:27.784	processor:33730	rx	81 09 06 12 FF	inquiry	PanTiltPosition	
2026-09-18T11:01:27.784	processor:33730	tx	90 50 00 03 0E 08 0F 0E 00 0C FF	reply		
2026-09-18T11:01:27.795	processor:33730	rx	81 C2 09 08 FF	inquiry	CameraOutput	
2026-09-18T11:01:27.795	processor:33730	tx	90 50 01 01 FF	reply		
2026-09-18T11:01:30.731	processor:33730	rx	81 09 04 00 FF	inquiry	Power	
2026-09-18T11:01:30.731	processor:33730	tx	90 50 02 FF	reply		
2026-09-18T11:01:30.756	processor:33730	rx	81 09 08 01 FF	inquiry	TrackingFraming	
2026-09-18T11:01:30.757	processor:33730	tx	90 50 02 FF	reply		
2026-09-18T11:01:30.767	processor:33730	rx	81 09 04 39 FF	inquiry	AutoExposure	
2026-09-18T11:01:30.767	processor:33730	tx	90 50 00 FF	reply		
2026-09-18T11:01:30.777	processor:33730	rx	81 09 04 35 FF	inquiry	WhiteBalance	
2026-09-18T11:01:30.778	processor:33730	tx	90 50 03 FF	reply		
2026-09-18T11:01:30.787	processor:33730	rx	81 09 04 38 FF	inquiry	AutoFocus	
2026-09-18T11:01:30.787	processor:33730	tx	90 50 02 FF	reply		
2026-09-18T11:01:30.797	processor:33730	rx	81 09 04 33 FF	inquiry	Backlight	
2026-09-18T11:01:30.798	processor:33730	tx	90 50 03 FF	reply		
2026-09-18T11:01:30.808	processor:33730	rx	81 09 04 62 FF	inquiry	FreezeFrame	
2026-09-18T11:01:30.808	processor:33730	tx	90 50 02 FF	reply		
2026-09-18T11:01:30.818	processor:33730	rx	81 09 04 47 FF	inquiry	ZoomPosition	
2026-09-18T11:01:30.820	processor:33730	tx	90 50 01 0F 04 00 FF	reply		
2026-09-18T11:01:30.829	processor:33730	rx	81 09 06 12 FF	inquiry	PanTiltPosition	
2026-09-18T11:01:30.829	processor:33730	tx	90 50 00 03 0E 08 0F 0E 00 0C FF	reply		
2026-09-18T11:01:30.839	processor:33730	rx	81 09 06 12 FF	inquiry	PanTiltPosition	
2026-09-18T11:01:30.840	processor:33730	tx	90 50 00 03 0E 08 0F 0E 00 0C FF	reply		
2026-09-18T11:01:30.848	processor:33730	rx	81 C2 09 08 FF	inquiry	CameraOutput	
2026-09-18T11:01:30.848	processor:33730	tx	90 50 01 01 FF	reply		
2026-09-18T11:01:33.808	processor:33730	rx	81 09 04 00 FF	inquiry	Power	
2026-09-18T11:01:33.809	processor:33730	tx	90 50 02 FF	reply		
2026-09-18T11:01:33.825	processor:33730	rx	81 09 08 01 FF	inquiry	TrackingFraming	
2026-09-18T11:01:33.825	processor:33730	tx	90 50 02 FF	reply		
2026-09-18T11:01:33.842	processor:33730	rx	81 09 04 39 FF	inquiry	AutoExposure	
2026-09-18T11:01:33.842	processor:33730	tx	90 50 00 FF	reply		
2026-09-18T11:01:33.862	processor:33730	rx	81 09 04 35 FF	inquiry	WhiteBalance	
2026-09-18T11:01:33.863	processor:33730	tx	90 50 03 FF	reply		
2026-09-18T11:01:33.888	processor:33730	rx	81 09 04 38 FF	inquiry	AutoFocus	
2026-09-18T11:01:33.888	processor:33730	tx	90 50 02 FF	reply		
2026-09-18T11:01:33.901	processor:33730	rx	81 09 04 33 FF	inquiry	Backlight	
2026-09-18T11:01:33.902	processor:33730	tx	90 50 03 FF	reply		
2026-09-18T11:01:33.913	processor:33730	rx	81 09 04 62 FF	inquiry	FreezeFrame	
2026-09-18T11:01:33.913	processor:33730	tx	90 50 02 FF	reply		
2026-09-18T11:01:33.923	processor:33730	rx	81 09 04 47 FF	inquiry	ZoomPosition	
2026-09-18T11:01:33.924	processor:33730	tx	90 50 01 0F 04 00 FF	reply		
2026-09-18T11:01:33.940	processor:33730	rx	81 09 06 12 FF	inquiry	PanTiltPosition	
2026-09-18T11:01:33.941	processor:33730	tx	90 50 00 03 0E 08 0F 0E 00 0C FF	reply		
2026-09-18T11:01:33.951	processor:33730	rx	81 09 06 12 FF	inquiry	PanTiltPosition	
2026-09-18T11:01:33.951	processor:33730	tx	90 50 00 03 0E 08 0F 0E 00 0C FF	reply		
2026-09-18T11:01:33.961	processor:33730	rx	81 C2 09 08 FF	inquiry	CameraOutput	
2026-09-18T11:01:33.961	processor:33730	tx	90 50 01 01 FF	reply		
2026-09-18T11:01:36.904	processor:33730	rx	81 09 04 00 FF	inquiry	Power	
2026-09-18T11:01:36.905	processor:33730	tx	90 50 02 FF	reply		
2026-09-18T11:01:36.920	processor:33730	rx	81 09 08 01 FF	inquiry	TrackingFraming	
2026-09-18T11:01:36.920	processor:33730	tx	90 50 02 FF	reply		
2026-09-18T11:01:36.931	processor:33730	rx	81 09 04 39 FF	inquiry	AutoExposure	
2026-09-18T11:01:36.931	processor:33730	tx	90 50 00 FF	reply		
2026-09-18T11:01:36.943	processor:33730	rx	81 09 04 35 FF	inquiry	WhiteBalance	
2026-09-18T11:01:36.943	processor:33730	tx	90 50 03 FF	reply		
2026-09-18T11:01:36.952	processor:33730	rx	81 09 04 38 FF	inquiry	AutoFocus	
2026-09-18T11:01:36.953	processor:33730	tx	90 50 02 FF	reply		
2026-09-18T11:01:36.966	processor:33730	rx	81 09 04 33 FF	inquiry	Backlight	
2026-09-18T11:01:36.966	processor:33730	tx	90 50 03 FF	reply		
2026-09-18T11:01:36.988	processor:33730	rx	81 09 04 62 FF	inquiry	FreezeFrame	
2026-09-18T11:01:36.988	processor:33730	tx	90 50 02 FF	reply		
2026-09-18T11:01:37.010	processor:33730	rx	81 09 04 47 FF	inquiry	ZoomPosition	
2026-09-18T11:01:37.011	processor:33730	tx	90 50 01 0F 04 00 FF	reply		
2026-09-18T11:01:37.031	processor:33730	rx	81 09 06 12 FF	inquiry	PanTiltPosition	
2026-09-18T11:01:37.031	processor:33730	tx	90 50 00 03 0E 08 0F 0E 00 0C FF	reply		
2026-09-18T11:01:37.042	processor:33730	rx	81 09 06 12 FF	inquiry	PanTiltPosition	
2026-09-18T11:01:37.042	processor:33730	tx	90 50 00 03 0E 08 0F 0E 00 0C FF	reply		
2026-09-18T11:01:37.052	processor:33730	rx	81 C2 09 08 FF	inquiry	CameraOutput	
2026-09-18T11:01:37.052	processor:33730	tx	90 50 01 01 FF	reply		
2026-09-18T11:01:40.055	processor:33730	rx	81 09 04 00 FF	inquiry	Power	
2026-09-18T11:01:40.056	processor:33730	tx	90 50 02 FF	reply		
2026-09-18T11:01:40.075	processor:33730	rx	81 09 08 01 FF	inquiry	TrackingFraming	
2026-09-18T11:01:40.075	processor:33730	tx	90 50 02 FF	reply		
2026-09-18T11:01:40.086	processor:33730	rx	81 09 04 39 FF	inquiry	AutoExposure	
2026-09-18T11:01:40.086	processor:33730	tx	90 50 00 FF	reply		
2026-09-18T11:01:40.103	processor:33730	rx	81 09 04 35 FF	inquiry	WhiteBalance	
2026-09-18T11:01:40.104	processor:33730	tx	90 50 03 FF	reply		
2026-09-18T11:01:40.121	processor:33730	rx	81 09 04 38 FF	inquiry	AutoFocus	
2026-09-18T11:01:40.121	processor:33730	tx	90 50 02 FF	reply		
2026-09-18T11:01:40.136	processor:33730	rx	81 09 04 33 FF	inquiry	Backlight	
2026-09-18T11:01:40.137	processor:33730	tx	90 50 03 FF	reply		
2026-09-18T11:01:40.163	processor:33730	rx	81 09 04 62 FF	inquiry	FreezeFrame	
2026-09-18T11:01:40.164	processor:33730	tx	90 50 02 FF	reply		
2026-09-18T11:01:40.175	processor:33730	rx	81 09 04 47 FF	inquiry	ZoomPosition	
2026-09-18T11:01:40.175	processor:33730	tx	90 50 01 0F 04 00 FF	reply		
2026-09-18T11:01:40.185	processor:33730	rx	81 09 06 12 FF	inquiry	PanTiltPosition	
2026-09-18T11:01:40.186	processor:33730	tx	90 50 00 03 0E 08 0F 0E 00 0C FF	reply		
2026-09-18T11:01:40.195	processor:33730	rx	81 09 06 12 FF	inquiry	PanTiltPosition	
2026-09-18T11:01:40.196	processor:33730	tx	90 50 00 03 0E 08 0F 0E 00 0C FF	reply		
2026-09-18T11:01:40.204	processor:33730	rx	81 C2 09 08 FF	inquiry	CameraOutput	
2026-09-18T11:01:40.204	processor:33730	tx	90 50 01 01 FF	reply		
2026-09-18T11:01:43.166	processor:33730	rx	81 09 04 00 FF	inquiry	Power	
2026-09-18T11:01:43.166	processor:33730	tx	90 50 02 FF	reply		
2026-09-18T11:01:43.181	processor:33730	rx	81 09 08 01 FF	inquiry	TrackingFraming	
2026-09-18T11:01:43.182	processor:33730	tx	90 50 02 FF	reply		
2026-09-18T11:01:43.192	processor:33730	rx	81 09 04 39 FF	inquiry	AutoExposure	
2026-09-18T11:01:43.192	processor:33730	tx	90 50 00 FF	reply		
2026-09-18T11:01:43.202	processor:33730	rx	81 09 04 35 FF	inquiry	WhiteBalance	
2026-09-18T11:01:43.203	processor:33730	tx	90 50 03 FF	reply		
2026-09-18T11:01:43.212	processor:33730	rx	81 09 04 38 FF	inquiry	AutoFocus	
2026-09-18T11:01:43.213	processor:33730	tx	90 50 02 FF	reply		
2026-09-18T11:01:43.228	processor:33730	rx	81 09 04 33 FF	inquiry	Backlight	
2026-09-18T11:01:43.229	processor:33730	tx	90 50 03 FF	reply		
2026-09-18T11:01:43.247	processor:33730	rx	81 09 04 62 FF	inquiry	FreezeFrame	
2026-09-18T11:01:43.247	processor:33730	tx	90 50 02 FF	reply		
2026-09-18T11:01:43.264	processor:33730	rx	81 09 04 47 FF	inquiry	ZoomPosition	
2026-09-18T11:01:43.265	processor:33730	tx	90 50 01 0F 04 00 FF	reply		
2026-09-18T11:01:43.277	processor:33730	rx	81 09 06 12 FF	inquiry	PanTiltPosition	
2026-09-18T11:01:43.277	processor:33730	tx	90 50 00 03 0E 08 0F 0E 00 0C FF	reply		
2026-09-18T11:01:43.297	processor:33730	rx	81 09 06 12 FF	inquiry	PanTiltPosition	
2026-09-18T11:01:43.298	processor:33730	tx	90 50 00 03 0E 08 0F 0E 00 0C FF	reply		
2026-09-18T11:01:43.306	processor:33730	rx	81 C2 09 08 FF	inquiry	CameraOutput	
2026-09-18T11:01:43.306	processor:33730	tx	90 50 01 01 FF	reply		
2026-09-18T11:01:46.268	processor:33730	rx	81 09 04 00 FF	inquiry	Power	
2026-09-18T11:01:46.268	processor:33730	tx	90 50 02 FF	reply		
2026-09-18T11:01:46.284	processor:33730	rx	81 09 08 01 FF	inquiry	TrackingFraming	
2026-09-18T11:01:46.284	processor:33730	tx	90 50 02 FF	reply		
2026-09-18T11:01:46.294	processor:33730	rx	81 09 04 39 FF	inquiry	AutoExposure	
2026-09-18T11:01:46.294	processor:33730	tx	90 50 00 FF	reply		
2026-09-18T11:01:46.304	processor:33730	rx	81 09 04 35 FF	inquiry	WhiteBalance	
2026-09-18T11:01:46.305	processor:33730	tx	90 50 03 FF	reply		
2026-09-18T11:01:46.314	processor:33730	rx	81 09 04 38 FF	inquiry	AutoFocus	
2026-09-18T11:01:46.314	processor:33730	tx	90 50 02 FF	reply		
2026-09-18T11:01:46.322	processor:33730	rx	81 09 04 33 FF	inquiry	Backlight	
2026-09-18T11:01:46.324	processor:33730	tx	90 50 03 FF	reply		
2026-09-18T11:01:46.334	processor:33730	rx	81 09 04 62 FF	inquiry	FreezeFrame	
2026-09-18T11:01:46.335	processor:33730	tx	90 50 02 FF	reply		
2026-09-18T11:01:46.345	processor:33730	rx	81 09 04 47 FF	inquiry	ZoomPosition	
2026-09-18T11:01:46.345	processor:33730	tx	90 50 01 0F 04 00 FF	reply		
2026-09-18T11:01:46.356	processor:33730	rx	81 09 06 12 FF	inquiry	PanTiltPosition	
2026-09-18T11:01:46.357	processor:33730	tx	90 50 00 03 0E 08 0F 0E 00 0C FF	reply		
2026-09-18T11:01:46.382	processor:33730	rx	81 09 06 12 FF	inquiry	PanTiltPosition	
2026-09-18T11:01:46.383	processor:33730	tx	90 50 00 03 0E 08 0F 0E 00 0C FF	reply		
2026-09-18T11:01:46.410	processor:33730	rx	81 C2 09 08 FF	inquiry	CameraOutput	
2026-09-18T11:01:46.410	processor:33730	tx	90 50 01 01 FF	reply		
2026-09-18T11:01:49.362	processor:33730	rx	81 09 04 00 FF	inquiry	Power	
2026-09-18T11:01:49.362	processor:33730	tx	90 50 02 FF	reply		
2026-09-18T11:01:49.376	processor:33730	rx	81 09 08 01 FF	inquiry	TrackingFraming	
2026-09-18T11:01:49.377	processor:33730	tx	90 50 02 FF	reply		
2026-09-18T11:01:49.389	processor:33730	rx	81 09 04 39 FF	inquiry	AutoExposure	
2026-09-18T11:01:49.389	processor:33730	tx	90 50 00 FF	reply		
2026-09-18T11:01:49.399	processor:33730	rx	81 09 04 35 FF	inquiry	WhiteBalance	
2026-09-18T11:01:49.400	processor:33730	tx	90 50 03 FF	reply		
2026-09-18T11:01:49.409	processor:33730	rx	81 09 04 38 FF	inquiry	AutoFocus	
2026-09-18T11:01:49.410	processor:33730	tx	90 50 02 FF	reply		
2026-09-18T11:01:49.420	processor:33730	rx	81 09 04 33 FF	inquiry	Backlight	
2026-09-18T11:01:49.420	processor:33730	tx	90 50 03 FF	reply		
2026-09-18T11:01:49.429	processor:33730	rx	81 09 04 62 FF	inquiry	FreezeFrame	
2026-09-18T11:01:49.429	processor:33730	tx	90 50 02 FF	reply		
2026-09-18T11:01:49.439	processor:33730	rx	81 09 04 47 FF	inquiry	ZoomPosition	
2026-09-18T11:01:49.439	processor:33730	tx	90 50 01 0F 04 00 FF	reply		
2026-09-18T11:01:49.449	processor:33730	rx	81 09 06 12 FF	inquiry	PanTiltPosition	
2026-09-18T11:01:49.449	processor:33730	tx	90 50 00 03 0E 08 0F 0E 00 0C FF	reply		
2026-09-18T11:01:49.460	processor:33730	rx	81 09 06 12 FF	inquiry	PanTiltPosition	
2026-09-18T11:01:49.460	processor:33730	tx	90 50 00 03 0E 08 0F 0E 00 0C FF	reply		
2026-09-18T11:01:49.470	processor:33730	rx	81 C2 09 08 FF	inquiry	CameraOutput	
2026-09-18T11:01:49.471	processor:33730	tx	90 50 01 01 FF	reply		
2026-09-18T11:01:52.454	processor:33730	rx	81 09 04 00 FF	inquiry	Power	
2026-09-18T11:01:52.454	processor:33730	tx	90 50 02 FF	reply		
2026-09-18T11:01:52.471	processor:33730	rx	81 09 08 01 FF	inquiry	TrackingFraming	
2026-09-18T11:01:52.472	processor:33730	tx	90 50 02 FF	reply		
2026-09-18T11:01:52.484	processor:33730	rx	81 09 04 39 FF	inquiry	AutoExposure	
2026-09-18T11:01:52.484	processor:33730	tx	90 50 00 FF	reply		
2026-09-18T11:01:52.494	processor:33730	rx	81 09 04 35 FF	inquiry	WhiteBalance	
2026-09-18T11:01:52.494	processor:33730	tx	90 50 03 FF	reply		
2026-09-18T11:01:52.505	processor:33730	rx	81 09 04 38 FF	inquiry	AutoFocus	
2026-09-18T11:01:52.505	processor:33730	tx	90 50 02 FF	reply		
2026-09-18T11:01:52.516	processor:33730	rx	81 09 04 33 FF	inquiry	Backlight	
2026-09-18T11:01:52.516	processor:33730	tx	90 50 03 FF	reply		
2026-09-18T11:01:52.526	processor:33730	rx	81 09 04 62 FF	inquiry	FreezeFrame	
2026-09-18T11:01:52.527	processor:33730	tx	90 50 02 FF	reply		
2026-09-18T11:01:52.536	processor:33730	rx	81 09 04 47 FF	inquiry	ZoomPosition	
2026-09-18T11:01:52.537	processor:33730	tx	90 50 01 0F 04 00 FF	reply		
2026-09-18T11:01:52.545	processor:33730	rx	81 09 06 12 FF	inquiry	PanTiltPosition	
2026-09-18T11:01:52.545	processor:33730	tx	90 50 00 03 0E 08 0F 0E 00 0C FF	reply		
2026-09-18T11:01:52.555	processor:33730	rx	81 09 06 12 FF	inquiry	PanTiltPosition	
2026-09-18T11:01:52.556	processor:33730	tx	90 50 00 03 0E 08 0F 0E 00 0C FF	reply		
2026-09-18T11:01:52.566	processor:33730	rx	81 C2 09 08 FF	inquiry	CameraOutput	
2026-09-18T11:01:52.567	processor:33730	tx	90 50 01 01 FF	reply		
2026-09-18T11:01:55.599	processor:33730	rx	81 09 04 00 FF	inquiry	Power	
2026-09-18T11:01:55.599	processor:33730	tx	90 50 02 FF	reply		
2026-09-18T11:01:55.615	processor:33730	rx	81 09 08 01 FF	inquiry	TrackingFraming	
2026-09-18T11:01:55.615	processor:33730	tx	90 50 02 FF	reply		
2026-09-18T11:01:55.625	processor:33730	rx	81 09 04 39 FF	inquiry	AutoExposure	
2026-09-18T11:01:55.625	processor:33730	tx	90 50 00 FF	reply		
2026-09-18T11:01:55.634	processor:33730	rx	81 09 04 35 FF	inquiry	WhiteBalance	
2026-09-18T11:01:55.634	processor:33730	tx	90 50 03 FF	reply		
2026-09-18T11:01:55.644	processor:33730	rx	81 09 04 38 FF	inquiry	AutoFocus	
2026-09-18T11:01:55.644	processor:33730	tx	90 50 02 FF	reply		
2026-09-18T11:01:55.654	processor:33730	rx	81 09 04 33 FF	inquiry	Backlight	
2026-09-18T11:01:55.654	processor:33730	tx	90 50 03 FF	reply		
2026-09-18T11:01:55.664	processor:33730	rx	81 09 04 62 FF	inquiry	FreezeFrame	
2026-09-18T11:01:55.665	processor:33730	tx	90 50 02 FF	reply		
2026-09-18T11:01:55.675	processor:33730	rx	81 09 04 47 FF	inquiry	ZoomPosition	
2026-09-18T11:01:55.675	processor:33730	tx	90 50 01 0F 04 00 FF	reply		
2026-09-18T11:01:55.686	processor:33730	rx	81 09 06 12 FF	inquiry	PanTiltPosition	
2026-09-18T11:01:55.686	processor:33730	tx	90 50 00 03 0E 08 0F 0E 00 0C FF	reply		
2026-09-18T11:01:55.694	processor:33730	rx	81 09 06 12 FF	inquiry	PanTiltPosition	
2026-09-18T11:01:55.695	processor:33730	tx	90 50 00 03 0E 08 0F 0E 00 0C FF	reply		
2026-09-18T11:01:55.703	processor:33730	rx	81 C2 09 08 FF	inquiry	CameraOutput	
2026-09-18T11:01:55.703	processor:33730	tx	90 50 01 01 FF	reply		
2026-09-18T11:01:58.682	processor:33730	rx	81 09 04 00 FF	inquiry	Power	
2026-09-18T11:01:58.683	processor:33730	tx	90 50 02 FF	reply		
2026-09-18T11:01:58.720	processor:33730	rx	81 09 08 01 FF	inquiry	TrackingFraming	
2026-09-18T11:01:58.721	processor:33730	tx	90 50 02 FF	reply		
2026-09-18T11:01:58.742	processor:33730	rx	81 09 04 39 FF	inquiry	AutoExposure	
2026-09-18T11:01:58.742	processor:33730	tx	90 50 00 FF	reply		
2026-09-18T11:01:58.767	processor:33730	rx	81 09 04 35 FF	inquiry	WhiteBalance	
2026-09-18T11:01:58.768	processor:33730	tx	90 50 03 FF	reply		
2026-09-18T11:01:58.787	processor:33730	rx	81 09 04 38 FF	inquiry	AutoFocus	
2026-09-18T11:01:58.788	processor:33730	tx	90 50 02 FF	reply		
2026-09-18T11:01:58.809	processor:33730	rx	81 09 04 33 FF	inquiry	Backlight	
2026-09-18T11:01:58.809	processor:33730	tx	90 50 03 FF	reply		
2026-09-18T11:01:58.828	processor:33730	rx	81 09 04 62 FF	inquiry	FreezeFrame	
2026-09-18T11:01:58.828	processor:33730	tx	90 50 02 FF	reply		
2026-09-18T11:01:58.848	processor:33730	rx	81 09 04 47 FF	inquiry	ZoomPosition	
2026-09-18T11:01:58.850	processor:33730	tx	90 50 01 0F 04 00 FF	reply		
2026-09-18T11:01:58.869	processor:33730	rx	81 09 06 12 FF	inquiry	PanTiltPosition	
2026-09-18T11:01:58.869	processor:33730	tx	90 50 00 03 0E 08 0F 0E 00 0C FF	reply		
2026-09-18T11:01:58.884	processor:33730	rx	81 09 06 12 FF	inquiry	PanTiltPosition	
2026-09-18T11:01:58.885	processor:33730	tx	90 50 00 03 0E 08 0F 0E 00 0C FF	reply		
2026-09-18T11:01:58.894	processor:33730	rx	81 C2 09 08 FF	inquiry	CameraOutput	
2026-09-18T11:01:58.895	processor:33730	tx	90 50 01 01 FF	reply		
2026-09-18T11:02:01.834	processor:33730	rx	81 09 04 00 FF	inquiry	Power	
2026-09-18T11:02:01.834	processor:33730	tx	90 50 02 FF	reply		
2026-09-18T11:02:01.850	processor:33730	rx	81 09 08 01 FF	inquiry	TrackingFraming	
2026-09-18T11:02:01.850	processor:33730	tx	90 50 02 FF	reply		
2026-09-18T11:02:01.860	processor:33730	rx	81 09 04 39 FF	inquiry	AutoExposure	
2026-09-18T11:02:01.860	processor:33730	tx	90 50 00 FF	reply		
2026-09-18T11:02:01.870	processor:33730	rx	81 09 04 35 FF	inquiry	WhiteBalance	
2026-09-18T11:02:01.870	processor:33730	tx	90 50 03 FF	reply		
2026-09-18T11:02:01.880	processor:33730	rx	81 09 04 38 FF	inquiry	AutoFocus	
2026-09-18T11:02:01.880	processor:33730	tx	90 50 02 FF	reply		
2026-09-18T11:02:01.890	processor:33730	rx	81 09 04 33 FF	inquiry	Backlight	
2026-09-18T11:02:01.890	processor:33730	tx	90 50 03 FF	reply		
2026-09-18T11:02:01.899	processor:33730	rx	81 09 04 62 FF	inquiry	FreezeFrame	
2026-09-18T11:02:01.901	processor:33730	tx	90 50 02 FF	reply		
2026-09-18T11:02:01.909	processor:33730	rx	81 09 04 47 FF	inquiry	ZoomPosition	
2026-09-18T11:02:01.911	processor:33730	tx	90 50 01 0F 04 00 FF	reply		
2026-09-18T11:02:01.921	processor:33730	rx	81 09 06 12 FF	inquiry	PanTiltPosition	
2026-09-18T11:02:01.921	processor:33730	tx	90 50 00 03 0E 08 0F 0E 00 0C FF	reply		
2026-09-18T11:02:01.932	processor:33730	rx	81 09 06 12 FF	inquiry	PanTiltPosition	
2026-09-18T11:02:01.933	processor:33730	tx	90 50 00 03 0E 08 0F 0E 00 0C FF	reply		
2026-09-18T11:02:01.943	processor:33730	rx	81 C2 09 08 FF	inquiry	CameraOutput	
2026-09-18T11:02:01.943	processor:33730	tx	90 50 01 01 FF	reply		
2026-09-18T11:02:04.914	processor:33730	rx	81 09 04 00 FF	inquiry	Power	
2026-09-18T11:02:04.915	processor:33730	tx	90 50 02 FF	reply		
2026-09-18T11:02:04.929	processor:33730	rx	81 09 08 01 FF	inquiry	TrackingFraming	
2026-09-18T11:02:04.931	processor:33730	tx	90 50 02 FF	reply		
2026-09-18T11:02:04.941	processor:33730	rx	81 09 04 39 FF	inquiry	AutoExposure	
2026-09-18T11:02:04.941	processor:33730	tx	90 50 00 FF	reply		
2026-09-18T11:02:04.950	processor:33730	rx	81 09 04 35 FF	inquiry	WhiteBalance	
2026-09-18T11:02:04.950	processor:33730	tx	90 50 03 FF	reply		
2026-09-18T11:02:04.961	processor:33730	rx	81 09 04 38 FF	inquiry	AutoFocus	
2026-09-18T11:02:04.961	processor:33730	tx	90 50 02 FF	reply		
2026-09-18T11:02:04.971	processor:33730	rx	81 09 04 33 FF	inquiry	Backlight	
2026-09-18T11:02:04.971	processor:33730	tx	90 50 03 FF	reply		
2026-09-18T11:02:04.981	processor:33730	rx	81 09 04 62 FF	inquiry	FreezeFrame	
2026-09-18T11:02:04.981	processor:33730	tx	90 50 02 FF	reply		
2026-09-18T11:02:04.992	processor:33730	rx	81 09 04 47 FF	inquiry	ZoomPosition	
2026-09-18T11:02:04.992	processor:33730	tx	90 50 01 0F 04 00 FF	reply		
2026-09-18T11:02:05.001	processor:33730	rx	81 09 06 12 FF	inquiry	PanTiltPosition	
2026-09-18T11:02:05.001	processor:33730	tx	90 50 00 03 0E 08 0F 0E 00 0C FF	reply		
2026-09-18T11:02:05.011	processor:33730	rx	81 09 06 12 FF	inquiry	PanTiltPosition	
2026-09-18T11:02:05.011	processor:33730	tx	90 50 00 03 0E 08 0F 0E 00 0C FF	reply		
2026-09-18T11:02:05.022	processor:33730	rx	81 C2 09 08 FF	inquiry	CameraOutput	
2026-09-18T11:02:05.023	processor:33730	tx	90 50 01 01 FF	reply		
2026-09-18T11:02:07.988	processor:33730	rx	81 09 04 00 FF	inquiry	Power	
2026-09-18T11:02:07.989	processor:33730	tx	90 50 02 FF	reply		
2026-09-18T11:02:08.004	processor:33730	rx	81 09 08 01 FF	inquiry	TrackingFraming	
2026-09-18T11:02:08.004	processor:33730	tx	90 50 02 FF	reply		
2026-09-18T11:02:08.015	processor:33730	rx	81 09 04 39 FF	inquiry	AutoExposure	
2026-09-18T11:02:08.015	processor:33730	tx	90 50 00 FF	reply		
2026-09-18T11:02:08.026	processor:33730	rx	81 09 04 35 FF	inquiry	WhiteBalance	
2026-09-18T11:02:08.027	processor:33730	tx	90 50 03 FF	reply		
2026-09-18T11:02:08.037	processor:33730	rx	81 09 04 38 FF	inquiry	AutoFocus	
2026-09-18T11:02:08.038	processor:33730	tx	90 50 02 FF	reply		
2026-09-18T11:02:08.048	processor:33730	rx	81 09 04 33 FF	inquiry	Backlight	
2026-09-18T11:02:08.049	processor:33730	tx	90 50 03 FF	reply		
2026-09-18T11:02:08.058	processor:33730	rx	81 09 04 62 FF	inquiry	FreezeFrame	
2026-09-18T11:02:08.058	processor:33730	tx	90 50 02 FF	reply		
2026-09-18T11:02:08.068	processor:33730	rx	81 09 04 47 FF	inquiry	ZoomPosition	
2026-09-18T11:02:08.069	processor:33730	tx	90 50 01 0F 04 00 FF	reply		
2026-09-18T11:02:08.078	processor:33730	rx	81 09 06 12 FF	inquiry	PanTiltPosition	
2026-09-18T11:02:08.079	processor:33730	tx	90 50 00 03 0E 08 0F 0E 00 0C FF	reply		
2026-09-18T11:02:08.090	processor:33730	rx	81 09 06 12 FF	inquiry	PanTiltPosition	
2026-09-18T11:02:08.090	processor:33730	tx	90 50 00 03 0E 08 0F 0E 00 0C FF	reply		
2026-09-18T11:02:08.100	processor:33730	rx	81 C2 09 08 FF	inquiry	CameraOutput	
2026-09-18T11:02:08.101	processor:33730	tx	90 50 01 01 FF	reply		
2026-09-18T11:02:11.111	processor:33730	rx	81 09 04 00 FF	inquiry	Power	
2026-09-18T11:02:11.111	processor:33730	tx	90 50 02 FF	reply		
2026-09-18T11:02:11.138	processor:33730	rx	81 09 08 01 FF	inquiry	TrackingFraming	
2026-09-18T11:02:11.138	processor:33730	tx	90 50 02 FF	reply		
2026-09-18T11:02:11.148	processor:33730	rx	81 09 04 39 FF	inquiry	AutoExposure	
2026-09-18T11:02:11.148	processor:33730	tx	90 50 00 FF	reply		
2026-09-18T11:02:11.158	processor:33730	rx	81 09 04 35 FF	inquiry	WhiteBalance	
2026-09-18T11:02:11.158	processor:33730	tx	90 50 03 FF	reply		
2026-09-18T11:02:11.168	processor:33730	rx	81 09 04 38 FF	inquiry	AutoFocus	
2026-09-18T11:02:11.168	processor:33730	tx	90 50 02 FF	reply		
2026-09-18T11:02:11.178	processor:33730	rx	81 09 04 33 FF	inquiry	Backlight	
2026-09-18T11:02:11.178	processor:33730	tx	90 50 03 FF	reply		
2026-09-18T11:02:11.189	processor:33730	rx	81 09 04 62 FF	inquiry	FreezeFrame	
2026-09-18T11:02:11.189	processor:33730	tx	90 50 02 FF	reply		
2026-09-18T11:02:11.199	processor:33730	rx	81 09 04 47 FF	inquiry	ZoomPosition	
2026-09-18T11:02:11.199	processor:33730	tx	90 50 01 0F 04 00 FF	reply		
2026-09-18T11:02:11.209	processor:33730	rx	81 09 06 12 FF	inquiry	PanTiltPosition	
2026-09-18T11:02:11.209	processor:33730	tx	90 50 00 03 0E 08 0F 0E 00 0C FF	reply		
2026-09-18T11:02:11.219	processor:33730	rx	81 09 06 12 FF	inquiry	PanTiltPosition	
2026-09-18T11:02:11.220	processor:33730	tx	90 50 00 03 0E 08 0F 0E 00 0C FF	reply		
2026-09-18T11:02:11.230	processor:33730	rx	81 C2 09 08 FF	inquiry	CameraOutput	
2026-09-18T11:02:11.231	processor:33730	tx	90 50 01 01 FF	reply		
2026-09-18T11:02:14.210	processor:33730	rx	81 09 04 00 FF	inquiry	Power	
2026-09-18T11:02:14.211	processor:33730	tx	90 50 02 FF	reply		
2026-09-18T11:02:14.226	processor:33730	rx	81 09 08 01 FF	inquiry	TrackingFraming	
2026-09-18T11:02:14.227	processor:33730	tx	90 50 02 FF	reply		
2026-09-18T11:02:14.236	processor:33730	rx	81 09 04 39 FF	inquiry	AutoExposure	
2026-09-18T11:02:14.237	processor:33730	tx	90 50 00 FF	reply		
2026-09-18T11:02:14.245	processor:33730	rx	81 09 04 35 FF	inquiry	WhiteBalance	
2026-09-18T11:02:14.245	processor:33730	tx	90 50 03 FF	reply		
2026-09-18T11:02:14.255	processor:33730	rx	81 09 04 38 FF	inquiry	AutoFocus	
2026-09-18T11:02:14.255	processor:33730	tx	90 50 02 FF	reply		
2026-09-18T11:02:14.264	processor:33730	rx	81 09 04 33 FF	inquiry	Backlight	
2026-09-18T11:02:14.266	processor:33730	tx	90 50 03 FF	reply		
2026-09-18T11:02:14.275	processor:33730	rx	81 09 04 62 FF	inquiry	FreezeFrame	
2026-09-18T11:02:14.276	processor:33730	tx	90 50 02 FF	reply		
2026-09-18T11:02:14.285	processor:33730	rx	81 09 04 47 FF	inquiry	ZoomPosition	
2026-09-18T11:02:14.285	processor:33730	tx	90 50 01 0F 04 00 FF	reply		
2026-09-18T11:02:14.296	processor:33730	rx	81 09 06 12 FF	inquiry	PanTiltPosition	
2026-09-18T11:02:14.296	processor:33730	tx	90 50 00 03 0E 08 0F 0E 00 0C FF	reply		
2026-09-18T11:02:14.305	processor:33730	rx	81 09 06 12 FF	inquiry	PanTiltPosition	
2026-09-18T11:02:14.306	processor:33730	tx	90 50 00 03 0E 08 0F 0E 00 0C FF	reply		
2026-09-18T11:02:14.316	processor:33730	rx	81 C2 09 08 FF	inquiry	CameraOutput	
2026-09-18T11:02:14.316	processor:33730	tx	90 50 01 01 FF	reply		
2026-09-18T11:02:17.298	processor:33730	rx	81 09 04 00 FF	inquiry	Power	
2026-09-18T11:02:17.298	processor:33730	tx	90 50 02 FF	reply		
2026-09-18T11:02:17.314	processor:33730	rx	81 09 08 01 FF	inquiry	TrackingFraming	
2026-09-18T11:02:17.314	processor:33730	tx	90 50 02 FF	reply		
2026-09-18T11:02:17.325	processor:33730	rx	81 09 04 39 FF	inquiry	AutoExposure	
2026-09-18T11:02:17.325	processor:33730	tx	90 50 00 FF	reply		
2026-09-18T11:02:17.334	processor:33730	rx	81 09 04 35 FF	inquiry	WhiteBalance	
2026-09-18T11:02:17.335	processor:33730	tx	90 50 03 FF	reply		
2026-09-18T11:02:17.344	processor:33730	rx	81 09 04 38 FF	inquiry	AutoFocus	
2026-09-18T11:02:17.344	processor:33730	tx	90 50 02 FF	reply		
2026-09-18T11:02:17.355	processor:33730	rx	81 09 04 33 FF	inquiry	Backlight	
2026-09-18T11:02:17.355	processor:33730	tx	90 50 03 FF	reply		
2026-09-18T11:02:17.364	processor:33730	rx	81 09 04 62 FF	inquiry	FreezeFrame	
2026-09-18T11:02:17.365	processor:33730	tx	90 50 02 FF	reply		
2026-09-18T11:02:17.374	processor:33730	rx	81 09 04 47 FF	inquiry	ZoomPosition	
2026-09-18T11:02:17.376	processor:33730	tx	90 50 01 0F 04 00 FF	reply		
2026-09-18T11:02:17.386	processor:33730	rx	81 09 06 12 FF	inquiry	PanTiltPosition	
2026-09-18T11:02:17.386	processor:33730	tx	90 50 00 03 0E 08 0F 0E 00 0C FF	reply		
2026-09-18T11:02:17.395	processor:33730	rx	81 09 06 12 FF	inquiry	PanTiltPosition	
2026-09-18T11:02:17.395	processor:33730	tx	90 50 00 03 0E 08 0F 0E 00 0C FF	reply		
2026-09-18T11:02:17.407	processor:33730	rx	81 C2 09 08 FF	inquiry	CameraOutput	
2026-09-18T11:02:17.408	processor:33730	tx	90 50 01 01 FF	reply		
2026-09-18T11:02:20.380	processor:33730	rx	81 09 04 00 FF	inquiry	Power	
2026-09-18T11:02:20.381	processor:33730	tx	90 50 02 FF	reply		
2026-09-18T11:02:20.396	processor:33730	rx	81 09 08 01 FF	inquiry	TrackingFraming	
2026-09-18T11:02:20.396	processor:33730	tx	90 50 02 FF	reply		
2026-09-18T11:02:20.406	processor:33730	rx	81 09 04 39 FF	inquiry	AutoExposure	
2026-09-18T11:02:20.406	processor:33730	tx	90 50 00 FF	reply		
2026-09-18T11:02:20.419	processor:33730	rx	81 09 04 35 FF	inquiry	WhiteBalance	
2026-09-18T11:02:20.419	processor:33730	tx	90 50 03 FF	reply		
2026-09-18T11:02:20.429	processor:33730	rx	81 09 04 38 FF	inquiry	AutoFocus	
2026-09-18T11:02:20.429	processor:33730	tx	90 50 02 FF	reply		
2026-09-18T11:02:20.440	processor:33730	rx	81 09 04 33 FF	inquiry	Backlight	
2026-09-18T11:02:20.441	processor:33730	tx	90 50 03 FF	reply		
2026-09-18T11:02:20.452	processor:33730	rx	81 09 04 62 FF	inquiry	FreezeFrame	
2026-09-18T11:02:20.452	processor:33730	tx	90 50 02 FF	reply		
2026-09-18T11:02:20.461	processor:33730	rx	81 09 04 47 FF	inquiry	ZoomPosition	
2026-09-18T11:02:20.461	processor:33730	tx	90 50 01 0F 04 00 FF	reply		
2026-09-18T11:02:20.470	processor:33730	rx	81 09 06 12 FF	inquiry	PanTiltPosition	
2026-09-18T11:02:20.471	processor:33730	tx	90 50 00 03 0E 08 0F 0E 00 0C FF	reply		
2026-09-18T11:02:20.480	processor:33730	rx	81 09 06 12 FF	inquiry	PanTiltPosition	
2026-09-18T11:02:20.480	processor:33730	tx	90 50 00 03 0E 08 0F 0E 00 0C FF	reply		
2026-09-18T11:02:20.490	processor:33730	rx	81 C2 09 08 FF	inquiry	CameraOutput	
2026-09-18T11:02:20.490	processor:33730	tx	90 50 01 01 FF	reply		
2026-09-18T11:02:23.458	processor:33730	rx	81 09 04 00 FF	inquiry	Power	
2026-09-18T11:02:23.458	processor:33730	tx	90 50 02 FF	reply		
2026-09-18T11:02:23.474	processor:33730	rx	81 09 08 01 FF	inquiry	TrackingFraming	
2026-09-18T11:02:23.474	processor:33730	tx	90 50 02 FF	reply		
2026-09-18T11:02:23.484	processor:33730	rx	81 09 04 39 FF	inquiry	AutoExposure	
2026-09-18T11:02:23.485	processor:33730	tx	90 50 00 FF	reply		
2026-09-18T11:02:23.495	processor:33730	rx	81 09 04 35 FF	inquiry	WhiteBalance	
2026-09-18T11:02:23.495	processor:33730	tx	90 50 03 FF	reply		
2026-09-18T11:02:23.508	processor:33730	rx	81 09 04 38 FF	inquiry	AutoFocus	
2026-09-18T11:02:23.508	processor:33730	tx	90 50 02 FF	reply		
2026-09-18T11:02:23.519	processor:33730	rx	81 09 04 33 FF	inquiry	Backlight	
2026-09-18T11:02:23.519	processor:33730	tx	90 50 03 FF	reply		
2026-09-18T11:02:23.528	processor:33730	rx	81 09 04 62 FF	inquiry	FreezeFrame	
2026-09-18T11:02:23.528	processor:33730	tx	90 50 02 FF	reply		
2026-09-18T11:02:23.538	processor:33730	rx	81 09 04 47 FF	inquiry	ZoomPosition	
2026-09-18T11:02:23.539	processor:33730	tx	90 50 01 0F 04 00 FF	reply		
2026-09-18T11:02:23.549	processor:33730	rx	81 09 06 12 FF	inquiry	PanTiltPosition	
2026-09-18T11:02:23.549	processor:33730	tx	90 50 00 03 0E 08 0F 0E 00 0C FF	reply		
2026-09-18T11:02:23.568	processor:33730	rx	81 09 06 12 FF	inquiry	PanTiltPosition	
2026-09-18T11:02:23.568	processor:33730	tx	90 50 00 03 0E 08 0F 0E 00 0C FF	reply		
2026-09-18T11:02:23.590	processor:33730	rx	81 C2 09 08 FF	inquiry	CameraOutput	
2026-09-18T11:02:23.590	processor:33730	tx	90 50 01 01 FF	reply		
2026-09-18T11:02:26.571	processor:33730	rx	81 09 04 00 FF	inquiry	Power	
2026-09-18T11:02:26.572	processor:33730	tx	90 50 02 FF	reply		
2026-09-18T11:02:26.588	processor:33730	rx	81 09 08 01 FF	inquiry	TrackingFraming	
2026-09-18T11:02:26.588	processor:33730	tx	90 50 02 FF	reply		
2026-09-18T11:02:26.610	processor:33730	rx	81 09 04 39 FF	inquiry	AutoExposure	
2026-09-18T11:02:26.610	processor:33730	tx	90 50 00 FF	reply		
2026-09-18T11:02:26.647	processor:33730	rx	81 09 04 35 FF	inquiry	WhiteBalance	
2026-09-18T11:02:26.648	processor:33730	tx	90 50 03 FF	reply		
2026-09-18T11:02:26.665	processor:33730	rx	81 09 04 38 FF	inquiry	AutoFocus	
2026-09-18T11:02:26.665	processor:33730	tx	90 50 02 FF	reply		
2026-09-18T11:02:26.682	processor:33730	rx	81 09 04 33 FF	inquiry	Backlight	
2026-09-18T11:02:26.682	processor:33730	tx	90 50 03 FF	reply		
2026-09-18T11:02:26.710	processor:33730	rx	81 09 04 62 FF	inquiry	FreezeFrame	
2026-09-18T11:02:26.710	processor:33730	tx	90 50 02 FF	reply		
2026-09-18T11:02:26.725	processor:33730	rx	81 09 04 47 FF	inquiry	ZoomPosition	
2026-09-18T11:02:26.726	processor:33730	tx	90 50 01 0F 04 00 FF	reply		
2026-09-18T11:02:26.736	processor:33730	rx	81 09 06 12 FF	inquiry	PanTiltPosition	
2026-09-18T11:02:26.737	processor:33730	tx	90 50 00 03 0E 08 0F 0E 00 0C FF	reply		
2026-09-18T11:02:26.747	processor:33730	rx	81 09 06 12 FF	inquiry	PanTiltPosition	
2026-09-18T11:02:26.748	processor:33730	tx	90 50 00 03 0E 08 0F 0E 00 0C FF	reply		
2026-09-18T11:02:26.758	processor:33730	rx	81 C2 09 08 FF	inquiry	CameraOutput	
2026-09-18T11:02:26.758	processor:33730	tx	90 50 01 01 FF	reply		
2026-09-18T11:02:29.698	processor:33730	rx	81 09 04 00 FF	inquiry	Power	
2026-09-18T11:02:29.699	processor:33730	tx	90 50 02 FF	reply		
2026-09-18T11:02:29.714	processor:33730	rx	81 09 08 01 FF	inquiry	TrackingFraming	
2026-09-18T11:02:29.716	processor:33730	tx	90 50 02 FF	reply		
2026-09-18T11:02:29.725	processor:33730	rx	81 09 04 39 FF	inquiry	AutoExposure	
2026-09-18T11:02:29.726	processor:33730	tx	90 50 00 FF	reply		
2026-09-18T11:02:29.737	processor:33730	rx	81 09 04 35 FF	inquiry	WhiteBalance	
2026-09-18T11:02:29.737	processor:33730	tx	90 50 03 FF	reply		
2026-09-18T11:02:29.747	processor:33730	rx	81 09 04 38 FF	inquiry	AutoFocus	
2026-09-18T11:02:29.747	processor:33730	tx	90 50 02 FF	reply		
2026-09-18T11:02:29.759	processor:33730	rx	81 09 04 33 FF	inquiry	Backlight	
2026-09-18T11:02:29.759	processor:33730	tx	90 50 03 FF	reply		
2026-09-18T11:02:29.770	processor:33730	rx	81 09 04 62 FF	inquiry	FreezeFrame	
2026-09-18T11:02:29.770	processor:33730	tx	90 50 02 FF	reply		
2026-09-18T11:02:29.780	processor:33730	rx	81 09 04 47 FF	inquiry	ZoomPosition	
2026-09-18T11:02:29.780	processor:33730	tx	90 50 01 0F 04 00 FF	reply		
2026-09-18T11:02:29.791	processor:33730	rx	81 09 06 12 FF	inquiry	PanTiltPosition	
2026-09-18T11:02:29.791	processor:33730	tx	90 50 00 03 0E 08 0F 0E 00 0C FF	reply		
2026-09-18T11:02:29.800	processor:33730	rx	81 09 06 12 FF	inquiry	PanTiltPosition	
2026-09-18T11:02:29.801	processor:33730	tx	90 50 00 03 0E 08 0F 0E 00 0C FF	reply		
2026-09-18T11:02:29.810	processor:33730	rx	81 C2 09 08 FF	inquiry	CameraOutput	
2026-09-18T11:02:29.810	processor:33730	tx	90 50 01 01 FF	reply		
2026-09-18T11:02:32.770	processor:33730	rx	81 09 04 00 FF	inquiry	Power	
2026-09-18T11:02:32.770	processor:33730	tx	90 50 02 FF	reply		
2026-09-18T11:02:32.786	processor:33730	rx	81 09 08 01 FF	inquiry	TrackingFraming	
2026-09-18T11:02:32.786	processor:33730	tx	90 50 02 FF	reply		
2026-09-18T11:02:32.797	processor:33730	rx	81 09 04 39 FF	inquiry	AutoExposure	
2026-09-18T11:02:32.797	processor:33730	tx	90 50 00 FF	reply		
2026-09-18T11:02:32.807	processor:33730	rx	81 09 04 35 FF	inquiry	WhiteBalance	
2026-09-18T11:02:32.807	processor:33730	tx	90 50 03 FF	reply		
2026-09-18T11:02:32.816	processor:33730	rx	81 09 04 38 FF	inquiry	AutoFocus	
2026-09-18T11:02:32.817	processor:33730	tx	90 50 02 FF	reply		
2026-09-18T11:02:32.826	processor:33730	rx	81 09 04 33 FF	inquiry	Backlight	
2026-09-18T11:02:32.827	processor:33730	tx	90 50 03 FF	reply		
2026-09-18T11:02:32.836	processor:33730	rx	81 09 04 62 FF	inquiry	FreezeFrame	
2026-09-18T11:02:32.836	processor:33730	tx	90 50 02 FF	reply		
2026-09-18T11:02:32.846	processor:33730	rx	81 09 04 47 FF	inquiry	ZoomPosition	
2026-09-18T11:02:32.848	processor:33730	tx	90 50 01 0F 04 00 FF	reply		
2026-09-18T11:02:32.857	processor:33730	rx	81 09 06 12 FF	inquiry	PanTiltPosition	
2026-09-18T11:02:32.857	processor:33730	tx	90 50 00 03 0E 08 0F 0E 00 0C FF	reply		
2026-09-18T11:02:32.866	processor:33730	rx	81 09 06 12 FF	inquiry	PanTiltPosition	
2026-09-18T11:02:32.867	processor:33730	tx	90 50 00 03 0E 08 0F 0E 00 0C FF	reply		
2026-09-18T11:02:32.877	processor:33730	rx	81 C2 09 08 FF	inquiry	CameraOutput	
2026-09-18T11:02:32.877	processor:33730	tx	90 50 01 01 FF	reply		
2026-09-18T11:02:35.851	processor:33730	rx	81 09 04 00 FF	inquiry	Power	
2026-09-18T11:02:35.851	processor:33730	tx	90 50 02 FF	reply		
2026-09-18T11:02:35.867	processor:33730	rx	81 09 08 01 FF	inquiry	TrackingFraming	
2026-09-18T11:02:35.867	processor:33730	tx	90 50 02 FF	reply		
2026-09-18T11:02:35.878	processor:33730	rx	81 09 04 39 FF	inquiry	AutoExposure	
2026-09-18T11:02:35.878	processor:33730	tx	90 50 00 FF	reply		
2026-09-18T11:02:35.889	processor:33730	rx	81 09 04 35 FF	inquiry	WhiteBalance	
2026-09-18T11:02:35.889	processor:33730	tx	90 50 03 FF	reply		
2026-09-18T11:02:35.899	processor:33730	rx	81 09 04 38 FF	inquiry	AutoFocus	
2026-09-18T11:02:35.900	processor:33730	tx	90 50 02 FF	reply		
2026-09-18T11:02:35.910	processor:33730	rx	81 09 04 33 FF	inquiry	Backlight	
2026-09-18T11:02:35.910	processor:33730	tx	90 50 03 FF	reply		
2026-09-18T11:02:35.919	processor:33730	rx	81 09 04 62 FF	inquiry	FreezeFrame	
2026-09-18T11:02:35.920	processor:33730	tx	90 50 02 FF	reply		
2026-09-18T11:02:35.929	processor:33730	rx	81 09 04 47 FF	inquiry	ZoomPosition	
2026-09-18T11:02:35.929	processor:33730	tx	90 50 01 0F 04 00 FF	reply		
2026-09-18T11:02:35.940	processor:33730	rx	81 09 06 12 FF	inquiry	PanTiltPosition	
2026-09-18T11:02:35.940	processor:33730	tx	90 50 00 03 0E 08 0F 0E 00 0C FF	reply		
2026-09-18T11:02:35.950	processor:33730	rx	81 09 06 12 FF	inquiry	PanTiltPosition	
2026-09-18T11:02:35.951	processor:33730	tx	90 50 00 03 0E 08 0F 0E 00 0C FF	reply		
2026-09-18T11:02:35.961	processor:33730	rx	81 C2 09 08 FF	inquiry	CameraOutput	
2026-09-18T11:02:35.961	processor:33730	tx	90 50 01 01 FF	reply		
2026-09-18T11:02:38.976	processor:33730	rx	81 09 04 00 FF	inquiry	Power	
2026-09-18T11:02:38.976	processor:33730	tx	90 50 02 FF	reply		
2026-09-18T11:02:39.003	processor:33730	rx	81 09 08 01 FF	inquiry	TrackingFraming	
2026-09-18T11:02:39.003	processor:33730	tx	90 50 02 FF	reply		
2026-09-18T11:02:39.026	processor:33730	rx	81 09 04 39 FF	inquiry	AutoExposure	
2026-09-18T11:02:39.026	processor:33730	tx	90 50 00 FF	reply		
2026-09-18T11:02:39.047	processor:33730	rx	81 09 04 35 FF	inquiry	WhiteBalance	
2026-09-18T11:02:39.048	processor:33730	tx	90 50 03 FF	reply		
2026-09-18T11:02:39.067	processor:33730	rx	81 09 04 38 FF	inquiry	AutoFocus	
2026-09-18T11:02:39.068	processor:33730	tx	90 50 02 FF	reply		
2026-09-18T11:02:39.094	processor:33730	rx	81 09 04 33 FF	inquiry	Backlight	
2026-09-18T11:02:39.095	processor:33730	tx	90 50 03 FF	reply		
2026-09-18T11:02:39.111	processor:33730	rx	81 09 04 62 FF	inquiry	FreezeFrame	
2026-09-18T11:02:39.111	processor:33730	tx	90 50 02 FF	reply		
2026-09-18T11:02:39.131	processor:33730	rx	81 09 04 47 FF	inquiry	ZoomPosition	
2026-09-18T11:02:39.131	processor:33730	tx	90 50 01 0F 04 00 FF	reply		
2026-09-18T11:02:39.141	processor:33730	rx	81 09 06 12 FF	inquiry	PanTiltPosition	
2026-09-18T11:02:39.141	processor:33730	tx	90 50 00 03 0E 08 0F 0E 00 0C FF	reply		
2026-09-18T11:02:39.153	processor:33730	rx	81 09 06 12 FF	inquiry	PanTiltPosition	
2026-09-18T11:02:39.153	processor:33730	tx	90 50 00 03 0E 08 0F 0E 00 0C FF	reply		
2026-09-18T11:02:39.164	processor:33730	rx	81 C2 09 08 FF	inquiry	CameraOutput	
2026-09-18T11:02:39.165	processor:33730	tx	90 50 01 01 FF	reply		
2026-09-18T11:02:42.085	processor:33730	rx	81 09 04 00 FF	inquiry	Power	
2026-09-18T11:02:42.085	processor:33730	tx	90 50 02 FF	reply		
2026-09-18T11:02:42.103	processor:33730	rx	81 09 08 01 FF	inquiry	TrackingFraming	
2026-09-18T11:02:42.103	processor:33730	tx	90 50 02 FF	reply		
2026-09-18T11:02:42.114	processor:33730	rx	81 09 04 39 FF	inquiry	AutoExposure	
2026-09-18T11:02:42.114	processor:33730	tx	90 50 00 FF	reply		
2026-09-18T11:02:42.123	processor:33730	rx	81 09 04 35 FF	inquiry	WhiteBalance	
2026-09-18T11:02:42.123	processor:33730	tx	90 50 03 FF	reply		
2026-09-18T11:02:42.133	processor:33730	rx	81 09 04 38 FF	inquiry	AutoFocus	
2026-09-18T11:02:42.133	processor:33730	tx	90 50 02 FF	reply		
2026-09-18T11:02:42.144	processor:33730	rx	81 09 04 33 FF	inquiry	Backlight	
2026-09-18T11:02:42.144	processor:33730	tx	90 50 03 FF	reply		
2026-09-18T11:02:42.154	processor:33730	rx	81 09 04 62 FF	inquiry	FreezeFrame	
2026-09-18T11:02:42.155	processor:33730	tx	90 50 02 FF	reply		
2026-09-18T11:02:42.164	processor:33730	rx	81 09 04 47 FF	inquiry	ZoomPosition	
2026-09-18T11:02:42.165	processor:33730	tx	90 50 01 0F 04 00 FF	reply		
2026-09-18T11:02:42.175	processor:33730	rx	81 09 06 12 FF	inquiry	PanTiltPosition	
2026-09-18T11:02:42.175	processor:33730	tx	90 50 00 03 0E 08 0F 0E 00 0C FF	reply		
2026-09-18T11:02:42.185	processor:33730	rx	81 09 06 12 FF	inquiry	PanTiltPosition	
2026-09-18T11:02:42.186	processor:33730	tx	90 50 00 03 0E 08 0F 0E 00 0C FF	reply		
2026-09-18T11:02:42.196	processor:33730	rx	81 C2 09 08 FF	inquiry	CameraOutput	
2026-09-18T11:02:42.197	processor:33730	tx	90 50 01 01 FF	reply		
2026-09-18T11:02:45.166	processor:33730	rx	81 09 04 00 FF	inquiry	Power	
2026-09-18T11:02:45.166	processor:33730	tx	90 50 02 FF	reply		
2026-09-18T11:02:45.186	processor:33730	rx	81 09 08 01 FF	inquiry	TrackingFraming	
2026-09-18T11:02:45.187	processor:33730	tx	90 50 02 FF	reply		
2026-09-18T11:02:45.199	processor:33730	rx	81 09 04 39 FF	inquiry	AutoExposure	
2026-09-18T11:02:45.199	processor:33730	tx	90 50 00 FF	reply		
2026-09-18T11:02:45.209	processor:33730	rx	81 09 04 35 FF	inquiry	WhiteBalance	
2026-09-18T11:02:45.209	processor:33730	tx	90 50 03 FF	reply		
2026-09-18T11:02:45.218	processor:33730	rx	81 09 04 38 FF	inquiry	AutoFocus	
2026-09-18T11:02:45.218	processor:33730	tx	90 50 02 FF	reply		
2026-09-18T11:02:45.229	processor:33730	rx	81 09 04 33 FF	inquiry	Backlight	
2026-09-18T11:02:45.230	processor:33730	tx	90 50 03 FF	reply		
2026-09-18T11:02:45.239	processor:33730	rx	81 09 04 62 FF	inquiry	FreezeFrame	
2026-09-18T11:02:45.240	processor:33730	tx	90 50 02 FF	reply		
2026-09-18T11:02:45.249	processor:33730	rx	81 09 04 47 FF	inquiry	ZoomPosition	
2026-09-18T11:02:45.249	processor:33730	tx	90 50 01 0F 04 00 FF	reply		
2026-09-18T11:02:45.260	processor:33730	rx	81 09 06 12 FF	inquiry	PanTiltPosition	
2026-09-18T11:02:45.260	processor:33730	tx	90 50 00 03 0E 08 0F 0E 00 0C FF	reply		
2026-09-18T11:02:45.270	processor:33730	rx	81 09 06 12 FF	inquiry	PanTiltPosition	
2026-09-18T11:02:45.270	processor:33730	tx	90 50 00 03 0E 08 0F 0E 00 0C FF	reply		
2026-09-18T11:02:45.280	processor:33730	rx	81 C2 09 08 FF	inquiry	CameraOutput	
2026-09-18T11:02:45.281	processor:33730	tx	90 50 01 01 FF	reply		
2026-09-18T11:02:48.247	processor:33730	rx	81 09 04 00 FF	inquiry	Power	
2026-09-18T11:02:48.248	processor:33730	tx	90 50 02 FF	reply		
2026-09-18T11:02:48.266	processor:33730	rx	81 09 08 01 FF	inquiry	TrackingFraming	
2026-09-18T11:02:48.266	processor:33730	tx	90 50 02 FF	reply		
2026-09-18T11:02:48.276	processor:33730	rx	81 09 04 39 FF	inquiry	AutoExposure	
2026-09-18T11:02:48.276	processor:33730	tx	90 50 00 FF	reply		
2026-09-18T11:02:48.287	processor:33730	rx	81 09 04 35 FF	inquiry	WhiteBalance	
2026-09-18T11:02:48.287	processor:33730	tx	90 50 03 FF	reply		
2026-09-18T11:02:48.297	processor:33730	rx	81 09 04 38 FF	inquiry	AutoFocus	
2026-09-18T11:02:48.297	processor:33730	tx	90 50 02 FF	reply		
2026-09-18T11:02:48.306	processor:33730	rx	81 09 04 33 FF	inquiry	Backlight	
2026-09-18T11:02:48.307	processor:33730	tx	90 50 03 FF	reply		
2026-09-18T11:02:48.316	processor:33730	rx	81 09 04 62 FF	inquiry	FreezeFrame	
2026-09-18T11:02:48.317	processor:33730	tx	90 50 02 FF	reply		
2026-09-18T11:02:48.326	processor:33730	rx	81 09 04 47 FF	inquiry	ZoomPosition	
2026-09-18T11:02:48.326	processor:33730	tx	90 50 01 0F 04 00 FF	reply		
2026-09-18T11:02:48.338	processor:33730	rx	81 09 06 12 FF	inquiry	PanTiltPosition	
2026-09-18T11:02:48.339	processor:33730	tx	90 50 00 03 0E 08 0F 0E 00 0C FF	reply		
2026-09-18T11:02:48.349	processor:33730	rx	81 09 06 12 FF	inquiry	PanTiltPosition	
2026-09-18T11:02:48.349	processor:33730	tx	90 50 00 03 0E 08 0F 0E 00 0C FF	reply		
2026-09-18T11:02:48.360	processor:33730	rx	81 C2 09 08 FF	inquiry	CameraOutput	
2026-09-18T11:02:48.360	processor:33730	tx	90 50 01 01 FF	reply		
2026-09-18T11:02:51.328	processor:33730	rx	81 09 04 00 FF	inquiry	Power	
2026-09-18T11:02:51.329	processor:33730	tx	90 50 02 FF	reply		
2026-09-18T11:02:51.349	processor:33730	rx	81 09 08 01 FF	inquiry	TrackingFraming	
2026-09-18T11:02:51.349	processor:33730	tx	90 50 02 FF	reply		
2026-09-18T11:02:51.359	processor:33730	rx	81 09 04 39 FF	inquiry	AutoExposure	
2026-09-18T11:02:51.359	processor:33730	tx	90 50 00 FF	reply		
2026-09-18T11:02:51.369	processor:33730	rx	81 09 04 35 FF	inquiry	WhiteBalance	
2026-09-18T11:02:51.369	processor:33730	tx	90 50 03 FF	reply		
2026-09-18T11:02:51.380	processor:33730	rx	81 09 04 38 FF	inquiry	AutoFocus	
2026-09-18T11:02:51.380	processor:33730	tx	90 50 02 FF	reply		
2026-09-18T11:02:51.390	processor:33730	rx	81 09 04 33 FF	inquiry	Backlight	
2026-09-18T11:02:51.391	processor:33730	tx	90 50 03 FF	reply		
2026-09-18T11:02:51.399	processor:33730	rx	81 09 04 62 FF	inquiry	FreezeFrame	
2026-09-18T11:02:51.399	processor:33730	tx	90 50 02 FF	reply		
2026-09-18T11:02:51.410	processor:33730	rx	81 09 04 47 FF	inquiry	ZoomPosition	
2026-09-18T11:02:51.410	processor:33730	tx	90 50 01 0F 04 00 FF	reply		
2026-09-18T11:02:51.419	processor:33730	rx	81 09 06 12 FF	inquiry	PanTiltPosition	
2026-09-18T11:02:51.420	processor:33730	tx	90 50 00 03 0E 08 0F 0E 00 0C FF	reply		
2026-09-18T11:02:51.431	processor:33730	rx	81 09 06 12 FF	inquiry	PanTiltPosition	
2026-09-18T11:02:51.431	processor:33730	tx	90 50 00 03 0E 08 0F 0E 00 0C FF	reply		
2026-09-18T11:02:51.440	processor:33730	rx	81 C2 09 08 FF	inquiry	CameraOutput	
2026-09-18T11:02:51.440	processor:33730	tx	90 50 01 01 FF	reply		
2026-09-18T11:02:54.469	processor:33730	rx	81 09 04 00 FF	inquiry	Power	
2026-09-18T11:02:54.470	processor:33730	tx	90 50 02 FF	reply		
2026-09-18T11:02:54.503	processor:33730	rx	81 09 08 01 FF	inquiry	TrackingFraming	
2026-09-18T11:02:54.503	processor:33730	tx	90 50 02 FF	reply		
2026-09-18T11:02:54.530	processor:33730	rx	81 09 04 39 FF	inquiry	AutoExposure	
2026-09-18T11:02:54.531	processor:33730	tx	90 50 00 FF	reply		
2026-09-18T11:02:54.556	processor:33730	rx	81 09 04 35 FF	inquiry	WhiteBalance	
2026-09-18T11:02:54.556	processor:33730	tx	90 50 03 FF	reply		
2026-09-18T11:02:54.580	processor:33730	rx	81 09 04 38 FF	inquiry	AutoFocus	
2026-09-18T11:02:54.580	processor:33730	tx	90 50 02 FF	reply		
2026-09-18T11:02:54.603	processor:33730	rx	81 09 04 33 FF	inquiry	Backlight	
2026-09-18T11:02:54.603	processor:33730	tx	90 50 03 FF	reply		
2026-09-18T11:02:54.613	processor:33730	rx	81 09 04 62 FF	inquiry	FreezeFrame	
2026-09-18T11:02:54.613	processor:33730	tx	90 50 02 FF	reply		
2026-09-18T11:02:54.622	processor:33730	rx	81 09 04 47 FF	inquiry	ZoomPosition	
2026-09-18T11:02:54.622	processor:33730	tx	90 50 01 0F 04 00 FF	reply		
2026-09-18T11:02:54.633	processor:33730	rx	81 09 06 12 FF	inquiry	PanTiltPosition	
2026-09-18T11:02:54.633	processor:33730	tx	90 50 00 03 0E 08 0F 0E 00 0C FF	reply		
2026-09-18T11:02:54.642	processor:33730	rx	81 09 06 12 FF	inquiry	PanTiltPosition	
2026-09-18T11:02:54.642	processor:33730	tx	90 50 00 03 0E 08 0F 0E 00 0C FF	reply		
2026-09-18T11:02:54.652	processor:33730	rx	81 C2 09 08 FF	inquiry	CameraOutput	
2026-09-18T11:02:54.652	processor:33730	tx	90 50 01 01 FF	reply		
2026-09-18T11:02:57.576	processor:33730	rx	81 09 04 00 FF	inquiry	Power	
2026-09-18T11:02:57.576	processor:33730	tx	90 50 02 FF	reply		
2026-09-18T11:02:57.593	processor:33730	rx	81 09 08 01 FF	inquiry	TrackingFraming	
2026-09-18T11:02:57.594	processor:33730	tx	90 50 02 FF	reply		
2026-09-18T11:02:57.604	processor:33730	rx	81 09 04 39 FF	inquiry	AutoExposure	
2026-09-18T11:02:57.604	processor:33730	tx	90 50 00 FF	reply		
2026-09-18T11:02:57.614	processor:33730	rx	81 09 04 35 FF	inquiry	WhiteBalance	
2026-09-18T11:02:57.614	processor:33730	tx	90 50 03 FF	reply		
2026-09-18T11:02:57.625	processor:33730	rx	81 09 04 38 FF	inquiry	AutoFocus	
2026-09-18T11:02:57.626	processor:33730	tx	90 50 02 FF	reply		
2026-09-18T11:02:57.635	processor:33730	rx	81 09 04 33 FF	inquiry	Backlight	
2026-09-18T11:02:57.635	processor:33730	tx	90 50 03 FF	reply		
2026-09-18T11:02:57.644	processor:33730	rx	81 09 04 62 FF	inquiry	FreezeFrame	
2026-09-18T11:02:57.645	processor:33730	tx	90 50 02 FF	reply		
2026-09-18T11:02:57.654	processor:33730	rx	81 09 04 47 FF	inquiry	ZoomPosition	
2026-09-18T11:02:57.654	processor:33730	tx	90 50 01 0F 04 00 FF	reply		
2026-09-18T11:02:57.666	processor:33730	rx	81 09 06 12 FF	inquiry	PanTiltPosition	
2026-09-18T11:02:57.666	processor:33730	tx	90 50 00 03 0E 08 0F 0E 00 0C FF	reply		
2026-09-18T11:02:57.677	processor:33730	rx	81 09 06 12 FF	inquiry	PanTiltPosition	
2026-09-18T11:02:57.677	processor:33730	tx	90 50 00 03 0E 08 0F 0E 00 0C FF	reply		
2026-09-18T11:02:57.686	processor:33730	rx	81 C2 09 08 FF	inquiry	CameraOutput	
2026-09-18T11:02:57.687	processor:33730	tx	90 50 01 01 FF	reply		
2026-09-18T11:03:00.654	processor:33730	rx	81 09 04 00 FF	inquiry	Power	
2026-09-18T11:03:00.654	processor:33730	tx	90 50 02 FF	reply		
2026-09-18T11:03:00.670	processor:33730	rx	81 09 08 01 FF	inquiry	TrackingFraming	
2026-09-18T11:03:00.670	processor:33730	tx	90 50 02 FF	reply		
2026-09-18T11:03:00.680	processor:33730	rx	81 09 04 39 FF	inquiry	AutoExposure	
2026-09-18T11:03:00.680	processor:33730	tx	90 50 00 FF	reply		
2026-09-18T11:03:00.692	processor:33730	rx	81 09 04 35 FF	inquiry	WhiteBalance	
2026-09-18T11:03:00.692	processor:33730	tx	90 50 03 FF	reply		
2026-09-18T11:03:00.702	processor:33730	rx	81 09 04 38 FF	inquiry	AutoFocus	
2026-09-18T11:03:00.703	processor:33730	tx	90 50 02 FF	reply		
2026-09-18T11:03:00.713	processor:33730	rx	81 09 04 33 FF	inquiry	Backlight	
2026-09-18T11:03:00.713	processor:33730	tx	90 50 03 FF	reply		
2026-09-18T11:03:00.722	processor:33730	rx	81 09 04 62 FF	inquiry	FreezeFrame	
2026-09-18T11:03:00.723	processor:33730	tx	90 50 02 FF	reply		
2026-09-18T11:03:00.731	processor:33730	rx	81 09 04 47 FF	inquiry	ZoomPosition	
2026-09-18T11:03:00.732	processor:33730	tx	90 50 01 0F 04 00 FF	reply		
2026-09-18T11:03:00.742	processor:33730	rx	81 09 06 12 FF	inquiry	PanTiltPosition	
2026-09-18T11:03:00.742	processor:33730	tx	90 50 00 03 0E 08 0F 0E 00 0C FF	reply		
2026-09-18T11:03:00.753	processor:33730	rx	81 09 06 12 FF	inquiry	PanTiltPosition	
2026-09-18T11:03:00.753	processor:33730	tx	90 50 00 03 0E 08 0F 0E 00 0C FF	reply		
2026-09-18T11:03:00.763	processor:33730	rx	81 C2 09 08 FF	inquiry	CameraOutput	
2026-09-18T11:03:00.763	processor:33730	tx	90 50 01 01 FF	reply		
2026-09-18T11:03:03.736	processor:33730	rx	81 09 04 00 FF	inquiry	Power	
2026-09-18T11:03:03.736	processor:33730	tx	90 50 02 FF	reply		
2026-09-18T11:03:03.750	processor:33730	rx	81 09 08 01 FF	inquiry	TrackingFraming	
2026-09-18T11:03:03.751	processor:33730	tx	90 50 02 FF	reply		
2026-09-18T11:03:03.763	processor:33730	rx	81 09 04 39 FF	inquiry	AutoExposure	
2026-09-18T11:03:03.763	processor:33730	tx	90 50 00 FF	reply		
2026-09-18T11:03:03.771	processor:33730	rx	81 09 04 35 FF	inquiry	WhiteBalance	
2026-09-18T11:03:03.772	processor:33730	tx	90 50 03 FF	reply		
2026-09-18T11:03:03.782	processor:33730	rx	81 09 04 38 FF	inquiry	AutoFocus	
2026-09-18T11:03:03.782	processor:33730	tx	90 50 02 FF	reply		
2026-09-18T11:03:03.792	processor:33730	rx	81 09 04 33 FF	inquiry	Backlight	
2026-09-18T11:03:03.792	processor:33730	tx	90 50 03 FF	reply		
2026-09-18T11:03:03.803	processor:33730	rx	81 09 04 62 FF	inquiry	FreezeFrame	
2026-09-18T11:03:03.804	processor:33730	tx	90 50 02 FF	reply		
2026-09-18T11:03:03.813	processor:33730	rx	81 09 04 47 FF	inquiry	ZoomPosition	
2026-09-18T11:03:03.814	processor:33730	tx	90 50 01 0F 04 00 FF	reply		
2026-09-18T11:03:03.823	processor:33730	rx	81 09 06 12 FF	inquiry	PanTiltPosition	
2026-09-18T11:03:03.824	processor:33730	tx	90 50 00 03 0E 08 0F 0E 00 0C FF	reply		
2026-09-18T11:03:03.832	processor:33730	rx	81 09 06 12 FF	inquiry	PanTiltPosition	
2026-09-18T11:03:03.832	processor:33730	tx	90 50 00 03 0E 08 0F 0E 00 0C FF	reply		
2026-09-18T11:03:03.842	processor:33730	rx	81 C2 09 08 FF	inquiry	CameraOutput	
2026-09-18T11:03:03.842	processor:33730	tx	90 50 01 01 FF	reply		
2026-09-18T11:03:06.828	processor:33730	rx	81 09 04 00 FF	inquiry	Power	
2026-09-18T11:03:06.829	processor:33730	tx	90 50 02 FF	reply		
2026-09-18T11:03:06.844	processor:33730	rx	81 09 08 01 FF	inquiry	TrackingFraming	
2026-09-18T11:03:06.844	processor:33730	tx	90 50 02 FF	reply		
2026-09-18T11:03:06.854	processor:33730	rx	81 09 04 39 FF	inquiry	AutoExposure	
2026-09-18T11:03:06.854	processor:33730	tx	90 50 00 FF	reply		
2026-09-18T11:03:06.864	processor:33730	rx	81 09 04 35 FF	inquiry	WhiteBalance	
2026-09-18T11:03:06.865	processor:33730	tx	90 50 03 FF	reply		
2026-09-18T11:03:06.874	processor:33730	rx	81 09 04 38 FF	inquiry	AutoFocus	
2026-09-18T11:03:06.875	processor:33730	tx	90 50 02 FF	reply		
2026-09-18T11:03:06.885	processor:33730	rx	81 09 04 33 FF	inquiry	Backlight	
2026-09-18T11:03:06.885	processor:33730	tx	90 50 03 FF	reply		
2026-09-18T11:03:06.894	processor:33730	rx	81 09 04 62 FF	inquiry	FreezeFrame	
2026-09-18T11:03:06.894	processor:33730	tx	90 50 02 FF	reply		
2026-09-18T11:03:06.904	processor:33730	rx	81 09 04 47 FF	inquiry	ZoomPosition	
2026-09-18T11:03:06.904	processor:33730	tx	90 50 01 0F 04 00 FF	reply		
2026-09-18T11:03:06.915	processor:33730	rx	81 09 06 12 FF	inquiry	PanTiltPosition	
2026-09-18T11:03:06.916	processor:33730	tx	90 50 00 03 0E 08 0F 0E 00 0C FF	reply		
2026-09-18T11:03:06.925	processor:33730	rx	81 09 06 12 FF	inquiry	PanTiltPosition	
2026-09-18T11:03:06.925	processor:33730	tx	90 50 00 03 0E 08 0F 0E 00 0C FF	reply		
2026-09-18T11:03:06.935	processor:33730	rx	81 C2 09 08 FF	inquiry	CameraOutput	
2026-09-18T11:03:06.935	processor:33730	tx	90 50 01 01 FF	reply		
2026-09-18T11:03:09.948	processor:33730	rx	81 09 04 00 FF	inquiry	Power	
2026-09-18T11:03:09.948	processor:33730	tx	90 50 02 FF	reply		
2026-09-18T11:03:09.964	processor:33730	rx	81 09 08 01 FF	inquiry	TrackingFraming	
2026-09-18T11:03:09.965	processor:33730	tx	90 50 02 FF	reply		
2026-09-18T11:03:09.976	processor:33730	rx	81 09 04 39 FF	inquiry	AutoExposure	
2026-09-18T11:03:09.976	processor:33730	tx	90 50 00 FF	reply		
2026-09-18T11:03:09.987	processor:33730	rx	81 09 04 35 FF	inquiry	WhiteBalance	
2026-09-18T11:03:09.987	processor:33730	tx	90 50 03 FF	reply		
2026-09-18T11:03:09.997	processor:33730	rx	81 09 04 38 FF	inquiry	AutoFocus	
2026-09-18T11:03:09.997	processor:33730	tx	90 50 02 FF	reply		
2026-09-18T11:03:10.007	processor:33730	rx	81 09 04 33 FF	inquiry	Backlight	
2026-09-18T11:03:10.007	processor:33730	tx	90 50 03 FF	reply		
2026-09-18T11:03:10.017	processor:33730	rx	81 09 04 62 FF	inquiry	FreezeFrame	
2026-09-18T11:03:10.017	processor:33730	tx	90 50 02 FF	reply		
2026-09-18T11:03:10.027	processor:33730	rx	81 09 04 47 FF	inquiry	ZoomPosition	
2026-09-18T11:03:10.027	processor:33730	tx	90 50 01 0F 04 00 FF	reply		
2026-09-18T11:03:10.037	processor:33730	rx	81 09 06 12 FF	inquiry	PanTiltPosition	
2026-09-18T11:03:10.037	processor:33730	tx	90 50 00 03 0E 08 0F 0E 00 0C FF	reply		
2026-09-18T11:03:10.046	processor:33730	rx	81 09 06 12 FF	inquiry	PanTiltPosition	
2026-09-18T11:03:10.047	processor:33730	tx	90 50 00 03 0E 08 0F 0E 00 0C FF	reply		
2026-09-18T11:03:10.057	processor:33730	rx	81 C2 09 08 FF	inquiry	CameraOutput	
2026-09-18T11:03:10.057	processor:33730	tx	90 50 01 01 FF	reply		
2026-09-18T11:03:13.050	processor:33730	rx	81 09 04 00 FF	inquiry	Power	
2026-09-18T11:03:13.051	processor:33730	tx	90 50 02 FF	reply		
2026-09-18T11:03:13.065	processor:33730	rx	81 09 08 01 FF	inquiry	TrackingFraming	
2026-09-18T11:03:13.065	processor:33730	tx	90 50 02 FF	reply		
2026-09-18T11:03:13.075	processor:33730	rx	81 09 04 39 FF	inquiry	AutoExposure	
2026-09-18T11:03:13.076	processor:33730	tx	90 50 00 FF	reply		
2026-09-18T11:03:13.087	processor:33730	rx	81 09 04 35 FF	inquiry	WhiteBalance	
2026-09-18T11:03:13.087	processor:33730	tx	90 50 03 FF	reply		
2026-09-18T11:03:13.096	processor:33730	rx	81 09 04 38 FF	inquiry	AutoFocus	
2026-09-18T11:03:13.097	processor:33730	tx	90 50 02 FF	reply		
2026-09-18T11:03:13.105	processor:33730	rx	81 09 04 33 FF	inquiry	Backlight	
2026-09-18T11:03:13.105	processor:33730	tx	90 50 03 FF	reply		
2026-09-18T11:03:13.116	processor:33730	rx	81 09 04 62 FF	inquiry	FreezeFrame	
2026-09-18T11:03:13.116	processor:33730	tx	90 50 02 FF	reply		
2026-09-18T11:03:13.126	processor:33730	rx	81 09 04 47 FF	inquiry	ZoomPosition	
2026-09-18T11:03:13.126	processor:33730	tx	90 50 01 0F 04 00 FF	reply		
2026-09-18T11:03:13.136	processor:33730	rx	81 09 06 12 FF	inquiry	PanTiltPosition	
2026-09-18T11:03:13.137	processor:33730	tx	90 50 00 03 0E 08 0F 0E 00 0C FF	reply		
2026-09-18T11:03:13.148	processor:33730	rx	81 09 06 12 FF	inquiry	PanTiltPosition	
2026-09-18T11:03:13.148	processor:33730	tx	90 50 00 03 0E 08 0F 0E 00 0C FF	reply		
2026-09-18T11:03:13.158	processor:33730	rx	81 C2 09 08 FF	inquiry	CameraOutput	
2026-09-18T11:03:13.159	processor:33730	tx	90 50 01 01 FF	reply		
2026-09-18T11:03:16.119	processor:33730	rx	81 09 04 00 FF	inquiry	Power	
2026-09-18T11:03:16.120	processor:33730	tx	90 50 02 FF	reply		
2026-09-18T11:03:16.135	processor:33730	rx	81 09 08 01 FF	inquiry	TrackingFraming	
2026-09-18T11:03:16.136	processor:33730	tx	90 50 02 FF	reply		
2026-09-18T11:03:16.146	processor:33730	rx	81 09 04 39 FF	inquiry	AutoExposure	
2026-09-18T11:03:16.146	processor:33730	tx	90 50 00 FF	reply		
2026-09-18T11:03:16.157	processor:33730	rx	81 09 04 35 FF	inquiry	WhiteBalance	
2026-09-18T11:03:16.157	processor:33730	tx	90 50 03 FF	reply		
2026-09-18T11:03:16.166	processor:33730	rx	81 09 04 38 FF	inquiry	AutoFocus	
2026-09-18T11:03:16.167	processor:33730	tx	90 50 02 FF	reply		
2026-09-18T11:03:16.176	processor:33730	rx	81 09 04 33 FF	inquiry	Backlight	
2026-09-18T11:03:16.176	processor:33730	tx	90 50 03 FF	reply		
2026-09-18T11:03:16.187	processor:33730	rx	81 09 04 62 FF	inquiry	FreezeFrame	
2026-09-18T11:03:16.187	processor:33730	tx	90 50 02 FF	reply		
2026-09-18T11:03:16.197	processor:33730	rx	81 09 04 47 FF	inquiry	ZoomPosition	
2026-09-18T11:03:16.197	processor:33730	tx	90 50 01 0F 04 00 FF	reply		
2026-09-18T11:03:16.207	processor:33730	rx	81 09 06 12 FF	inquiry	PanTiltPosition	
2026-09-18T11:03:16.207	processor:33730	tx	90 50 00 03 0E 08 0F 0E 00 0C FF	reply		
2026-09-18T11:03:16.217	processor:33730	rx	81 09 06 12 FF	inquiry	PanTiltPosition	
2026-09-18T11:03:16.217	processor:33730	tx	90 50 00 03 0E 08 0F 0E 00 0C FF	reply		
2026-09-18T11:03:16.227	processor:33730	rx	81 C2 09 08 FF	inquiry	CameraOutput	
2026-09-18T11:03:16.227	processor:33730	tx	90 50 01 01 FF	reply		
2026-09-18T11:03:19.220	processor:33730	rx	81 09 04 00 FF	inquiry	Power	
2026-09-18T11:03:19.221	processor:33730	tx	90 50 02 FF	reply		
2026-09-18T11:03:19.244	processor:33730	rx	81 09 08 01 FF	inquiry	TrackingFraming	
2026-09-18T11:03:19.244	processor:33730	tx	90 50 02 FF	reply		
2026-09-18T11:03:19.264	processor:33730	rx	81 09 04 39 FF	inquiry	AutoExposure	
2026-09-18T11:03:19.264	processor:33730	tx	90 50 00 FF	reply		
2026-09-18T11:03:19.280	processor:33730	rx	81 09 04 35 FF	inquiry	WhiteBalance	
2026-09-18T11:03:19.282	processor:33730	tx	90 50 03 FF	reply		
2026-09-18T11:03:19.292	processor:33730	rx	81 09 04 38 FF	inquiry	AutoFocus	
2026-09-18T11:03:19.293	processor:33730	tx	90 50 02 FF	reply		
2026-09-18T11:03:19.302	processor:33730	rx	81 09 04 33 FF	inquiry	Backlight	
2026-09-18T11:03:19.302	processor:33730	tx	90 50 03 FF	reply		
2026-09-18T11:03:19.312	processor:33730	rx	81 09 04 62 FF	inquiry	FreezeFrame	
2026-09-18T11:03:19.312	processor:33730	tx	90 50 02 FF	reply		
2026-09-18T11:03:19.320	processor:33730	rx	81 09 04 47 FF	inquiry	ZoomPosition	
2026-09-18T11:03:19.322	processor:33730	tx	90 50 01 0F 04 00 FF	reply		
2026-09-18T11:03:19.331	processor:33730	rx	81 09 06 12 FF	inquiry	PanTiltPosition	
2026-09-18T11:03:19.331	processor:33730	tx	90 50 00 03 0E 08 0F 0E 00 0C FF	reply		
2026-09-18T11:03:19.342	processor:33730	rx	81 09 06 12 FF	inquiry	PanTiltPosition	
2026-09-18T11:03:19.342	processor:33730	tx	90 50 00 03 0E 08 0F 0E 00 0C FF	reply		
2026-09-18T11:03:19.352	processor:33730	rx	81 C2 09 08 FF	inquiry	CameraOutput	
2026-09-18T11:03:19.352	processor:33730	tx	90 50 01 01 FF	reply		
2026-09-18T11:03:22.330	processor:33730	rx	81 09 04 00 FF	inquiry	Power	
2026-09-18T11:03:22.331	processor:33730	tx	90 50 02 FF	reply		
2026-09-18T11:03:22.346	processor:33730	rx	81 09 08 01 FF	inquiry	TrackingFraming	
2026-09-18T11:03:22.346	processor:33730	tx	90 50 02 FF	reply		
2026-09-18T11:03:22.356	processor:33730	rx	81 09 04 39 FF	inquiry	AutoExposure	
2026-09-18T11:03:22.356	processor:33730	tx	90 50 00 FF	reply		
2026-09-18T11:03:22.366	processor:33730	rx	81 09 04 35 FF	inquiry	WhiteBalance	
2026-09-18T11:03:22.367	processor:33730	tx	90 50 03 FF	reply		
2026-09-18T11:03:22.376	processor:33730	rx	81 09 04 38 FF	inquiry	AutoFocus	
2026-09-18T11:03:22.376	processor:33730	tx	90 50 02 FF	reply		
2026-09-18T11:03:22.386	processor:33730	rx	81 09 04 33 FF	inquiry	Backlight	
2026-09-18T11:03:22.386	processor:33730	tx	90 50 03 FF	reply		
2026-09-18T11:03:22.396	processor:33730	rx	81 09 04 62 FF	inquiry	FreezeFrame	
2026-09-18T11:03:22.397	processor:33730	tx	90 50 02 FF	reply		
2026-09-18T11:03:22.407	processor:33730	rx	81 09 04 47 FF	inquiry	ZoomPosition	
2026-09-18T11:03:22.407	processor:33730	tx	90 50 01 0F 04 00 FF	reply		
2026-09-18T11:03:22.418	processor:33730	rx	81 09 06 12 FF	inquiry	PanTiltPosition	
2026-09-18T11:03:22.418	processor:33730	tx	90 50 00 03 0E 08 0F 0E 00 0C FF	reply		
2026-09-18T11:03:22.458	processor:33730	rx	81 09 06 12 FF	inquiry	PanTiltPosition	
2026-09-18T11:03:22.459	processor:33730	tx	90 50 00 03 0E 08 0F 0E 00 0C FF	reply		
2026-09-18T11:03:22.479	processor:33730	rx	81 C2 09 08 FF	inquiry	CameraOutput	
2026-09-18T11:03:22.481	processor:33730	tx	90 50 01 01 FF	reply		
2026-09-18T11:03:25.498	processor:33730	rx	81 09 04 00 FF	inquiry	Power	
2026-09-18T11:03:25.498	processor:33730	tx	90 50 02 FF	reply		
2026-09-18T11:03:25.515	processor:33730	rx	81 09 08 01 FF	inquiry	TrackingFraming	
2026-09-18T11:03:25.515	processor:33730	tx	90 50 02 FF	reply		
2026-09-18T11:03:25.525	processor:33730	rx	81 09 04 39 FF	inquiry	AutoExposure	
2026-09-18T11:03:25.526	processor:33730	tx	90 50 00 FF	reply		
2026-09-18T11:03:25.537	processor:33730	rx	81 09 04 35 FF	inquiry	WhiteBalance	
2026-09-18T11:03:25.537	processor:33730	tx	90 50 03 FF	reply		
2026-09-18T11:03:25.550	processor:33730	rx	81 09 04 38 FF	inquiry	AutoFocus	
2026-09-18T11:03:25.550	processor:33730	tx	90 50 02 FF	reply		
2026-09-18T11:03:25.561	processor:33730	rx	81 09 04 33 FF	inquiry	Backlight	
2026-09-18T11:03:25.561	processor:33730	tx	90 50 03 FF	reply		
2026-09-18T11:03:25.572	processor:33730	rx	81 09 04 62 FF	inquiry	FreezeFrame	
2026-09-18T11:03:25.572	processor:33730	tx	90 50 02 FF	reply		
2026-09-18T11:03:25.583	processor:33730	rx	81 09 04 47 FF	inquiry	ZoomPosition	
2026-09-18T11:03:25.584	processor:33730	tx	90 50 01 0F 04 00 FF	reply		
2026-09-18T11:03:25.594	processor:33730	rx	81 09 06 12 FF	inquiry	PanTiltPosition	
2026-09-18T11:03:25.594	processor:33730	tx	90 50 00 03 0E 08 0F 0E 00 0C FF	reply		
2026-09-18T11:03:25.604	processor:33730	rx	81 09 06 12 FF	inquiry	PanTiltPosition	
2026-09-18T11:03:25.604	processor:33730	tx	90 50 00 03 0E 08 0F 0E 00 0C FF	reply		
2026-09-18T11:03:25.614	processor:33730	rx	81 C2 09 08 FF	inquiry	CameraOutput	
2026-09-18T11:03:25.614	processor:33730	tx	90 50 01 01 FF	reply		
2026-09-18T11:03:28.576	processor:33730	rx	81 09 04 00 FF	inquiry	Power	
2026-09-18T11:03:28.576	processor:33730	tx	90 50 02 FF	reply		
2026-09-18T11:03:28.593	processor:33730	rx	81 09 08 01 FF	inquiry	TrackingFraming	
2026-09-18T11:03:28.593	processor:33730	tx	90 50 02 FF	reply		
2026-09-18T11:03:28.602	processor:33730	rx	81 09 04 39 FF	inquiry	AutoExposure	
2026-09-18T11:03:28.602	processor:33730	tx	90 50 00 FF	reply		
2026-09-18T11:03:28.614	processor:33730	rx	81 09 04 35 FF	inquiry	WhiteBalance	
2026-09-18T11:03:28.614	processor:33730	tx	90 50 03 FF	reply		
2026-09-18T11:03:28.624	processor:33730	rx	81 09 04 38 FF	inquiry	AutoFocus	
2026-09-18T11:03:28.625	processor:33730	tx	90 50 02 FF	reply		
2026-09-18T11:03:28.634	processor:33730	rx	81 09 04 33 FF	inquiry	Backlight	
2026-09-18T11:03:28.634	processor:33730	tx	90 50 03 FF	reply		
2026-09-18T11:03:28.644	processor:33730	rx	81 09 04 62 FF	inquiry	FreezeFrame	
2026-09-18T11:03:28.644	processor:33730	tx	90 50 02 FF	reply		
2026-09-18T11:03:28.654	processor:33730	rx	81 09 04 47 FF	inquiry	ZoomPosition	
2026-09-18T11:03:28.654	processor:33730	tx	90 50 01 0F 04 00 FF	reply		
2026-09-18T11:03:28.664	processor:33730	rx	81 09 06 12 FF	inquiry	PanTiltPosition	
2026-09-18T11:03:28.664	processor:33730	tx	90 50 00 03 0E 08 0F 0E 00 0C FF	reply		
2026-09-18T11:03:28.674	processor:33730	rx	81 09 06 12 FF	inquiry	PanTiltPosition	
2026-09-18T11:03:28.675	processor:33730	tx	90 50 00 03 0E 08 0F 0E 00 0C FF	reply		
2026-09-18T11:03:28.685	processor:33730	rx	81 C2 09 08 FF	inquiry	CameraOutput	
2026-09-18T11:03:28.685	processor:33730	tx	90 50 01 01 FF	reply		
2026-09-18T11:03:31.665	processor:33730	rx	81 09 04 00 FF	inquiry	Power	
2026-09-18T11:03:31.665	processor:33730	tx	90 50 02 FF	reply		
2026-09-18T11:03:31.680	processor:33730	rx	81 09 08 01 FF	inquiry	TrackingFraming	
2026-09-18T11:03:31.681	processor:33730	tx	90 50 02 FF	reply		
2026-09-18T11:03:31.689	processor:33730	rx	81 09 04 39 FF	inquiry	AutoExposure	
2026-09-18T11:03:31.690	processor:33730	tx	90 50 00 FF	reply		
2026-09-18T11:03:31.699	processor:33730	rx	81 09 04 35 FF	inquiry	WhiteBalance	
2026-09-18T11:03:31.700	processor:33730	tx	90 50 03 FF	reply		
2026-09-18T11:03:31.709	processor:33730	rx	81 09 04 38 FF	inquiry	AutoFocus	
2026-09-18T11:03:31.710	processor:33730	tx	90 50 02 FF	reply		
2026-09-18T11:03:31.720	processor:33730	rx	81 09 04 33 FF	inquiry	Backlight	
2026-09-18T11:03:31.720	processor:33730	tx	90 50 03 FF	reply		
2026-09-18T11:03:31.731	processor:33730	rx	81 09 04 62 FF	inquiry	FreezeFrame	
2026-09-18T11:03:31.731	processor:33730	tx	90 50 02 FF	reply		
2026-09-18T11:03:31.741	processor:33730	rx	81 09 04 47 FF	inquiry	ZoomPosition	
2026-09-18T11:03:31.742	processor:33730	tx	90 50 01 0F 04 00 FF	reply		
2026-09-18T11:03:31.752	processor:33730	rx	81 09 06 12 FF	inquiry	PanTiltPosition	
2026-09-18T11:03:31.752	processor:33730	tx	90 50 00 03 0E 08 0F 0E 00 0C FF	reply		
2026-09-18T11:03:31.761	processor:33730	rx	81 09 06 12 FF	inquiry	PanTiltPosition	
2026-09-18T11:03:31.762	processor:33730	tx	90 50 00 03 0E 08 0F 0E 00 0C FF	reply		
2026-09-18T11:03:31.772	processor:33730	rx	81 C2 09 08 FF	inquiry	CameraOutput	
2026-09-18T11:03:31.772	processor:33730	tx	90 50 01 01 FF	reply		
2026-09-18T11:03:34.739	processor:33730	rx	81 09 04 00 FF	inquiry	Power	
2026-09-18T11:03:34.739	processor:33730	tx	90 50 02 FF	reply		
2026-09-18T11:03:34.755	processor:33730	rx	81 09 08 01 FF	inquiry	TrackingFraming	
2026-09-18T11:03:34.755	processor:33730	tx	90 50 02 FF	reply		
2026-09-18T11:03:34.765	processor:33730	rx	81 09 04 39 FF	inquiry	AutoExposure	
2026-09-18T11:03:34.765	processor:33730	tx	90 50 00 FF	reply		
2026-09-18T11:03:34.775	processor:33730	rx	81 09 04 35 FF	inquiry	WhiteBalance	
2026-09-18T11:03:34.776	processor:33730	tx	90 50 03 FF	reply		
2026-09-18T11:03:34.786	processor:33730	rx	81 09 04 38 FF	inquiry	AutoFocus	
2026-09-18T11:03:34.786	processor:33730	tx	90 50 02 FF	reply		
2026-09-18T11:03:34.796	processor:33730	rx	81 09 04 33 FF	inquiry	Backlight	
2026-09-18T11:03:34.796	processor:33730	tx	90 50 03 FF	reply		
2026-09-18T11:03:34.805	processor:33730	rx	81 09 04 62 FF	inquiry	FreezeFrame	
2026-09-18T11:03:34.805	processor:33730	tx	90 50 02 FF	reply		
2026-09-18T11:03:34.815	processor:33730	rx	81 09 04 47 FF	inquiry	ZoomPosition	
2026-09-18T11:03:34.815	processor:33730	tx	90 50 01 0F 04 00 FF	reply		
2026-09-18T11:03:34.825	processor:33730	rx	81 09 06 12 FF	inquiry	PanTiltPosition	
2026-09-18T11:03:34.825	processor:33730	tx	90 50 00 03 0E 08 0F 0E 00 0C FF	reply		
2026-09-18T11:03:34.836	processor:33730	rx	81 09 06 12 FF	inquiry	PanTiltPosition	
2026-09-18T11:03:34.836	processor:33730	tx	90 50 00 03 0E 08 0F 0E 00 0C FF	reply		
2026-09-18T11:03:34.847	processor:33730	rx	81 C2 09 08 FF	inquiry	CameraOutput	
2026-09-18T11:03:34.847	processor:33730	tx	90 50 01 01 FF	reply		
2026-09-18T11:03:37.822	processor:33730	rx	81 09 04 00 FF	inquiry	Power	
2026-09-18T11:03:37.822	processor:33730	tx	90 50 02 FF	reply		
2026-09-18T11:03:37.838	processor:33730	rx	81 09 08 01 FF	inquiry	TrackingFraming	
2026-09-18T11:03:37.838	processor:33730	tx	90 50 02 FF	reply		
2026-09-18T11:03:37.849	processor:33730	rx	81 09 04 39 FF	inquiry	AutoExposure	
2026-09-18T11:03:37.849	processor:33730	tx	90 50 00 FF	reply		
2026-09-18T11:03:37.858	processor:33730	rx	81 09 04 35 FF	inquiry	WhiteBalance	
2026-09-18T11:03:37.859	processor:33730	tx	90 50 03 FF	reply		
2026-09-18T11:03:37.868	processor:33730	rx	81 09 04 38 FF	inquiry	AutoFocus	
2026-09-18T11:03:37.868	processor:33730	tx	90 50 02 FF	reply		
2026-09-18T11:03:37.877	processor:33730	rx	81 09 04 33 FF	inquiry	Backlight	
2026-09-18T11:03:37.878	processor:33730	tx	90 50 03 FF	reply		
2026-09-18T11:03:37.888	processor:33730	rx	81 09 04 62 FF	inquiry	FreezeFrame	
2026-09-18T11:03:37.888	processor:33730	tx	90 50 02 FF	reply		
2026-09-18T11:03:37.898	processor:33730	rx	81 09 04 47 FF	inquiry	ZoomPosition	
2026-09-18T11:03:37.898	processor:33730	tx	90 50 01 0F 04 00 FF	reply		
2026-09-18T11:03:37.909	processor:33730	rx	81 09 06 12 FF	inquiry	PanTiltPosition	
2026-09-18T11:03:37.909	processor:33730	tx	90 50 00 03 0E 08 0F 0E 00 0C FF	reply		
2026-09-18T11:03:37.918	processor:33730	rx	81 09 06 12 FF	inquiry	PanTiltPosition	
2026-09-18T11:03:37.919	processor:33730	tx	90 50 00 03 0E 08 0F 0E 00 0C FF	reply		
2026-09-18T11:03:37.927	processor:33730	rx	81 C2 09 08 FF	inquiry	CameraOutput	
2026-09-18T11:03:37.928	processor:33730	tx	90 50 01 01 FF	reply		
2026-09-18T11:03:40.998	processor:33730	rx	81 09 04 00 FF	inquiry	Power	
2026-09-18T11:03:40.998	processor:33730	tx	90 50 02 FF	reply		
2026-09-18T11:03:41.013	processor:33730	rx	81 09 08 01 FF	inquiry	TrackingFraming	
2026-09-18T11:03:41.014	processor:33730	tx	90 50 02 FF	reply		
2026-09-18T11:03:41.023	processor:33730	rx	81 09 04 39 FF	inquiry	AutoExposure	
2026-09-18T11:03:41.023	processor:33730	tx	90 50 00 FF	reply		
2026-09-18T11:03:41.033	processor:33730	rx	81 09 04 35 FF	inquiry	WhiteBalance	
2026-09-18T11:03:41.033	processor:33730	tx	90 50 03 FF	reply		
2026-09-18T11:03:41.053	processor:33730	rx	81 09 04 38 FF	inquiry	AutoFocus	
2026-09-18T11:03:41.053	processor:33730	tx	90 50 02 FF	reply		
2026-09-18T11:03:41.064	processor:33730	rx	81 09 04 33 FF	inquiry	Backlight	
2026-09-18T11:03:41.064	processor:33730	tx	90 50 03 FF	reply		
2026-09-18T11:03:41.075	processor:33730	rx	81 09 04 62 FF	inquiry	FreezeFrame	
2026-09-18T11:03:41.075	processor:33730	tx	90 50 02 FF	reply		
2026-09-18T11:03:41.084	processor:33730	rx	81 09 04 47 FF	inquiry	ZoomPosition	
2026-09-18T11:03:41.084	processor:33730	tx	90 50 01 0F 04 00 FF	reply		
2026-09-18T11:03:41.095	processor:33730	rx	81 09 06 12 FF	inquiry	PanTiltPosition	
2026-09-18T11:03:41.095	processor:33730	tx	90 50 00 03 0E 08 0F 0E 00 0C FF	reply		
2026-09-18T11:03:41.106	processor:33730	rx	81 09 06 12 FF	inquiry	PanTiltPosition	
2026-09-18T11:03:41.107	processor:33730	tx	90 50 00 03 0E 08 0F 0E 00 0C FF	reply		
2026-09-18T11:03:41.118	processor:33730	rx	81 C2 09 08 FF	inquiry	CameraOutput	
2026-09-18T11:03:41.118	processor:33730	tx	90 50 01 01 FF	reply		
2026-09-18T11:03:44.095	processor:33730	rx	81 09 04 00 FF	inquiry	Power	
2026-09-18T11:03:44.095	processor:33730	tx	90 50 02 FF	reply		
2026-09-18T11:03:44.111	processor:33730	rx	81 09 08 01 FF	inquiry	TrackingFraming	
2026-09-18T11:03:44.111	processor:33730	tx	90 50 02 FF	reply		
2026-09-18T11:03:44.122	processor:33730	rx	81 09 04 39 FF	inquiry	AutoExposure	
2026-09-18T11:03:44.122	processor:33730	tx	90 50 00 FF	reply		
2026-09-18T11:03:44.131	processor:33730	rx	81 09 04 35 FF	inquiry	WhiteBalance	
2026-09-18T11:03:44.132	processor:33730	tx	90 50 03 FF	reply		
2026-09-18T11:03:44.144	processor:33730	rx	81 09 04 38 FF	inquiry	AutoFocus	
2026-09-18T11:03:44.145	processor:33730	tx	90 50 02 FF	reply		
2026-09-18T11:03:44.155	processor:33730	rx	81 09 04 33 FF	inquiry	Backlight	
2026-09-18T11:03:44.156	processor:33730	tx	90 50 03 FF	reply		
2026-09-18T11:03:44.165	processor:33730	rx	81 09 04 62 FF	inquiry	FreezeFrame	
2026-09-18T11:03:44.165	processor:33730	tx	90 50 02 FF	reply		
2026-09-18T11:03:44.175	processor:33730	rx	81 09 04 47 FF	inquiry	ZoomPosition	
2026-09-18T11:03:44.175	processor:33730	tx	90 50 01 0F 04 00 FF	reply		
2026-09-18T11:03:44.185	processor:33730	rx	81 09 06 12 FF	inquiry	PanTiltPosition	
2026-09-18T11:03:44.185	processor:33730	tx	90 50 00 03 0E 08 0F 0E 00 0C FF	reply		
2026-09-18T11:03:44.195	processor:33730	rx	81 09 06 12 FF	inquiry	PanTiltPosition	
2026-09-18T11:03:44.195	processor:33730	tx	90 50 00 03 0E 08 0F 0E 00 0C FF	reply		
2026-09-18T11:03:44.204	processor:33730	rx	81 C2 09 08 FF	inquiry	CameraOutput	
2026-09-18T11:03:44.205	processor:33730	tx	90 50 01 01 FF	reply		
2026-09-18T11:03:47.172	processor:33730	rx	81 09 04 00 FF	inquiry	Power	
2026-09-18T11:03:47.172	processor:33730	tx	90 50 02 FF	reply		
2026-09-18T11:03:47.188	processor:33730	rx	81 09 08 01 FF	inquiry	TrackingFraming	
2026-09-18T11:03:47.189	processor:33730	tx	90 50 02 FF	reply		
2026-09-18T11:03:47.199	processor:33730	rx	81 09 04 39 FF	inquiry	AutoExposure	
2026-09-18T11:03:47.200	processor:33730	tx	90 50 00 FF	reply		
2026-09-18T11:03:47.208	processor:33730	rx	81 09 04 35 FF	inquiry	WhiteBalance	
2026-09-18T11:03:47.209	processor:33730	tx	90 50 03 FF	reply		
2026-09-18T11:03:47.218	processor:33730	rx	81 09 04 38 FF	inquiry	AutoFocus	
2026-09-18T11:03:47.218	processor:33730	tx	90 50 02 FF	reply		
2026-09-18T11:03:47.229	processor:33730	rx	81 09 04 33 FF	inquiry	Backlight	
2026-09-18T11:03:47.230	processor:33730	tx	90 50 03 FF	reply		
2026-09-18T11:03:47.248	processor:33730	rx	81 09 04 62 FF	inquiry	FreezeFrame	
2026-09-18T11:03:47.249	processor:33730	tx	90 50 02 FF	reply		
2026-09-18T11:03:47.283	processor:33730	rx	81 09 04 47 FF	inquiry	ZoomPosition	
2026-09-18T11:03:47.283	processor:33730	tx	90 50 01 0F 04 00 FF	reply		
2026-09-18T11:03:47.301	processor:33730	rx	81 09 06 12 FF	inquiry	PanTiltPosition	
2026-09-18T11:03:47.303	processor:33730	tx	90 50 00 03 0E 08 0F 0E 00 0C FF	reply		
2026-09-18T11:03:47.322	processor:33730	rx	81 09 06 12 FF	inquiry	PanTiltPosition	
2026-09-18T11:03:47.322	processor:33730	tx	90 50 00 03 0E 08 0F 0E 00 0C FF	reply		
2026-09-18T11:03:47.343	processor:33730	rx	81 C2 09 08 FF	inquiry	CameraOutput	
2026-09-18T11:03:47.344	processor:33730	tx	90 50 01 01 FF	reply		
2026-09-18T11:03:50.291	processor:33730	rx	81 09 04 00 FF	inquiry	Power	
2026-09-18T11:03:50.291	processor:33730	tx	90 50 02 FF	reply		
2026-09-18T11:03:50.306	processor:33730	rx	81 09 08 01 FF	inquiry	TrackingFraming	
2026-09-18T11:03:50.306	processor:33730	tx	90 50 02 FF	reply		
2026-09-18T11:03:50.315	processor:33730	rx	81 09 04 39 FF	inquiry	AutoExposure	
2026-09-18T11:03:50.316	processor:33730	tx	90 50 00 FF	reply		
2026-09-18T11:03:50.325	processor:33730	rx	81 09 04 35 FF	inquiry	WhiteBalance	
2026-09-18T11:03:50.326	processor:33730	tx	90 50 03 FF	reply		
2026-09-18T11:03:50.336	processor:33730	rx	81 09 04 38 FF	inquiry	AutoFocus	
2026-09-18T11:03:50.336	processor:33730	tx	90 50 02 FF	reply		
2026-09-18T11:03:50.346	processor:33730	rx	81 09 04 33 FF	inquiry	Backlight	
2026-09-18T11:03:50.346	processor:33730	tx	90 50 03 FF	reply		
2026-09-18T11:03:50.356	processor:33730	rx	81 09 04 62 FF	inquiry	FreezeFrame	
2026-09-18T11:03:50.356	processor:33730	tx	90 50 02 FF	reply		
2026-09-18T11:03:50.365	processor:33730	rx	81 09 04 47 FF	inquiry	ZoomPosition	
2026-09-18T11:03:50.366	processor:33730	tx	90 50 01 0F 04 00 FF	reply		
2026-09-18T11:03:50.376	processor:33730	rx	81 09 06 12 FF	inquiry	PanTiltPosition	
2026-09-18T11:03:50.377	processor:33730	tx	90 50 00 03 0E 08 0F 0E 00 0C FF	reply		
2026-09-18T11:03:50.387	processor:33730	rx	81 09 06 12 FF	inquiry	PanTiltPosition	
2026-09-18T11:03:50.387	processor:33730	tx	90 50 00 03 0E 08 0F 0E 00 0C FF	reply		
2026-09-18T11:03:50.397	processor:33730	rx	81 C2 09 08 FF	inquiry	CameraOutput	
2026-09-18T11:03:50.398	processor:33730	tx	90 50 01 01 FF	reply		
2026-09-18T11:03:53.378	processor:33730	rx	81 09 04 00 FF	inquiry	Power	
2026-09-18T11:03:53.379	processor:33730	tx	90 50 02 FF	reply		
2026-09-18T11:03:53.395	processor:33730	rx	81 09 08 01 FF	inquiry	TrackingFraming	
2026-09-18T11:03:53.396	processor:33730	tx	90 50 02 FF	reply		
2026-09-18T11:03:53.405	processor:33730	rx	81 09 04 39 FF	inquiry	AutoExposure	
2026-09-18T11:03:53.405	processor:33730	tx	90 50 00 FF	reply		
2026-09-18T11:03:53.415	processor:33730	rx	81 09 04 35 FF	inquiry	WhiteBalance	
2026-09-18T11:03:53.415	processor:33730	tx	90 50 03 FF	reply		
2026-09-18T11:03:53.425	processor:33730	rx	81 09 04 38 FF	inquiry	AutoFocus	
2026-09-18T11:03:53.425	processor:33730	tx	90 50 02 FF	reply		
2026-09-18T11:03:53.435	processor:33730	rx	81 09 04 33 FF	inquiry	Backlight	
2026-09-18T11:03:53.435	processor:33730	tx	90 50 03 FF	reply		
2026-09-18T11:03:53.445	processor:33730	rx	81 09 04 62 FF	inquiry	FreezeFrame	
2026-09-18T11:03:53.446	processor:33730	tx	90 50 02 FF	reply		
2026-09-18T11:03:53.456	processor:33730	rx	81 09 04 47 FF	inquiry	ZoomPosition	
2026-09-18T11:03:53.456	processor:33730	tx	90 50 01 0F 04 00 FF	reply		
2026-09-18T11:03:53.466	processor:33730	rx	81 09 06 12 FF	inquiry	PanTiltPosition	
2026-09-18T11:03:53.466	processor:33730	tx	90 50 00 03 0E 08 0F 0E 00 0C FF	reply		
2026-09-18T11:03:53.477	processor:33730	rx	81 09 06 12 FF	inquiry	PanTiltPosition	
2026-09-18T11:03:53.477	processor:33730	tx	90 50 00 03 0E 08 0F 0E 00 0C FF	reply		
2026-09-18T11:03:53.487	processor:33730	rx	81 C2 09 08 FF	inquiry	CameraOutput	
2026-09-18T11:03:53.488	processor:33730	tx	90 50 01 01 FF	reply		
2026-09-18T11:03:56.529	processor:33730	rx	81 09 04 00 FF	inquiry	Power	
2026-09-18T11:03:56.529	processor:33730	tx	90 50 02 FF	reply		
2026-09-18T11:03:56.545	processor:33730	rx	81 09 08 01 FF	inquiry	TrackingFraming	
2026-09-18T11:03:56.545	processor:33730	tx	90 50 02 FF	reply		
2026-09-18T11:03:56.554	processor:33730	rx	81 09 04 39 FF	inquiry	AutoExposure	
2026-09-18T11:03:56.554	processor:33730	tx	90 50 00 FF	reply		
2026-09-18T11:03:56.567	processor:33730	rx	81 09 04 35 FF	inquiry	WhiteBalance	
2026-09-18T11:03:56.567	processor:33730	tx	90 50 03 FF	reply		
2026-09-18T11:03:56.580	processor:33730	rx	81 09 04 38 FF	inquiry	AutoFocus	
2026-09-18T11:03:56.580	processor:33730	tx	90 50 02 FF	reply		
2026-09-18T11:03:56.591	processor:33730	rx	81 09 04 33 FF	inquiry	Backlight	
2026-09-18T11:03:56.592	processor:33730	tx	90 50 03 FF	reply		
2026-09-18T11:03:56.603	processor:33730	rx	81 09 04 62 FF	inquiry	FreezeFrame	
2026-09-18T11:03:56.603	processor:33730	tx	90 50 02 FF	reply		
2026-09-18T11:03:56.613	processor:33730	rx	81 09 04 47 FF	inquiry	ZoomPosition	
2026-09-18T11:03:56.614	processor:33730	tx	90 50 01 0F 04 00 FF	reply		
2026-09-18T11:03:56.625	processor:33730	rx	81 09 06 12 FF	inquiry	PanTiltPosition	
2026-09-18T11:03:56.627	processor:33730	tx	90 50 00 03 0E 08 0F 0E 00 0C FF	reply		
2026-09-18T11:03:56.636	processor:33730	rx	81 09 06 12 FF	inquiry	PanTiltPosition	
2026-09-18T11:03:56.636	processor:33730	tx	90 50 00 03 0E 08 0F 0E 00 0C FF	reply		
2026-09-18T11:03:56.647	processor:33730	rx	81 C2 09 08 FF	inquiry	CameraOutput	
2026-09-18T11:03:56.647	processor:33730	tx	90 50 01 01 FF	reply		
2026-09-18T11:03:59.615	processor:33730	rx	81 09 04 00 FF	inquiry	Power	
2026-09-18T11:03:59.616	processor:33730	tx	90 50 02 FF	reply		
2026-09-18T11:03:59.632	processor:33730	rx	81 09 08 01 FF	inquiry	TrackingFraming	
2026-09-18T11:03:59.633	processor:33730	tx	90 50 02 FF	reply		
2026-09-18T11:03:59.644	processor:33730	rx	81 09 04 39 FF	inquiry	AutoExposure	
2026-09-18T11:03:59.644	processor:33730	tx	90 50 00 FF	reply		
2026-09-18T11:03:59.654	processor:33730	rx	81 09 04 35 FF	inquiry	WhiteBalance	
2026-09-18T11:03:59.654	processor:33730	tx	90 50 03 FF	reply		
2026-09-18T11:03:59.663	processor:33730	rx	81 09 04 38 FF	inquiry	AutoFocus	
2026-09-18T11:03:59.664	processor:33730	tx	90 50 02 FF	reply		
2026-09-18T11:03:59.674	processor:33730	rx	81 09 04 33 FF	inquiry	Backlight	
2026-09-18T11:03:59.674	processor:33730	tx	90 50 03 FF	reply		
2026-09-18T11:03:59.683	processor:33730	rx	81 09 04 62 FF	inquiry	FreezeFrame	
2026-09-18T11:03:59.684	processor:33730	tx	90 50 02 FF	reply		
2026-09-18T11:03:59.693	processor:33730	rx	81 09 04 47 FF	inquiry	ZoomPosition	
2026-09-18T11:03:59.694	processor:33730	tx	90 50 01 0F 04 00 FF	reply		
2026-09-18T11:03:59.704	processor:33730	rx	81 09 06 12 FF	inquiry	PanTiltPosition	
2026-09-18T11:03:59.704	processor:33730	tx	90 50 00 03 0E 08 0F 0E 00 0C FF	reply		
2026-09-18T11:03:59.714	processor:33730	rx	81 09 06 12 FF	inquiry	PanTiltPosition	
2026-09-18T11:03:59.714	processor:33730	tx	90 50 00 03 0E 08 0F 0E 00 0C FF	reply		
2026-09-18T11:03:59.723	processor:33730	rx	81 C2 09 08 FF	inquiry	CameraOutput	
2026-09-18T11:03:59.723	processor:33730	tx	90 50 01 01 FF	reply		
2026-09-18T11:04:02.715	processor:33730	rx	81 09 04 00 FF	inquiry	Power	
2026-09-18T11:04:02.715	processor:33730	tx	90 50 02 FF	reply		
2026-09-18T11:04:02.730	processor:33730	rx	81 09 08 01 FF	inquiry	TrackingFraming	
2026-09-18T11:04:02.731	processor:33730	tx	90 50 02 FF	reply		
2026-09-18T11:04:02.742	processor:33730	rx	81 09 04 39 FF	inquiry	AutoExposure	
2026-09-18T11:04:02.743	processor:33730	tx	90 50 00 FF	reply		
2026-09-18T11:04:02.754	processor:33730	rx	81 09 04 35 FF	inquiry	WhiteBalance	
2026-09-18T11:04:02.754	processor:33730	tx	90 50 03 FF	reply		
2026-09-18T11:04:02.764	processor:33730	rx	81 09 04 38 FF	inquiry	AutoFocus	
2026-09-18T11:04:02.764	processor:33730	tx	90 50 02 FF	reply		
2026-09-18T11:04:02.774	processor:33730	rx	81 09 04 33 FF	inquiry	Backlight	
2026-09-18T11:04:02.774	processor:33730	tx	90 50 03 FF	reply		
2026-09-18T11:04:02.784	processor:33730	rx	81 09 04 62 FF	inquiry	FreezeFrame	
2026-09-18T11:04:02.785	processor:33730	tx	90 50 02 FF	reply		
2026-09-18T11:04:02.794	processor:33730	rx	81 09 04 47 FF	inquiry	ZoomPosition	
2026-09-18T11:04:02.794	processor:33730	tx	90 50 01 0F 04 00 FF	reply		
2026-09-18T11:04:02.804	processor:33730	rx	81 09 06 12 FF	inquiry	PanTiltPosition	
2026-09-18T11:04:02.805	processor:33730	tx	90 50 00 03 0E 08 0F 0E 00 0C FF	reply		
2026-09-18T11:04:02.814	processor:33730	rx	81 09 06 12 FF	inquiry	PanTiltPosition	
2026-09-18T11:04:02.815	processor:33730	tx	90 50 00 03 0E 08 0F 0E 00 0C FF	reply		
2026-09-18T11:04:02.825	processor:33730	rx	81 C2 09 08 FF	inquiry	CameraOutput	
2026-09-18T11:04:02.825	processor:33730	tx	90 50 01 01 FF	reply		
2026-09-18T11:04:05.811	processor:33730	rx	81 09 04 00 FF	inquiry	Power	
2026-09-18T11:04:05.811	processor:33730	tx	90 50 02 FF	reply		
2026-09-18T11:04:05.826	processor:33730	rx	81 09 08 01 FF	inquiry	TrackingFraming	
2026-09-18T11:04:05.826	processor:33730	tx	90 50 02 FF	reply		
2026-09-18T11:04:05.835	processor:33730	rx	81 09 04 39 FF	inquiry	AutoExposure	
2026-09-18T11:04:05.836	processor:33730	tx	90 50 00 FF	reply		
2026-09-18T11:04:05.845	processor:33730	rx	81 09 04 35 FF	inquiry	WhiteBalance	
2026-09-18T11:04:05.845	processor:33730	tx	90 50 03 FF	reply		
2026-09-18T11:04:05.855	processor:33730	rx	81 09 04 38 FF	inquiry	AutoFocus	
2026-09-18T11:04:05.856	processor:33730	tx	90 50 02 FF	reply		
2026-09-18T11:04:05.867	processor:33730	rx	81 09 04 33 FF	inquiry	Backlight	
2026-09-18T11:04:05.867	processor:33730	tx	90 50 03 FF	reply		
2026-09-18T11:04:05.878	processor:33730	rx	81 09 04 62 FF	inquiry	FreezeFrame	
2026-09-18T11:04:05.878	processor:33730	tx	90 50 02 FF	reply		
2026-09-18T11:04:05.887	processor:33730	rx	81 09 04 47 FF	inquiry	ZoomPosition	
2026-09-18T11:04:05.888	processor:33730	tx	90 50 01 0F 04 00 FF	reply		
2026-09-18T11:04:05.897	processor:33730	rx	81 09 06 12 FF	inquiry	PanTiltPosition	
2026-09-18T11:04:05.897	processor:33730	tx	90 50 00 03 0E 08 0F 0E 00 0C FF	reply		
2026-09-18T11:04:05.907	processor:33730	rx	81 09 06 12 FF	inquiry	PanTiltPosition	
2026-09-18T11:04:05.907	processor:33730	tx	90 50 00 03 0E 08 0F 0E 00 0C FF	reply		
2026-09-18T11:04:05.917	processor:33730	rx	81 C2 09 08 FF	inquiry	CameraOutput	
2026-09-18T11:04:05.917	processor:33730	tx	90 50 01 01 FF	reply		
2026-09-18T11:04:08.951	processor:33730	rx	81 09 04 00 FF	inquiry	Power	
2026-09-18T11:04:08.952	processor:33730	tx	90 50 02 FF	reply		
2026-09-18T11:04:08.970	processor:33730	rx	81 09 08 01 FF	inquiry	TrackingFraming	
2026-09-18T11:04:08.971	processor:33730	tx	90 50 02 FF	reply		
2026-09-18T11:04:08.983	processor:33730	rx	81 09 04 39 FF	inquiry	AutoExposure	
2026-09-18T11:04:08.983	processor:33730	tx	90 50 00 FF	reply		
2026-09-18T11:04:08.992	processor:33730	rx	81 09 04 35 FF	inquiry	WhiteBalance	
2026-09-18T11:04:08.993	processor:33730	tx	90 50 03 FF	reply		
2026-09-18T11:04:09.002	processor:33730	rx	81 09 04 38 FF	inquiry	AutoFocus	
2026-09-18T11:04:09.002	processor:33730	tx	90 50 02 FF	reply		
2026-09-18T11:04:09.012	processor:33730	rx	81 09 04 33 FF	inquiry	Backlight	
2026-09-18T11:04:09.012	processor:33730	tx	90 50 03 FF	reply		
2026-09-18T11:04:09.022	processor:33730	rx	81 09 04 62 FF	inquiry	FreezeFrame	
2026-09-18T11:04:09.023	processor:33730	tx	90 50 02 FF	reply		
2026-09-18T11:04:09.032	processor:33730	rx	81 09 04 47 FF	inquiry	ZoomPosition	
2026-09-18T11:04:09.032	processor:33730	tx	90 50 01 0F 04 00 FF	reply		
2026-09-18T11:04:09.042	processor:33730	rx	81 09 06 12 FF	inquiry	PanTiltPosition	
2026-09-18T11:04:09.042	processor:33730	tx	90 50 00 03 0E 08 0F 0E 00 0C FF	reply		
2026-09-18T11:04:09.052	processor:33730	rx	81 09 06 12 FF	inquiry	PanTiltPosition	
2026-09-18T11:04:09.053	processor:33730	tx	90 50 00 03 0E 08 0F 0E 00 0C FF	reply		
2026-09-18T11:04:09.063	processor:33730	rx	81 C2 09 08 FF	inquiry	CameraOutput	
2026-09-18T11:04:09.064	processor:33730	tx	90 50 01 01 FF	reply		
2026-09-18T11:04:12.052	processor:33730	rx	81 09 04 00 FF	inquiry	Power	
2026-09-18T11:04:12.052	processor:33730	tx	90 50 02 FF	reply		
2026-09-18T11:04:12.067	processor:33730	rx	81 09 08 01 FF	inquiry	TrackingFraming	
2026-09-18T11:04:12.067	processor:33730	tx	90 50 02 FF	reply		
2026-09-18T11:04:12.077	processor:33730	rx	81 09 04 39 FF	inquiry	AutoExposure	
2026-09-18T11:04:12.077	processor:33730	tx	90 50 00 FF	reply		
2026-09-18T11:04:12.091	processor:33730	rx	81 09 04 35 FF	inquiry	WhiteBalance	
2026-09-18T11:04:12.092	processor:33730	tx	90 50 03 FF	reply		
2026-09-18T11:04:12.104	processor:33730	rx	81 09 04 38 FF	inquiry	AutoFocus	
2026-09-18T11:04:12.105	processor:33730	tx	90 50 02 FF	reply		
2026-09-18T11:04:12.115	processor:33730	rx	81 09 04 33 FF	inquiry	Backlight	
2026-09-18T11:04:12.115	processor:33730	tx	90 50 03 FF	reply		
2026-09-18T11:04:12.125	processor:33730	rx	81 09 04 62 FF	inquiry	FreezeFrame	
2026-09-18T11:04:12.125	processor:33730	tx	90 50 02 FF	reply		
2026-09-18T11:04:12.135	processor:33730	rx	81 09 04 47 FF	inquiry	ZoomPosition	
2026-09-18T11:04:12.135	processor:33730	tx	90 50 01 0F 04 00 FF	reply		
2026-09-18T11:04:12.145	processor:33730	rx	81 09 06 12 FF	inquiry	PanTiltPosition	
2026-09-18T11:04:12.146	processor:33730	tx	90 50 00 03 0E 08 0F 0E 00 0C FF	reply		
2026-09-18T11:04:12.154	processor:33730	rx	81 09 06 12 FF	inquiry	PanTiltPosition	
2026-09-18T11:04:12.155	processor:33730	tx	90 50 00 03 0E 08 0F 0E 00 0C FF	reply		
2026-09-18T11:04:12.165	processor:33730	rx	81 C2 09 08 FF	inquiry	CameraOutput	
2026-09-18T11:04:12.165	processor:33730	tx	90 50 01 01 FF	reply		
2026-09-18T11:04:15.136	processor:33730	rx	81 09 04 00 FF	inquiry	Power	
2026-09-18T11:04:15.136	processor:33730	tx	90 50 02 FF	reply		
2026-09-18T11:04:15.153	processor:33730	rx	81 09 08 01 FF	inquiry	TrackingFraming	
2026-09-18T11:04:15.154	processor:33730	tx	90 50 02 FF	reply		
2026-09-18T11:04:15.172	processor:33730	rx	81 09 04 39 FF	inquiry	AutoExposure	
2026-09-18T11:04:15.172	processor:33730	tx	90 50 00 FF	reply		
2026-09-18T11:04:15.187	processor:33730	rx	81 09 04 35 FF	inquiry	WhiteBalance	
2026-09-18T11:04:15.187	processor:33730	tx	90 50 03 FF	reply		
2026-09-18T11:04:15.216	processor:33730	rx	81 09 04 38 FF	inquiry	AutoFocus	
2026-09-18T11:04:15.217	processor:33730	tx	90 50 02 FF	reply		
2026-09-18T11:04:15.246	processor:33730	rx	81 09 04 33 FF	inquiry	Backlight	
2026-09-18T11:04:15.247	processor:33730	tx	90 50 03 FF	reply		
2026-09-18T11:04:15.266	processor:33730	rx	81 09 04 62 FF	inquiry	FreezeFrame	
2026-09-18T11:04:15.266	processor:33730	tx	90 50 02 FF	reply		
2026-09-18T11:04:15.287	processor:33730	rx	81 09 04 47 FF	inquiry	ZoomPosition	
2026-09-18T11:04:15.287	processor:33730	tx	90 50 01 0F 04 00 FF	reply		
2026-09-18T11:04:15.296	processor:33730	rx	81 09 06 12 FF	inquiry	PanTiltPosition	
2026-09-18T11:04:15.296	processor:33730	tx	90 50 00 03 0E 08 0F 0E 00 0C FF	reply		
2026-09-18T11:04:15.306	processor:33730	rx	81 09 06 12 FF	inquiry	PanTiltPosition	
2026-09-18T11:04:15.306	processor:33730	tx	90 50 00 03 0E 08 0F 0E 00 0C FF	reply		
2026-09-18T11:04:15.315	processor:33730	rx	81 C2 09 08 FF	inquiry	CameraOutput	
2026-09-18T11:04:15.316	processor:33730	tx	90 50 01 01 FF	reply		
2026-09-18T11:04:18.244	processor:33730	rx	81 09 04 00 FF	inquiry	Power	
2026-09-18T11:04:18.246	processor:33730	tx	90 50 02 FF	reply		
2026-09-18T11:04:18.260	processor:33730	rx	81 09 08 01 FF	inquiry	TrackingFraming	
2026-09-18T11:04:18.261	processor:33730	tx	90 50 02 FF	reply		
2026-09-18T11:04:18.270	processor:33730	rx	81 09 04 39 FF	inquiry	AutoExposure	
2026-09-18T11:04:18.271	processor:33730	tx	90 50 00 FF	reply		
2026-09-18T11:04:18.282	processor:33730	rx	81 09 04 35 FF	inquiry	WhiteBalance	
2026-09-18T11:04:18.282	processor:33730	tx	90 50 03 FF	reply		
2026-09-18T11:04:18.293	processor:33730	rx	81 09 04 38 FF	inquiry	AutoFocus	
2026-09-18T11:04:18.294	processor:33730	tx	90 50 02 FF	reply		
2026-09-18T11:04:18.302	processor:33730	rx	81 09 04 33 FF	inquiry	Backlight	
2026-09-18T11:04:18.302	processor:33730	tx	90 50 03 FF	reply		
2026-09-18T11:04:18.312	processor:33730	rx	81 09 04 62 FF	inquiry	FreezeFrame	
2026-09-18T11:04:18.313	processor:33730	tx	90 50 02 FF	reply		
2026-09-18T11:04:18.322	processor:33730	rx	81 09 04 47 FF	inquiry	ZoomPosition	
2026-09-18T11:04:18.323	processor:33730	tx	90 50 01 0F 04 00 FF	reply		
2026-09-18T11:04:18.333	processor:33730	rx	81 09 06 12 FF	inquiry	PanTiltPosition	
2026-09-18T11:04:18.334	processor:33730	tx	90 50 00 03 0E 08 0F 0E 00 0C FF	reply		
2026-09-18T11:04:18.344	processor:33730	rx	81 09 06 12 FF	inquiry	PanTiltPosition	
2026-09-18T11:04:18.345	processor:33730	tx	90 50 00 03 0E 08 0F 0E 00 0C FF	reply		
2026-09-18T11:04:18.354	processor:33730	rx	81 C2 09 08 FF	inquiry	CameraOutput	
2026-09-18T11:04:18.354	processor:33730	tx	90 50 01 01 FF	reply		
2026-09-18T11:04:21.325	processor:33730	rx	81 09 04 00 FF	inquiry	Power	
2026-09-18T11:04:21.326	processor:33730	tx	90 50 02 FF	reply		
2026-09-18T11:04:21.342	processor:33730	rx	81 09 08 01 FF	inquiry	TrackingFraming	
2026-09-18T11:04:21.343	processor:33730	tx	90 50 02 FF	reply		
2026-09-18T11:04:21.351	processor:33730	rx	81 09 04 39 FF	inquiry	AutoExposure	
2026-09-18T11:04:21.352	processor:33730	tx	90 50 00 FF	reply		
2026-09-18T11:04:21.361	processor:33730	rx	81 09 04 35 FF	inquiry	WhiteBalance	
2026-09-18T11:04:21.362	processor:33730	tx	90 50 03 FF	reply		
2026-09-18T11:04:21.372	processor:33730	rx	81 09 04 38 FF	inquiry	AutoFocus	
2026-09-18T11:04:21.372	processor:33730	tx	90 50 02 FF	reply		
2026-09-18T11:04:21.382	processor:33730	rx	81 09 04 33 FF	inquiry	Backlight	
2026-09-18T11:04:21.383	processor:33730	tx	90 50 03 FF	reply		
2026-09-18T11:04:21.392	processor:33730	rx	81 09 04 62 FF	inquiry	FreezeFrame	
2026-09-18T11:04:21.392	processor:33730	tx	90 50 02 FF	reply		
2026-09-18T11:04:21.402	processor:33730	rx	81 09 04 47 FF	inquiry	ZoomPosition	
2026-09-18T11:04:21.402	processor:33730	tx	90 50 01 0F 04 00 FF	reply		
2026-09-18T11:04:21.414	processor:33730	rx	81 09 06 12 FF	inquiry	PanTiltPosition	
2026-09-18T11:04:21.414	processor:33730	tx	90 50 00 03 0E 08 0F 0E 00 0C FF	reply		
2026-09-18T11:04:21.424	processor:33730	rx	81 09 06 12 FF	inquiry	PanTiltPosition	
2026-09-18T11:04:21.424	processor:33730	tx	90 50 00 03 0E 08 0F 0E 00 0C FF	reply		
2026-09-18T11:04:21.433	processor:33730	rx	81 C2 09 08 FF	inquiry	CameraOutput	
2026-09-18T11:04:21.434	processor:33730	tx	90 50 01 01 FF	reply		
2026-09-18T11:04:24.470	processor:33730	rx	81 09 04 00 FF	inquiry	Power	
2026-09-18T11:04:24.470	processor:33730	tx	90 50 02 FF	reply		
2026-09-18T11:04:24.486	processor:33730	rx	81 09 08 01 FF	inquiry	TrackingFraming	
2026-09-18T11:04:24.486	processor:33730	tx	90 50 02 FF	reply		
2026-09-18T11:04:24.496	processor:33730	rx	81 09 04 39 FF	inquiry	AutoExposure	
2026-09-18T11:04:24.497	processor:33730	tx	90 50 00 FF	reply		
2026-09-18T11:04:24.508	processor:33730	rx	81 09 04 35 FF	inquiry	WhiteBalance	
2026-09-18T11:04:24.509	processor:33730	tx	90 50 03 FF	reply		
2026-09-18T11:04:24.517	processor:33730	rx	81 09 04 38 FF	inquiry	AutoFocus	
2026-09-18T11:04:24.518	processor:33730	tx	90 50 02 FF	reply		
2026-09-18T11:04:24.527	processor:33730	rx	81 09 04 33 FF	inquiry	Backlight	
2026-09-18T11:04:24.527	processor:33730	tx	90 50 03 FF	reply		
2026-09-18T11:04:24.538	processor:33730	rx	81 09 04 62 FF	inquiry	FreezeFrame	
2026-09-18T11:04:24.538	processor:33730	tx	90 50 02 FF	reply		
2026-09-18T11:04:24.548	processor:33730	rx	81 09 04 47 FF	inquiry	ZoomPosition	
2026-09-18T11:04:24.548	processor:33730	tx	90 50 01 0F 04 00 FF	reply		
2026-09-18T11:04:24.559	processor:33730	rx	81 09 06 12 FF	inquiry	PanTiltPosition	
2026-09-18T11:04:24.560	processor:33730	tx	90 50 00 03 0E 08 0F 0E 00 0C FF	reply		
2026-09-18T11:04:24.570	processor:33730	rx	81 09 06 12 FF	inquiry	PanTiltPosition	
2026-09-18T11:04:24.570	processor:33730	tx	90 50 00 03 0E 08 0F 0E 00 0C FF	reply		
2026-09-18T11:04:24.581	processor:33730	rx	81 C2 09 08 FF	inquiry	CameraOutput	
2026-09-18T11:04:24.582	processor:33730	tx	90 50 01 01 FF	reply		
2026-09-18T11:04:27.562	processor:33730	rx	81 09 04 00 FF	inquiry	Power	
2026-09-18T11:04:27.563	processor:33730	tx	90 50 02 FF	reply		
2026-09-18T11:04:27.579	processor:33730	rx	81 09 08 01 FF	inquiry	TrackingFraming	
2026-09-18T11:04:27.580	processor:33730	tx	90 50 02 FF	reply		
2026-09-18T11:04:27.591	processor:33730	rx	81 09 04 39 FF	inquiry	AutoExposure	
2026-09-18T11:04:27.592	processor:33730	tx	90 50 00 FF	reply		
2026-09-18T11:04:27.603	processor:33730	rx	81 09 04 35 FF	inquiry	WhiteBalance	
2026-09-18T11:04:27.603	processor:33730	tx	90 50 03 FF	reply		
2026-09-18T11:04:27.615	processor:33730	rx	81 09 04 38 FF	inquiry	AutoFocus	
2026-09-18T11:04:27.615	processor:33730	tx	90 50 02 FF	reply		
2026-09-18T11:04:27.624	processor:33730	rx	81 09 04 33 FF	inquiry	Backlight	
2026-09-18T11:04:27.625	processor:33730	tx	90 50 03 FF	reply		
2026-09-18T11:04:27.634	processor:33730	rx	81 09 04 62 FF	inquiry	FreezeFrame	
2026-09-18T11:04:27.634	processor:33730	tx	90 50 02 FF	reply		
2026-09-18T11:04:27.644	processor:33730	rx	81 09 04 47 FF	inquiry	ZoomPosition	
2026-09-18T11:04:27.645	processor:33730	tx	90 50 01 0F 04 00 FF	reply		
2026-09-18T11:04:27.655	processor:33730	rx	81 09 06 12 FF	inquiry	PanTiltPosition	
2026-09-18T11:04:27.655	processor:33730	tx	90 50 00 03 0E 08 0F 0E 00 0C FF	reply		
2026-09-18T11:04:27.666	processor:33730	rx	81 09 06 12 FF	inquiry	PanTiltPosition	
2026-09-18T11:04:27.667	processor:33730	tx	90 50 00 03 0E 08 0F 0E 00 0C FF	reply		
2026-09-18T11:04:27.676	processor:33730	rx	81 C2 09 08 FF	inquiry	CameraOutput	
2026-09-18T11:04:27.677	processor:33730	tx	90 50 01 01 FF	reply		
2026-09-18T11:04:30.654	processor:33730	rx	81 09 04 00 FF	inquiry	Power	
2026-09-18T11:04:30.655	processor:33730	tx	90 50 02 FF	reply		
2026-09-18T11:04:30.671	processor:33730	rx	81 09 08 01 FF	inquiry	TrackingFraming	
2026-09-18T11:04:30.671	processor:33730	tx	90 50 02 FF	reply		
2026-09-18T11:04:30.681	processor:33730	rx	81 09 04 39 FF	inquiry	AutoExposure	
2026-09-18T11:04:30.682	processor:33730	tx	90 50 00 FF	reply		
2026-09-18T11:04:30.692	processor:33730	rx	81 09 04 35 FF	inquiry	WhiteBalance	
2026-09-18T11:04:30.693	processor:33730	tx	90 50 03 FF	reply		
2026-09-18T11:04:30.702	processor:33730	rx	81 09 04 38 FF	inquiry	AutoFocus	
2026-09-18T11:04:30.703	processor:33730	tx	90 50 02 FF	reply		
2026-09-18T11:04:30.712	processor:33730	rx	81 09 04 33 FF	inquiry	Backlight	
2026-09-18T11:04:30.712	processor:33730	tx	90 50 03 FF	reply		
2026-09-18T11:04:30.721	processor:33730	rx	81 09 04 62 FF	inquiry	FreezeFrame	
2026-09-18T11:04:30.722	processor:33730	tx	90 50 02 FF	reply		
2026-09-18T11:04:30.732	processor:33730	rx	81 09 04 47 FF	inquiry	ZoomPosition	
2026-09-18T11:04:30.732	processor:33730	tx	90 50 01 0F 04 00 FF	reply		
2026-09-18T11:04:30.742	processor:33730	rx	81 09 06 12 FF	inquiry	PanTiltPosition	
2026-09-18T11:04:30.743	processor:33730	tx	90 50 00 03 0E 08 0F 0E 00 0C FF	reply		
2026-09-18T11:04:30.753	processor:33730	rx	81 09 06 12 FF	inquiry	PanTiltPosition	
2026-09-18T11:04:30.753	processor:33730	tx	90 50 00 03 0E 08 0F 0E 00 0C FF	reply		
2026-09-18T11:04:30.763	processor:33730	rx	81 C2 09 08 FF	inquiry	CameraOutput	
2026-09-18T11:04:30.763	processor:33730	tx	90 50 01 01 FF	reply		
2026-09-18T11:04:33.734	processor:33730	rx	81 09 04 00 FF	inquiry	Power	
2026-09-18T11:04:33.734	processor:33730	tx	90 50 02 FF	reply		
2026-09-18T11:04:33.750	processor:33730	rx	81 09 08 01 FF	inquiry	TrackingFraming	
2026-09-18T11:04:33.750	processor:33730	tx	90 50 02 FF	reply		
2026-09-18T11:04:33.760	processor:33730	rx	81 09 04 39 FF	inquiry	AutoExposure	
2026-09-18T11:04:33.761	processor:33730	tx	90 50 00 FF	reply		
2026-09-18T11:04:33.771	processor:33730	rx	81 09 04 35 FF	inquiry	WhiteBalance	
2026-09-18T11:04:33.771	processor:33730	tx	90 50 03 FF	reply		
2026-09-18T11:04:33.782	processor:33730	rx	81 09 04 38 FF	inquiry	AutoFocus	
2026-09-18T11:04:33.782	processor:33730	tx	90 50 02 FF	reply		
2026-09-18T11:04:33.791	processor:33730	rx	81 09 04 33 FF	inquiry	Backlight	
2026-09-18T11:04:33.791	processor:33730	tx	90 50 03 FF	reply		
2026-09-18T11:04:33.802	processor:33730	rx	81 09 04 62 FF	inquiry	FreezeFrame	
2026-09-18T11:04:33.802	processor:33730	tx	90 50 02 FF	reply		
2026-09-18T11:04:33.812	processor:33730	rx	81 09 04 47 FF	inquiry	ZoomPosition	
2026-09-18T11:04:33.812	processor:33730	tx	90 50 01 0F 04 00 FF	reply		
2026-09-18T11:04:33.822	processor:33730	rx	81 09 06 12 FF	inquiry	PanTiltPosition	
2026-09-18T11:04:33.823	processor:33730	tx	90 50 00 03 0E 08 0F 0E 00 0C FF	reply		
2026-09-18T11:04:33.832	processor:33730	rx	81 09 06 12 FF	inquiry	PanTiltPosition	
2026-09-18T11:04:33.833	processor:33730	tx	90 50 00 03 0E 08 0F 0E 00 0C FF	reply		
2026-09-18T11:04:33.842	processor:33730	rx	81 C2 09 08 FF	inquiry	CameraOutput	
2026-09-18T11:04:33.842	processor:33730	tx	90 50 01 01 FF	reply		
2026-09-18T11:04:36.815	processor:33730	rx	81 09 04 00 FF	inquiry	Power	
2026-09-18T11:04:36.816	processor:33730	tx	90 50 02 FF	reply		
2026-09-18T11:04:36.831	processor:33730	rx	81 09 08 01 FF	inquiry	TrackingFraming	
2026-09-18T11:04:36.832	processor:33730	tx	90 50 02 FF	reply		
2026-09-18T11:04:36.842	processor:33730	rx	81 09 04 39 FF	inquiry	AutoExposure	
2026-09-18T11:04:36.842	processor:33730	tx	90 50 00 FF	reply		
2026-09-18T11:04:36.852	processor:33730	rx	81 09 04 35 FF	inquiry	WhiteBalance	
2026-09-18T11:04:36.853	processor:33730	tx	90 50 03 FF	reply		
2026-09-18T11:04:36.862	processor:33730	rx	81 09 04 38 FF	inquiry	AutoFocus	
2026-09-18T11:04:36.862	processor:33730	tx	90 50 02 FF	reply		
2026-09-18T11:04:36.872	processor:33730	rx	81 09 04 33 FF	inquiry	Backlight	
2026-09-18T11:04:36.872	processor:33730	tx	90 50 03 FF	reply		
2026-09-18T11:04:36.882	processor:33730	rx	81 09 04 62 FF	inquiry	FreezeFrame	
2026-09-18T11:04:36.883	processor:33730	tx	90 50 02 FF	reply		
2026-09-18T11:04:36.893	processor:33730	rx	81 09 04 47 FF	inquiry	ZoomPosition	
2026-09-18T11:04:36.894	processor:33730	tx	90 50 01 0F 04 00 FF	reply		
2026-09-18T11:04:36.904	processor:33730	rx	81 09 06 12 FF	inquiry	PanTiltPosition	
2026-09-18T11:04:36.905	processor:33730	tx	90 50 00 03 0E 08 0F 0E 00 0C FF	reply		
2026-09-18T11:04:36.914	processor:33730	rx	81 09 06 12 FF	inquiry	PanTiltPosition	
2026-09-18T11:04:36.914	processor:33730	tx	90 50 00 03 0E 08 0F 0E 00 0C FF	reply		
2026-09-18T11:04:36.924	processor:33730	rx	81 C2 09 08 FF	inquiry	CameraOutput	
2026-09-18T11:04:36.924	processor:33730	tx	90 50 01 01 FF	reply		
2026-09-18T11:04:39.965	processor:33730	rx	81 09 04 00 FF	inquiry	Power	
2026-09-18T11:04:39.965	processor:33730	tx	90 50 02 FF	reply		
2026-09-18T11:04:39.981	processor:33730	rx	81 09 08 01 FF	inquiry	TrackingFraming	
2026-09-18T11:04:39.981	processor:33730	tx	90 50 02 FF	reply		
2026-09-18T11:04:39.991	processor:33730	rx	81 09 04 39 FF	inquiry	AutoExposure	
2026-09-18T11:04:39.992	processor:33730	tx	90 50 00 FF	reply		
2026-09-18T11:04:40.001	processor:33730	rx	81 09 04 35 FF	inquiry	WhiteBalance	
2026-09-18T11:04:40.001	processor:33730	tx	90 50 03 FF	reply		
2026-09-18T11:04:40.011	processor:33730	rx	81 09 04 38 FF	inquiry	AutoFocus	
2026-09-18T11:04:40.012	processor:33730	tx	90 50 02 FF	reply		
2026-09-18T11:04:40.021	processor:33730	rx	81 09 04 33 FF	inquiry	Backlight	
2026-09-18T11:04:40.022	processor:33730	tx	90 50 03 FF	reply		
2026-09-18T11:04:40.032	processor:33730	rx	81 09 04 62 FF	inquiry	FreezeFrame	
2026-09-18T11:04:40.032	processor:33730	tx	90 50 02 FF	reply		
2026-09-18T11:04:40.041	processor:33730	rx	81 09 04 47 FF	inquiry	ZoomPosition	
2026-09-18T11:04:40.042	processor:33730	tx	90 50 01 0F 04 00 FF	reply		
2026-09-18T11:04:40.052	processor:33730	rx	81 09 06 12 FF	inquiry	PanTiltPosition	
2026-09-18T11:04:40.053	processor:33730	tx	90 50 00 03 0E 08 0F 0E 00 0C FF	reply		
2026-09-18T11:04:40.071	processor:33730	rx	81 09 06 12 FF	inquiry	PanTiltPosition	
2026-09-18T11:04:40.071	processor:33730	tx	90 50 00 03 0E 08 0F 0E 00 0C FF	reply		
2026-09-18T11:04:40.091	processor:33730	rx	81 C2 09 08 FF	inquiry	CameraOutput	
2026-09-18T11:04:40.091	processor:33730	tx	90 50 01 01 FF	reply		
2026-09-18T11:04:43.079	processor:33730	rx	81 09 04 00 FF	inquiry	Power	
2026-09-18T11:04:43.079	processor:33730	tx	90 50 02 FF	reply		
2026-09-18T11:04:43.126	processor:33730	rx	81 09 08 01 FF	inquiry	TrackingFraming	
2026-09-18T11:04:43.126	processor:33730	tx	90 50 02 FF	reply		
2026-09-18T11:04:43.149	processor:33730	rx	81 09 04 39 FF	inquiry	AutoExposure	
2026-09-18T11:04:43.149	processor:33730	tx	90 50 00 FF	reply		
2026-09-18T11:04:43.176	processor:33730	rx	81 09 04 35 FF	inquiry	WhiteBalance	
2026-09-18T11:04:43.176	processor:33730	tx	90 50 03 FF	reply		
2026-09-18T11:04:43.185	processor:33730	rx	81 09 04 38 FF	inquiry	AutoFocus	
2026-09-18T11:04:43.186	processor:33730	tx	90 50 02 FF	reply		
2026-09-18T11:04:43.205	processor:33730	rx	81 09 04 33 FF	inquiry	Backlight	
2026-09-18T11:04:43.205	processor:33730	tx	90 50 03 FF	reply		
2026-09-18T11:04:43.222	processor:33730	rx	81 09 04 62 FF	inquiry	FreezeFrame	
2026-09-18T11:04:43.222	processor:33730	tx	90 50 02 FF	reply		
2026-09-18T11:04:43.232	processor:33730	rx	81 09 04 47 FF	inquiry	ZoomPosition	
2026-09-18T11:04:43.232	processor:33730	tx	90 50 01 0F 04 00 FF	reply		
2026-09-18T11:04:43.243	processor:33730	rx	81 09 06 12 FF	inquiry	PanTiltPosition	
2026-09-18T11:04:43.243	processor:33730	tx	90 50 00 03 0E 08 0F 0E 00 0C FF	reply		
2026-09-18T11:04:43.254	processor:33730	rx	81 09 06 12 FF	inquiry	PanTiltPosition	
2026-09-18T11:04:43.254	processor:33730	tx	90 50 00 03 0E 08 0F 0E 00 0C FF	reply		
2026-09-18T11:04:43.264	processor:33730	rx	81 C2 09 08 FF	inquiry	CameraOutput	
2026-09-18T11:04:43.264	processor:33730	tx	90 50 01 01 FF	reply		
2026-09-18T11:04:46.207	processor:33730	rx	81 09 04 00 FF	inquiry	Power	
2026-09-18T11:04:46.207	processor:33730	tx	90 50 02 FF	reply		
2026-09-18T11:04:46.222	processor:33730	rx	81 09 08 01 FF	inquiry	TrackingFraming	
2026-09-18T11:04:46.223	processor:33730	tx	90 50 02 FF	reply		
2026-09-18T11:04:46.235	processor:33730	rx	81 09 04 39 FF	inquiry	AutoExposure	
2026-09-18T11:04:46.235	processor:33730	tx	90 50 00 FF	reply		
2026-09-18T11:04:46.247	processor:33730	rx	81 09 04 35 FF	inquiry	WhiteBalance	
2026-09-18T11:04:46.247	processor:33730	tx	90 50 03 FF	reply		
2026-09-18T11:04:46.259	processor:33730	rx	81 09 04 38 FF	inquiry	AutoFocus	
2026-09-18T11:04:46.259	processor:33730	tx	90 50 02 FF	reply		
2026-09-18T11:04:46.271	processor:33730	rx	81 09 04 33 FF	inquiry	Backlight	
2026-09-18T11:04:46.271	processor:33730	tx	90 50 03 FF	reply		
2026-09-18T11:04:46.280	processor:33730	rx	81 09 04 62 FF	inquiry	FreezeFrame	
2026-09-18T11:04:46.280	processor:33730	tx	90 50 02 FF	reply		
2026-09-18T11:04:46.289	processor:33730	rx	81 09 04 47 FF	inquiry	ZoomPosition	
2026-09-18T11:04:46.289	processor:33730	tx	90 50 01 0F 04 00 FF	reply		
2026-09-18T11:04:46.300	processor:33730	rx	81 09 06 12 FF	inquiry	PanTiltPosition	
2026-09-18T11:04:46.300	processor:33730	tx	90 50 00 03 0E 08 0F 0E 00 0C FF	reply		
2026-09-18T11:04:46.309	processor:33730	rx	81 09 06 12 FF	inquiry	PanTiltPosition	
2026-09-18T11:04:46.309	processor:33730	tx	90 50 00 03 0E 08 0F 0E 00 0C FF	reply		
2026-09-18T11:04:46.319	processor:33730	rx	81 C2 09 08 FF	inquiry	CameraOutput	
2026-09-18T11:04:46.319	processor:33730	tx	90 50 01 01 FF	reply		
2026-09-18T11:04:49.310	processor:33730	rx	81 09 04 00 FF	inquiry	Power	
2026-09-18T11:04:49.310	processor:33730	tx	90 50 02 FF	reply		
2026-09-18T11:04:49.326	processor:33730	rx	81 09 08 01 FF	inquiry	TrackingFraming	
2026-09-18T11:04:49.326	processor:33730	tx	90 50 02 FF	reply		
2026-09-18T11:04:49.335	processor:33730	rx	81 09 04 39 FF	inquiry	AutoExposure	
2026-09-18T11:04:49.336	processor:33730	tx	90 50 00 FF	reply		
2026-09-18T11:04:49.347	processor:33730	rx	81 09 04 35 FF	inquiry	WhiteBalance	
2026-09-18T11:04:49.347	processor:33730	tx	90 50 03 FF	reply		
2026-09-18T11:04:49.357	processor:33730	rx	81 09 04 38 FF	inquiry	AutoFocus	
2026-09-18T11:04:49.358	processor:33730	tx	90 50 02 FF	reply		
2026-09-18T11:04:49.366	processor:33730	rx	81 09 04 33 FF	inquiry	Backlight	
2026-09-18T11:04:49.367	processor:33730	tx	90 50 03 FF	reply		
2026-09-18T11:04:49.376	processor:33730	rx	81 09 04 62 FF	inquiry	FreezeFrame	
2026-09-18T11:04:49.376	processor:33730	tx	90 50 02 FF	reply		
2026-09-18T11:04:49.386	processor:33730	rx	81 09 04 47 FF	inquiry	ZoomPosition	
2026-09-18T11:04:49.386	processor:33730	tx	90 50 01 0F 04 00 FF	reply		
2026-09-18T11:04:49.396	processor:33730	rx	81 09 06 12 FF	inquiry	PanTiltPosition	
2026-09-18T11:04:49.396	processor:33730	tx	90 50 00 03 0E 08 0F 0E 00 0C FF	reply		
2026-09-18T11:04:49.406	processor:33730	rx	81 09 06 12 FF	inquiry	PanTiltPosition	
2026-09-18T11:04:49.406	processor:33730	tx	90 50 00 03 0E 08 0F 0E 00 0C FF	reply		
2026-09-18T11:04:49.416	processor:33730	rx	81 C2 09 08 FF	inquiry	CameraOutput	
2026-09-18T11:04:49.416	processor:33730	tx	90 50 01 01 FF	reply		
2026-09-18T11:04:52.401	processor:33730	rx	81 09 04 00 FF	inquiry	Power	
2026-09-18T11:04:52.401	processor:33730	tx	90 50 02 FF	reply		
2026-09-18T11:04:52.416	processor:33730	rx	81 09 08 01 FF	inquiry	TrackingFraming	
2026-09-18T11:04:52.416	processor:33730	tx	90 50 02 FF	reply		
2026-09-18T11:04:52.426	processor:33730	rx	81 09 04 39 FF	inquiry	AutoExposure	
2026-09-18T11:04:52.426	processor:33730	tx	90 50 00 FF	reply		
2026-09-18T11:04:52.436	processor:33730	rx	81 09 04 35 FF	inquiry	WhiteBalance	
2026-09-18T11:04:52.437	processor:33730	tx	90 50 03 FF	reply		
2026-09-18T11:04:52.445	processor:33730	rx	81 09 04 38 FF	inquiry	AutoFocus	
2026-09-18T11:04:52.446	processor:33730	tx	90 50 02 FF	reply		
2026-09-18T11:04:52.456	processor:33730	rx	81 09 04 33 FF	inquiry	Backlight	
2026-09-18T11:04:52.457	processor:33730	tx	90 50 03 FF	reply		
2026-09-18T11:04:52.467	processor:33730	rx	81 09 04 62 FF	inquiry	FreezeFrame	
2026-09-18T11:04:52.467	processor:33730	tx	90 50 02 FF	reply		
2026-09-18T11:04:52.476	processor:33730	rx	81 09 04 47 FF	inquiry	ZoomPosition	
2026-09-18T11:04:52.476	processor:33730	tx	90 50 01 0F 04 00 FF	reply		
2026-09-18T11:04:52.486	processor:33730	rx	81 09 06 12 FF	inquiry	PanTiltPosition	
2026-09-18T11:04:52.487	processor:33730	tx	90 50 00 03 0E 08 0F 0E 00 0C FF	reply		
2026-09-18T11:04:52.497	processor:33730	rx	81 09 06 12 FF	inquiry	PanTiltPosition	
2026-09-18T11:04:52.498	processor:33730	tx	90 50 00 03 0E 08 0F 0E 00 0C FF	reply		
2026-09-18T11:04:52.507	processor:33730	rx	81 C2 09 08 FF	inquiry	CameraOutput	
2026-09-18T11:04:52.507	processor:33730	tx	90 50 01 01 FF	reply		
2026-09-18T11:04:55.527	processor:33730	rx	81 09 04 00 FF	inquiry	Power	
2026-09-18T11:04:55.528	processor:33730	tx	90 50 02 FF	reply		
2026-09-18T11:04:55.542	processor:33730	rx	81 09 08 01 FF	inquiry	TrackingFraming	
2026-09-18T11:04:55.542	processor:33730	tx	90 50 02 FF	reply		
2026-09-18T11:04:55.553	processor:33730	rx	81 09 04 39 FF	inquiry	AutoExposure	
2026-09-18T11:04:55.553	processor:33730	tx	90 50 00 FF	reply		
2026-09-18T11:04:55.564	processor:33730	rx	81 09 04 35 FF	inquiry	WhiteBalance	
2026-09-18T11:04:55.564	processor:33730	tx	90 50 03 FF	reply		
2026-09-18T11:04:55.575	processor:33730	rx	81 09 04 38 FF	inquiry	AutoFocus	
2026-09-18T11:04:55.575	processor:33730	tx	90 50 02 FF	reply		
2026-09-18T11:04:55.584	processor:33730	rx	81 09 04 33 FF	inquiry	Backlight	
2026-09-18T11:04:55.584	processor:33730	tx	90 50 03 FF	reply		
2026-09-18T11:04:55.595	processor:33730	rx	81 09 04 62 FF	inquiry	FreezeFrame	
2026-09-18T11:04:55.595	processor:33730	tx	90 50 02 FF	reply		
2026-09-18T11:04:55.605	processor:33730	rx	81 09 04 47 FF	inquiry	ZoomPosition	
2026-09-18T11:04:55.605	processor:33730	tx	90 50 01 0F 04 00 FF	reply		
2026-09-18T11:04:55.615	processor:33730	rx	81 09 06 12 FF	inquiry	PanTiltPosition	
2026-09-18T11:04:55.616	processor:33730	tx	90 50 00 03 0E 08 0F 0E 00 0C FF	reply		
2026-09-18T11:04:55.625	processor:33730	rx	81 09 06 12 FF	inquiry	PanTiltPosition	
2026-09-18T11:04:55.626	processor:33730	tx	90 50 00 03 0E 08 0F 0E 00 0C FF	reply		
2026-09-18T11:04:55.636	processor:33730	rx	81 C2 09 08 FF	inquiry	CameraOutput	
2026-09-18T11:04:55.637	processor:33730	tx	90 50 01 01 FF	reply		
2026-09-18T11:04:58.607	processor:33730	rx	81 09 04 00 FF	inquiry	Power	
2026-09-18T11:04:58.607	processor:33730	tx	90 50 02 FF	reply		
2026-09-18T11:04:58.623	processor:33730	rx	81 09 08 01 FF	inquiry	TrackingFraming	
2026-09-18T11:04:58.624	processor:33730	tx	90 50 02 FF	reply		
2026-09-18T11:04:58.637	processor:33730	rx	81 09 04 39 FF	inquiry	AutoExposure	
2026-09-18T11:04:58.638	processor:33730	tx	90 50 00 FF	reply		
2026-09-18T11:04:58.648	processor:33730	rx	81 09 04 35 FF	inquiry	WhiteBalance	
2026-09-18T11:04:58.649	processor:33730	tx	90 50 03 FF	reply		
2026-09-18T11:04:58.657	processor:33730	rx	81 09 04 38 FF	inquiry	AutoFocus	
2026-09-18T11:04:58.657	processor:33730	tx	90 50 02 FF	reply		
2026-09-18T11:04:58.667	processor:33730	rx	81 09 04 33 FF	inquiry	Backlight	
2026-09-18T11:04:58.668	processor:33730	tx	90 50 03 FF	reply		
2026-09-18T11:04:58.679	processor:33730	rx	81 09 04 62 FF	inquiry	FreezeFrame	
2026-09-18T11:04:58.680	processor:33730	tx	90 50 02 FF	reply		
2026-09-18T11:04:58.689	processor:33730	rx	81 09 04 47 FF	inquiry	ZoomPosition	
2026-09-18T11:04:58.690	processor:33730	tx	90 50 01 0F 04 00 FF	reply		
2026-09-18T11:04:58.699	processor:33730	rx	81 09 06 12 FF	inquiry	PanTiltPosition	
2026-09-18T11:04:58.699	processor:33730	tx	90 50 00 03 0E 08 0F 0E 00 0C FF	reply		
2026-09-18T11:04:58.709	processor:33730	rx	81 09 06 12 FF	inquiry	PanTiltPosition	
2026-09-18T11:04:58.709	processor:33730	tx	90 50 00 03 0E 08 0F 0E 00 0C FF	reply		
2026-09-18T11:04:58.719	processor:33730	rx	81 C2 09 08 FF	inquiry	CameraOutput	
2026-09-18T11:04:58.719	processor:33730	tx	90 50 01 01 FF	reply		
2026-09-18T11:05:01.690	processor:33730	rx	81 09 04 00 FF	inquiry	Power	
2026-09-18T11:05:01.690	processor:33730	tx	90 50 02 FF	reply		
2026-09-18T11:05:01.705	processor:33730	rx	81 09 08 01 FF	inquiry	TrackingFraming	
2026-09-18T11:05:01.705	processor:33730	tx	90 50 02 FF	reply		
2026-09-18T11:05:01.714	processor:33730	rx	81 09 04 39 FF	inquiry	AutoExposure	
2026-09-18T11:05:01.715	processor:33730	tx	90 50 00 FF	reply		
2026-09-18T11:05:01.724	processor:33730	rx	81 09 04 35 FF	inquiry	WhiteBalance	
2026-09-18T11:05:01.724	processor:33730	tx	90 50 03 FF	reply		
2026-09-18T11:05:01.734	processor:33730	rx	81 09 04 38 FF	inquiry	AutoFocus	
2026-09-18T11:05:01.734	processor:33730	tx	90 50 02 FF	reply		
2026-09-18T11:05:01.744	processor:33730	rx	81 09 04 33 FF	inquiry	Backlight	
2026-09-18T11:05:01.744	processor:33730	tx	90 50 03 FF	reply		
2026-09-18T11:05:01.754	processor:33730	rx	81 09 04 62 FF	inquiry	FreezeFrame	
2026-09-18T11:05:01.754	processor:33730	tx	90 50 02 FF	reply		
2026-09-18T11:05:01.763	processor:33730	rx	81 09 04 47 FF	inquiry	ZoomPosition	
2026-09-18T11:05:01.764	processor:33730	tx	90 50 01 0F 04 00 FF	reply		
2026-09-18T11:05:01.772	processor:33730	rx	81 09 06 12 FF	inquiry	PanTiltPosition	
2026-09-18T11:05:01.774	processor:33730	tx	90 50 00 03 0E 08 0F 0E 00 0C FF	reply		
2026-09-18T11:05:01.782	processor:33730	rx	81 09 06 12 FF	inquiry	PanTiltPosition	
2026-09-18T11:05:01.782	processor:33730	tx	90 50 00 03 0E 08 0F 0E 00 0C FF	reply		
2026-09-18T11:05:01.793	processor:33730	rx	81 C2 09 08 FF	inquiry	CameraOutput	
2026-09-18T11:05:01.793	processor:33730	tx	90 50 01 01 FF	reply		
2026-09-18T11:05:04.764	processor:33730	rx	81 09 04 00 FF	inquiry	Power	
2026-09-18T11:05:04.764	processor:33730	tx	90 50 02 FF	reply		
2026-09-18T11:05:04.779	processor:33730	rx	81 09 08 01 FF	inquiry	TrackingFraming	
2026-09-18T11:05:04.779	processor:33730	tx	90 50 02 FF	reply		
2026-09-18T11:05:04.788	processor:33730	rx	81 09 04 39 FF	inquiry	AutoExposure	
2026-09-18T11:05:04.789	processor:33730	tx	90 50 00 FF	reply		
2026-09-18T11:05:04.798	processor:33730	rx	81 09 04 35 FF	inquiry	WhiteBalance	
2026-09-18T11:05:04.798	processor:33730	tx	90 50 03 FF	reply		
2026-09-18T11:05:04.809	processor:33730	rx	81 09 04 38 FF	inquiry	AutoFocus	
2026-09-18T11:05:04.809	processor:33730	tx	90 50 02 FF	reply		
2026-09-18T11:05:04.819	processor:33730	rx	81 09 04 33 FF	inquiry	Backlight	
2026-09-18T11:05:04.820	processor:33730	tx	90 50 03 FF	reply		
2026-09-18T11:05:04.829	processor:33730	rx	81 09 04 62 FF	inquiry	FreezeFrame	
2026-09-18T11:05:04.829	processor:33730	tx	90 50 02 FF	reply		
2026-09-18T11:05:04.839	processor:33730	rx	81 09 04 47 FF	inquiry	ZoomPosition	
2026-09-18T11:05:04.839	processor:33730	tx	90 50 01 0F 04 00 FF	reply		
2026-09-18T11:05:04.849	processor:33730	rx	81 09 06 12 FF	inquiry	PanTiltPosition	
2026-09-18T11:05:04.850	processor:33730	tx	90 50 00 03 0E 08 0F 0E 00 0C FF	reply		
2026-09-18T11:05:04.859	processor:33730	rx	81 09 06 12 FF	inquiry	PanTiltPosition	
2026-09-18T11:05:04.859	processor:33730	tx	90 50 00 03 0E 08 0F 0E 00 0C FF	reply		
2026-09-18T11:05:04.869	processor:33730	rx	81 C2 09 08 FF	inquiry	CameraOutput	
2026-09-18T11:05:04.870	processor:33730	tx	90 50 01 01 FF	reply		
2026-09-18T11:05:07.844	processor:33730	rx	81 09 04 00 FF	inquiry	Power	
2026-09-18T11:05:07.844	processor:33730	tx	90 50 02 FF	reply		
2026-09-18T11:05:07.859	processor:33730	rx	81 09 08 01 FF	inquiry	TrackingFraming	
2026-09-18T11:05:07.859	processor:33730	tx	90 50 02 FF	reply		
2026-09-18T11:05:07.870	processor:33730	rx	81 09 04 39 FF	inquiry	AutoExposure	
2026-09-18T11:05:07.870	processor:33730	tx	90 50 00 FF	reply		
2026-09-18T11:05:07.880	processor:33730	rx	81 09 04 35 FF	inquiry	WhiteBalance	
2026-09-18T11:05:07.881	processor:33730	tx	90 50 03 FF	reply		
2026-09-18T11:05:07.893	processor:33730	rx	81 09 04 38 FF	inquiry	AutoFocus	
2026-09-18T11:05:07.894	processor:33730	tx	90 50 02 FF	reply		
2026-09-18T11:05:07.904	processor:33730	rx	81 09 04 33 FF	inquiry	Backlight	
2026-09-18T11:05:07.905	processor:33730	tx	90 50 03 FF	reply		
2026-09-18T11:05:07.914	processor:33730	rx	81 09 04 62 FF	inquiry	FreezeFrame	
2026-09-18T11:05:07.914	processor:33730	tx	90 50 02 FF	reply		
2026-09-18T11:05:07.923	processor:33730	rx	81 09 04 47 FF	inquiry	ZoomPosition	
2026-09-18T11:05:07.924	processor:33730	tx	90 50 01 0F 04 00 FF	reply		
2026-09-18T11:05:07.934	processor:33730	rx	81 09 06 12 FF	inquiry	PanTiltPosition	
2026-09-18T11:05:07.934	processor:33730	tx	90 50 00 03 0E 08 0F 0E 00 0C FF	reply		
2026-09-18T11:05:07.944	processor:33730	rx	81 09 06 12 FF	inquiry	PanTiltPosition	
2026-09-18T11:05:07.945	processor:33730	tx	90 50 00 03 0E 08 0F 0E 00 0C FF	reply		
2026-09-18T11:05:07.954	processor:33730	rx	81 C2 09 08 FF	inquiry	CameraOutput	
2026-09-18T11:05:07.954	processor:33730	tx	90 50 01 01 FF	reply		
2026-09-18T11:05:10.977	processor:33730	rx	81 09 04 00 FF	inquiry	Power	
2026-09-18T11:05:10.977	processor:33730	tx	90 50 02 FF	reply		
2026-09-18T11:05:11.020	processor:33730	rx	81 09 08 01 FF	inquiry	TrackingFraming	
2026-09-18T11:05:11.021	processor:33730	tx	90 50 02 FF	reply		
2026-09-18T11:05:11.038	processor:33730	rx	81 09 04 39 FF	inquiry	AutoExposure	
2026-09-18T11:05:11.039	processor:33730	tx	90 50 00 FF	reply		
2026-09-18T11:05:11.063	processor:33730	rx	81 09 04 35 FF	inquiry	WhiteBalance	
2026-09-18T11:05:11.063	processor:33730	tx	90 50 03 FF	reply		
2026-09-18T11:05:11.078	processor:33730	rx	81 09 04 38 FF	inquiry	AutoFocus	
2026-09-18T11:05:11.078	processor:33730	tx	90 50 02 FF	reply		
2026-09-18T11:05:11.109	processor:33730	rx	81 09 04 33 FF	inquiry	Backlight	
2026-09-18T11:05:11.109	processor:33730	tx	90 50 03 FF	reply		
2026-09-18T11:05:11.120	processor:33730	rx	81 09 04 62 FF	inquiry	FreezeFrame	
2026-09-18T11:05:11.121	processor:33730	tx	90 50 02 FF	reply		
2026-09-18T11:05:11.131	processor:33730	rx	81 09 04 47 FF	inquiry	ZoomPosition	
2026-09-18T11:05:11.131	processor:33730	tx	90 50 01 0F 04 00 FF	reply		
2026-09-18T11:05:11.142	processor:33730	rx	81 09 06 12 FF	inquiry	PanTiltPosition	
2026-09-18T11:05:11.143	processor:33730	tx	90 50 00 03 0E 08 0F 0E 00 0C FF	reply		
2026-09-18T11:05:11.152	processor:33730	rx	81 09 06 12 FF	inquiry	PanTiltPosition	
2026-09-18T11:05:11.153	processor:33730	tx	90 50 00 03 0E 08 0F 0E 00 0C FF	reply		
2026-09-18T11:05:11.162	processor:33730	rx	81 C2 09 08 FF	inquiry	CameraOutput	
2026-09-18T11:05:11.162	processor:33730	tx	90 50 01 01 FF	reply		
2026-09-18T11:05:14.100	processor:33730	rx	81 09 04 00 FF	inquiry	Power	
2026-09-18T11:05:14.100	processor:33730	tx	90 50 02 FF	reply		
2026-09-18T11:05:14.133	processor:33730	rx	81 09 08 01 FF	inquiry	TrackingFraming	
2026-09-18T11:05:14.133	processor:33730	tx	90 50 02 FF	reply		
2026-09-18T11:05:14.152	processor:33730	rx	81 09 04 39 FF	inquiry	AutoExposure	
2026-09-18T11:05:14.153	processor:33730	tx	90 50 00 FF	reply		
2026-09-18T11:05:14.162	processor:33730	rx	81 09 04 35 FF	inquiry	WhiteBalance	
2026-09-18T11:05:14.164	processor:33730	tx	90 50 03 FF	reply		
2026-09-18T11:05:14.174	processor:33730	rx	81 09 04 38 FF	inquiry	AutoFocus	
2026-09-18T11:05:14.175	processor:33730	tx	90 50 02 FF	reply		
2026-09-18T11:05:14.185	processor:33730	rx	81 09 04 33 FF	inquiry	Backlight	
2026-09-18T11:05:14.186	processor:33730	tx	90 50 03 FF	reply		
2026-09-18T11:05:14.195	processor:33730	rx	81 09 04 62 FF	inquiry	FreezeFrame	
2026-09-18T11:05:14.196	processor:33730	tx	90 50 02 FF	reply		
2026-09-18T11:05:14.205	processor:33730	rx	81 09 04 47 FF	inquiry	ZoomPosition	
2026-09-18T11:05:14.206	processor:33730	tx	90 50 01 0F 04 00 FF	reply		
2026-09-18T11:05:14.215	processor:33730	rx	81 09 06 12 FF	inquiry	PanTiltPosition	
2026-09-18T11:05:14.216	processor:33730	tx	90 50 00 03 0E 08 0F 0E 00 0C FF	reply		
2026-09-18T11:05:14.225	processor:33730	rx	81 09 06 12 FF	inquiry	PanTiltPosition	
2026-09-18T11:05:14.226	processor:33730	tx	90 50 00 03 0E 08 0F 0E 00 0C FF	reply		
2026-09-18T11:05:14.235	processor:33730	rx	81 C2 09 08 FF	inquiry	CameraOutput	
2026-09-18T11:05:14.235	processor:33730	tx	90 50 01 01 FF	reply		
2026-09-18T11:05:17.198	processor:33730	rx	81 09 04 00 FF	inquiry	Power	
2026-09-18T11:05:17.199	processor:33730	tx	90 50 02 FF	reply		
2026-09-18T11:05:17.214	processor:33730	rx	81 09 08 01 FF	inquiry	TrackingFraming	
2026-09-18T11:05:17.214	processor:33730	tx	90 50 02 FF	reply		
2026-09-18T11:05:17.223	processor:33730	rx	81 09 04 39 FF	inquiry	AutoExposure	
2026-09-18T11:05:17.224	processor:33730	tx	90 50 00 FF	reply		
2026-09-18T11:05:17.233	processor:33730	rx	81 09 04 35 FF	inquiry	WhiteBalance	
2026-09-18T11:05:17.234	processor:33730	tx	90 50 03 FF	reply		
2026-09-18T11:05:17.243	processor:33730	rx	81 09 04 38 FF	inquiry	AutoFocus	
2026-09-18T11:05:17.243	processor:33730	tx	90 50 02 FF	reply		
2026-09-18T11:05:17.253	processor:33730	rx	81 09 04 33 FF	inquiry	Backlight	
2026-09-18T11:05:17.254	processor:33730	tx	90 50 03 FF	reply		
2026-09-18T11:05:17.264	processor:33730	rx	81 09 04 62 FF	inquiry	FreezeFrame	
2026-09-18T11:05:17.264	processor:33730	tx	90 50 02 FF	reply		
2026-09-18T11:05:17.274	processor:33730	rx	81 09 04 47 FF	inquiry	ZoomPosition	
2026-09-18T11:05:17.274	processor:33730	tx	90 50 01 0F 04 00 FF	reply		
2026-09-18T11:05:17.283	processor:33730	rx	81 09 06 12 FF	inquiry	PanTiltPosition	
2026-09-18T11:05:17.283	processor:33730	tx	90 50 00 03 0E 08 0F 0E 00 0C FF	reply		
2026-09-18T11:05:17.293	processor:33730	rx	81 09 06 12 FF	inquiry	PanTiltPosition	
2026-09-18T11:05:17.293	processor:33730	tx	90 50 00 03 0E 08 0F 0E 00 0C FF	reply		
2026-09-18T11:05:17.302	processor:33730	rx	81 C2 09 08 FF	inquiry	CameraOutput	
2026-09-18T11:05:17.303	processor:33730	tx	90 50 01 01 FF	reply		
2026-09-18T11:05:20.279	processor:33730	rx	81 09 04 00 FF	inquiry	Power	
2026-09-18T11:05:20.279	processor:33730	tx	90 50 02 FF	reply		
2026-09-18T11:05:20.295	processor:33730	rx	81 09 08 01 FF	inquiry	TrackingFraming	
2026-09-18T11:05:20.296	processor:33730	tx	90 50 02 FF	reply		
2026-09-18T11:05:20.306	processor:33730	rx	81 09 04 39 FF	inquiry	AutoExposure	
2026-09-18T11:05:20.306	processor:33730	tx	90 50 00 FF	reply		
2026-09-18T11:05:20.316	processor:33730	rx	81 09 04 35 FF	inquiry	WhiteBalance	
2026-09-18T11:05:20.316	processor:33730	tx	90 50 03 FF	reply		
2026-09-18T11:05:20.326	processor:33730	rx	81 09 04 38 FF	inquiry	AutoFocus	
2026-09-18T11:05:20.327	processor:33730	tx	90 50 02 FF	reply		
2026-09-18T11:05:20.335	processor:33730	rx	81 09 04 33 FF	inquiry	Backlight	
2026-09-18T11:05:20.336	processor:33730	tx	90 50 03 FF	reply		
2026-09-18T11:05:20.345	processor:33730	rx	81 09 04 62 FF	inquiry	FreezeFrame	
2026-09-18T11:05:20.346	processor:33730	tx	90 50 02 FF	reply		
2026-09-18T11:05:20.365	processor:33730	rx	81 09 04 47 FF	inquiry	ZoomPosition	
2026-09-18T11:05:20.366	processor:33730	tx	90 50 01 0F 04 00 FF	reply		
2026-09-18T11:05:20.383	processor:33730	rx	81 09 06 12 FF	inquiry	PanTiltPosition	
2026-09-18T11:05:20.383	processor:33730	tx	90 50 00 03 0E 08 0F 0E 00 0C FF	reply		
2026-09-18T11:05:20.409	processor:33730	rx	81 09 06 12 FF	inquiry	PanTiltPosition	
2026-09-18T11:05:20.409	processor:33730	tx	90 50 00 03 0E 08 0F 0E 00 0C FF	reply		
2026-09-18T11:05:20.433	processor:33730	rx	81 C2 09 08 FF	inquiry	CameraOutput	
2026-09-18T11:05:20.433	processor:33730	tx	90 50 01 01 FF	reply		
2026-09-18T11:05:23.392	processor:33730	rx	81 09 04 00 FF	inquiry	Power	
2026-09-18T11:05:23.393	processor:33730	tx	90 50 02 FF	reply		
2026-09-18T11:05:23.408	processor:33730	rx	81 09 08 01 FF	inquiry	TrackingFraming	
2026-09-18T11:05:23.408	processor:33730	tx	90 50 02 FF	reply		
2026-09-18T11:05:23.420	processor:33730	rx	81 09 04 39 FF	inquiry	AutoExposure	
2026-09-18T11:05:23.420	processor:33730	tx	90 50 00 FF	reply		
2026-09-18T11:05:23.430	processor:33730	rx	81 09 04 35 FF	inquiry	WhiteBalance	
2026-09-18T11:05:23.431	processor:33730	tx	90 50 03 FF	reply		
2026-09-18T11:05:23.441	processor:33730	rx	81 09 04 38 FF	inquiry	AutoFocus	
2026-09-18T11:05:23.441	processor:33730	tx	90 50 02 FF	reply		
2026-09-18T11:05:23.451	processor:33730	rx	81 09 04 33 FF	inquiry	Backlight	
2026-09-18T11:05:23.451	processor:33730	tx	90 50 03 FF	reply		
2026-09-18T11:05:23.461	processor:33730	rx	81 09 04 62 FF	inquiry	FreezeFrame	
2026-09-18T11:05:23.461	processor:33730	tx	90 50 02 FF	reply		
2026-09-18T11:05:23.473	processor:33730	rx	81 09 04 47 FF	inquiry	ZoomPosition	
2026-09-18T11:05:23.473	processor:33730	tx	90 50 01 0F 04 00 FF	reply		
2026-09-18T11:05:23.483	processor:33730	rx	81 09 06 12 FF	inquiry	PanTiltPosition	
2026-09-18T11:05:23.484	processor:33730	tx	90 50 00 03 0E 08 0F 0E 00 0C FF	reply		
2026-09-18T11:05:23.493	processor:33730	rx	81 09 06 12 FF	inquiry	PanTiltPosition	
2026-09-18T11:05:23.493	processor:33730	tx	90 50 00 03 0E 08 0F 0E 00 0C FF	reply		
2026-09-18T11:05:23.502	processor:33730	rx	81 C2 09 08 FF	inquiry	CameraOutput	
2026-09-18T11:05:23.503	processor:33730	tx	90 50 01 01 FF	reply		
2026-09-18T11:05:26.524	processor:33730	rx	81 09 04 00 FF	inquiry	Power	
2026-09-18T11:05:26.525	processor:33730	tx	90 50 02 FF	reply		
2026-09-18T11:05:26.541	processor:33730	rx	81 09 08 01 FF	inquiry	TrackingFraming	
2026-09-18T11:05:26.542	processor:33730	tx	90 50 02 FF	reply		
2026-09-18T11:05:26.551	processor:33730	rx	81 09 04 39 FF	inquiry	AutoExposure	
2026-09-18T11:05:26.551	processor:33730	tx	90 50 00 FF	reply		
2026-09-18T11:05:26.561	processor:33730	rx	81 09 04 35 FF	inquiry	WhiteBalance	
2026-09-18T11:05:26.562	processor:33730	tx	90 50 03 FF	reply		
2026-09-18T11:05:26.570	processor:33730	rx	81 09 04 38 FF	inquiry	AutoFocus	
2026-09-18T11:05:26.571	processor:33730	tx	90 50 02 FF	reply		
2026-09-18T11:05:26.580	processor:33730	rx	81 09 04 33 FF	inquiry	Backlight	
2026-09-18T11:05:26.581	processor:33730	tx	90 50 03 FF	reply		
2026-09-18T11:05:26.591	processor:33730	rx	81 09 04 62 FF	inquiry	FreezeFrame	
2026-09-18T11:05:26.591	processor:33730	tx	90 50 02 FF	reply		
2026-09-18T11:05:26.602	processor:33730	rx	81 09 04 47 FF	inquiry	ZoomPosition	
2026-09-18T11:05:26.603	processor:33730	tx	90 50 01 0F 04 00 FF	reply		
2026-09-18T11:05:26.613	processor:33730	rx	81 09 06 12 FF	inquiry	PanTiltPosition	
2026-09-18T11:05:26.613	processor:33730	tx	90 50 00 03 0E 08 0F 0E 00 0C FF	reply		
2026-09-18T11:05:26.622	processor:33730	rx	81 09 06 12 FF	inquiry	PanTiltPosition	
2026-09-18T11:05:26.622	processor:33730	tx	90 50 00 03 0E 08 0F 0E 00 0C FF	reply		
2026-09-18T11:05:26.634	processor:33730	rx	81 C2 09 08 FF	inquiry	CameraOutput	
2026-09-18T11:05:26.634	processor:33730	tx	90 50 01 01 FF	reply		
2026-09-18T11:05:29.607	processor:33730	rx	81 09 04 00 FF	inquiry	Power	
2026-09-18T11:05:29.607	processor:33730	tx	90 50 02 FF	reply		
2026-09-18T11:05:29.623	processor:33730	rx	81 09 08 01 FF	inquiry	TrackingFraming	
2026-09-18T11:05:29.623	processor:33730	tx	90 50 02 FF	reply		
2026-09-18T11:05:29.633	processor:33730	rx	81 09 04 39 FF	inquiry	AutoExposure	
2026-09-18T11:05:29.633	processor:33730	tx	90 50 00 FF	reply		
2026-09-18T11:05:29.644	processor:33730	rx	81 09 04 35 FF	inquiry	WhiteBalance	
2026-09-18T11:05:29.644	processor:33730	tx	90 50 03 FF	reply		
2026-09-18T11:05:29.653	processor:33730	rx	81 09 04 38 FF	inquiry	AutoFocus	
2026-09-18T11:05:29.654	processor:33730	tx	90 50 02 FF	reply		
2026-09-18T11:05:29.663	processor:33730	rx	81 09 04 33 FF	inquiry	Backlight	
2026-09-18T11:05:29.663	processor:33730	tx	90 50 03 FF	reply		
2026-09-18T11:05:29.675	processor:33730	rx	81 09 04 62 FF	inquiry	FreezeFrame	
2026-09-18T11:05:29.675	processor:33730	tx	90 50 02 FF	reply		
2026-09-18T11:05:29.685	processor:33730	rx	81 09 04 47 FF	inquiry	ZoomPosition	
2026-09-18T11:05:29.686	processor:33730	tx	90 50 01 0F 04 00 FF	reply		
2026-09-18T11:05:29.695	processor:33730	rx	81 09 06 12 FF	inquiry	PanTiltPosition	
2026-09-18T11:05:29.696	processor:33730	tx	90 50 00 03 0E 08 0F 0E 00 0C FF	reply		
2026-09-18T11:05:29.706	processor:33730	rx	81 09 06 12 FF	inquiry	PanTiltPosition	
2026-09-18T11:05:29.707	processor:33730	tx	90 50 00 03 0E 08 0F 0E 00 0C FF	reply		
2026-09-18T11:05:29.717	processor:33730	rx	81 C2 09 08 FF	inquiry	CameraOutput	
2026-09-18T11:05:29.717	processor:33730	tx	90 50 01 01 FF	reply		
2026-09-18T11:05:32.697	processor:33730	rx	81 09 04 00 FF	inquiry	Power	
2026-09-18T11:05:32.698	processor:33730	tx	90 50 02 FF	reply		
2026-09-18T11:05:32.712	processor:33730	rx	81 09 08 01 FF	inquiry	TrackingFraming	
2026-09-18T11:05:32.713	processor:33730	tx	90 50 02 FF	reply		
2026-09-18T11:05:32.724	processor:33730	rx	81 09 04 39 FF	inquiry	AutoExposure	
2026-09-18T11:05:32.724	processor:33730	tx	90 50 00 FF	reply		
2026-09-18T11:05:32.734	processor:33730	rx	81 09 04 35 FF	inquiry	WhiteBalance	
2026-09-18T11:05:32.734	processor:33730	tx	90 50 03 FF	reply		
2026-09-18T11:05:32.744	processor:33730	rx	81 09 04 38 FF	inquiry	AutoFocus	
2026-09-18T11:05:32.745	processor:33730	tx	90 50 02 FF	reply		
2026-09-18T11:05:32.753	processor:33730	rx	81 09 04 33 FF	inquiry	Backlight	
2026-09-18T11:05:32.753	processor:33730	tx	90 50 03 FF	reply		
2026-09-18T11:05:32.763	processor:33730	rx	81 09 04 62 FF	inquiry	FreezeFrame	
2026-09-18T11:05:32.763	processor:33730	tx	90 50 02 FF	reply		
2026-09-18T11:05:32.772	processor:33730	rx	81 09 04 47 FF	inquiry	ZoomPosition	
2026-09-18T11:05:32.773	processor:33730	tx	90 50 01 0F 04 00 FF	reply		
2026-09-18T11:05:32.783	processor:33730	rx	81 09 06 12 FF	inquiry	PanTiltPosition	
2026-09-18T11:05:32.784	processor:33730	tx	90 50 00 03 0E 08 0F 0E 00 0C FF	reply		
2026-09-18T11:05:32.793	processor:33730	rx	81 09 06 12 FF	inquiry	PanTiltPosition	
2026-09-18T11:05:32.793	processor:33730	tx	90 50 00 03 0E 08 0F 0E 00 0C FF	reply		
2026-09-18T11:05:32.803	processor:33730	rx	81 C2 09 08 FF	inquiry	CameraOutput	
2026-09-18T11:05:32.803	processor:33730	tx	90 50 01 01 FF	reply		
2026-09-18T11:05:35.797	processor:33730	rx	81 09 04 00 FF	inquiry	Power	
2026-09-18T11:05:35.798	processor:33730	tx	90 50 02 FF	reply		
2026-09-18T11:05:35.819	processor:33730	rx	81 09 08 01 FF	inquiry	TrackingFraming	
2026-09-18T11:05:35.820	processor:33730	tx	90 50 02 FF	reply		
2026-09-18T11:05:35.843	processor:33730	rx	81 09 04 39 FF	inquiry	AutoExposure	
2026-09-18T11:05:35.844	processor:33730	tx	90 50 00 FF	reply		
2026-09-18T11:05:35.864	processor:33730	rx	81 09 04 35 FF	inquiry	WhiteBalance	
2026-09-18T11:05:35.864	processor:33730	tx	90 50 03 FF	reply		
2026-09-18T11:05:35.879	processor:33730	rx	81 09 04 38 FF	inquiry	AutoFocus	
2026-09-18T11:05:35.880	processor:33730	tx	90 50 02 FF	reply		
2026-09-18T11:05:35.890	processor:33730	rx	81 09 04 33 FF	inquiry	Backlight	
2026-09-18T11:05:35.891	processor:33730	tx	90 50 03 FF	reply		
2026-09-18T11:05:35.901	processor:33730	rx	81 09 04 62 FF	inquiry	FreezeFrame	
2026-09-18T11:05:35.901	processor:33730	tx	90 50 02 FF	reply		
2026-09-18T11:05:35.910	processor:33730	rx	81 09 04 47 FF	inquiry	ZoomPosition	
2026-09-18T11:05:35.910	processor:33730	tx	90 50 01 0F 04 00 FF	reply		
2026-09-18T11:05:35.919	processor:33730	rx	81 09 06 12 FF	inquiry	PanTiltPosition	
2026-09-18T11:05:35.920	processor:33730	tx	90 50 00 03 0E 08 0F 0E 00 0C FF	reply		
2026-09-18T11:05:35.930	processor:33730	rx	81 09 06 12 FF	inquiry	PanTiltPosition	
2026-09-18T11:05:35.930	processor:33730	tx	90 50 00 03 0E 08 0F 0E 00 0C FF	reply		
2026-09-18T11:05:35.940	processor:33730	rx	81 C2 09 08 FF	inquiry	CameraOutput	
2026-09-18T11:05:35.941	processor:33730	tx	90 50 01 01 FF	reply		
2026-09-18T11:05:38.928	processor:33730	rx	81 09 04 00 FF	inquiry	Power	
2026-09-18T11:05:38.928	processor:33730	tx	90 50 02 FF	reply		
2026-09-18T11:05:38.943	processor:33730	rx	81 09 08 01 FF	inquiry	TrackingFraming	
2026-09-18T11:05:38.943	processor:33730	tx	90 50 02 FF	reply		
2026-09-18T11:05:38.954	processor:33730	rx	81 09 04 39 FF	inquiry	AutoExposure	
2026-09-18T11:05:38.955	processor:33730	tx	90 50 00 FF	reply		
2026-09-18T11:05:38.963	processor:33730	rx	81 09 04 35 FF	inquiry	WhiteBalance	
2026-09-18T11:05:38.964	processor:33730	tx	90 50 03 FF	reply		
2026-09-18T11:05:38.975	processor:33730	rx	81 09 04 38 FF	inquiry	AutoFocus	
2026-09-18T11:05:38.975	processor:33730	tx	90 50 02 FF	reply		
2026-09-18T11:05:38.984	processor:33730	rx	81 09 04 33 FF	inquiry	Backlight	
2026-09-18T11:05:38.985	processor:33730	tx	90 50 03 FF	reply		
2026-09-18T11:05:38.995	processor:33730	rx	81 09 04 62 FF	inquiry	FreezeFrame	
2026-09-18T11:05:38.995	processor:33730	tx	90 50 02 FF	reply		
2026-09-18T11:05:39.005	processor:33730	rx	81 09 04 47 FF	inquiry	ZoomPosition	
2026-09-18T11:05:39.006	processor:33730	tx	90 50 01 0F 04 00 FF	reply		
2026-09-18T11:05:39.042	processor:33730	rx	81 09 06 12 FF	inquiry	PanTiltPosition	
2026-09-18T11:05:39.042	processor:33730	tx	90 50 00 03 0E 08 0F 0E 00 0C FF	reply		
2026-09-18T11:05:39.065	processor:33730	rx	81 09 06 12 FF	inquiry	PanTiltPosition	
2026-09-18T11:05:39.066	processor:33730	tx	90 50 00 03 0E 08 0F 0E 00 0C FF	reply		
2026-09-18T11:05:39.081	processor:33730	rx	81 C2 09 08 FF	inquiry	CameraOutput	
2026-09-18T11:05:39.081	processor:33730	tx	90 50 01 01 FF	reply		
2026-09-18T11:05:42.037	processor:33730	rx	81 09 04 00 FF	inquiry	Power	
2026-09-18T11:05:42.038	processor:33730	tx	90 50 02 FF	reply		
2026-09-18T11:05:42.059	processor:33730	rx	81 09 08 01 FF	inquiry	TrackingFraming	
2026-09-18T11:05:42.059	processor:33730	tx	90 50 02 FF	reply		
2026-09-18T11:05:42.069	processor:33730	rx	81 09 04 39 FF	inquiry	AutoExposure	
2026-09-18T11:05:42.070	processor:33730	tx	90 50 00 FF	reply		
2026-09-18T11:05:42.079	processor:33730	rx	81 09 04 35 FF	inquiry	WhiteBalance	
2026-09-18T11:05:42.079	processor:33730	tx	90 50 03 FF	reply		
2026-09-18T11:05:42.093	processor:33730	rx	81 09 04 38 FF	inquiry	AutoFocus	
2026-09-18T11:05:42.094	processor:33730	tx	90 50 02 FF	reply		
2026-09-18T11:05:42.103	processor:33730	rx	81 09 04 33 FF	inquiry	Backlight	
2026-09-18T11:05:42.104	processor:33730	tx	90 50 03 FF	reply		
2026-09-18T11:05:42.114	processor:33730	rx	81 09 04 62 FF	inquiry	FreezeFrame	
2026-09-18T11:05:42.114	processor:33730	tx	90 50 02 FF	reply		
2026-09-18T11:05:42.125	processor:33730	rx	81 09 04 47 FF	inquiry	ZoomPosition	
2026-09-18T11:05:42.125	processor:33730	tx	90 50 01 0F 04 00 FF	reply		
2026-09-18T11:05:42.134	processor:33730	rx	81 09 06 12 FF	inquiry	PanTiltPosition	
2026-09-18T11:05:42.135	processor:33730	tx	90 50 00 03 0E 08 0F 0E 00 0C FF	reply		
2026-09-18T11:05:42.144	processor:33730	rx	81 09 06 12 FF	inquiry	PanTiltPosition	
2026-09-18T11:05:42.144	processor:33730	tx	90 50 00 03 0E 08 0F 0E 00 0C FF	reply		
2026-09-18T11:05:42.155	processor:33730	rx	81 C2 09 08 FF	inquiry	CameraOutput	
2026-09-18T11:05:42.155	processor:33730	tx	90 50 01 01 FF	reply		
2026-09-18T11:05:45.125	processor:33730	rx	81 09 04 00 FF	inquiry	Power	
2026-09-18T11:05:45.126	processor:33730	tx	90 50 02 FF	reply		
2026-09-18T11:05:45.140	processor:33730	rx	81 09 08 01 FF	inquiry	TrackingFraming	
2026-09-18T11:05:45.141	processor:33730	tx	90 50 02 FF	reply		
2026-09-18T11:05:45.151	processor:33730	rx	81 09 04 39 FF	inquiry	AutoExposure	
2026-09-18T11:05:45.151	processor:33730	tx	90 50 00 FF	reply		
2026-09-18T11:05:45.162	processor:33730	rx	81 09 04 35 FF	inquiry	WhiteBalance	
2026-09-18T11:05:45.162	processor:33730	tx	90 50 03 FF	reply		
2026-09-18T11:05:45.172	processor:33730	rx	81 09 04 38 FF	inquiry	AutoFocus	
2026-09-18T11:05:45.174	processor:33730	tx	90 50 02 FF	reply		
2026-09-18T11:05:45.183	processor:33730	rx	81 09 04 33 FF	inquiry	Backlight	
2026-09-18T11:05:45.183	processor:33730	tx	90 50 03 FF	reply		
2026-09-18T11:05:45.193	processor:33730	rx	81 09 04 62 FF	inquiry	FreezeFrame	
2026-09-18T11:05:45.193	processor:33730	tx	90 50 02 FF	reply		
2026-09-18T11:05:45.203	processor:33730	rx	81 09 04 47 FF	inquiry	ZoomPosition	
2026-09-18T11:05:45.203	processor:33730	tx	90 50 01 0F 04 00 FF	reply		
2026-09-18T11:05:45.213	processor:33730	rx	81 09 06 12 FF	inquiry	PanTiltPosition	
2026-09-18T11:05:45.213	processor:33730	tx	90 50 00 03 0E 08 0F 0E 00 0C FF	reply		
2026-09-18T11:05:45.223	processor:33730	rx	81 09 06 12 FF	inquiry	PanTiltPosition	
2026-09-18T11:05:45.223	processor:33730	tx	90 50 00 03 0E 08 0F 0E 00 0C FF	reply		
2026-09-18T11:05:45.233	processor:33730	rx	81 C2 09 08 FF	inquiry	CameraOutput	
2026-09-18T11:05:45.233	processor:33730	tx	90 50 01 01 FF	reply		
2026-09-18T11:05:48.216	processor:33730	rx	81 09 04 00 FF	inquiry	Power	
2026-09-18T11:05:48.217	processor:33730	tx	90 50 02 FF	reply		
2026-09-18T11:05:48.232	processor:33730	rx	81 09 08 01 FF	inquiry	TrackingFraming	
2026-09-18T11:05:48.232	processor:33730	tx	90 50 02 FF	reply		
2026-09-18T11:05:48.242	processor:33730	rx	81 09 04 39 FF	inquiry	AutoExposure	
2026-09-18T11:05:48.243	processor:33730	tx	90 50 00 FF	reply		
2026-09-18T11:05:48.253	processor:33730	rx	81 09 04 35 FF	inquiry	WhiteBalance	
2026-09-18T11:05:48.253	processor:33730	tx	90 50 03 FF	reply		
2026-09-18T11:05:48.263	processor:33730	rx	81 09 04 38 FF	inquiry	AutoFocus	
2026-09-18T11:05:48.263	processor:33730	tx	90 50 02 FF	reply		
2026-09-18T11:05:48.271	processor:33730	rx	81 09 04 33 FF	inquiry	Backlight	
2026-09-18T11:05:48.272	processor:33730	tx	90 50 03 FF	reply		
2026-09-18T11:05:48.281	processor:33730	rx	81 09 04 62 FF	inquiry	FreezeFrame	
2026-09-18T11:05:48.282	processor:33730	tx	90 50 02 FF	reply		
2026-09-18T11:05:48.293	processor:33730	rx	81 09 04 47 FF	inquiry	ZoomPosition	
2026-09-18T11:05:48.293	processor:33730	tx	90 50 01 0F 04 00 FF	reply		
2026-09-18T11:05:48.303	processor:33730	rx	81 09 06 12 FF	inquiry	PanTiltPosition	
2026-09-18T11:05:48.303	processor:33730	tx	90 50 00 03 0E 08 0F 0E 00 0C FF	reply		
2026-09-18T11:05:48.312	processor:33730	rx	81 09 06 12 FF	inquiry	PanTiltPosition	
2026-09-18T11:05:48.312	processor:33730	tx	90 50 00 03 0E 08 0F 0E 00 0C FF	reply		
2026-09-18T11:05:48.321	processor:33730	rx	81 C2 09 08 FF	inquiry	CameraOutput	
2026-09-18T11:05:48.321	processor:33730	tx	90 50 01 01 FF	reply		
2026-09-18T11:05:51.296	processor:33730	rx	81 09 04 00 FF	inquiry	Power	
2026-09-18T11:05:51.297	processor:33730	tx	90 50 02 FF	reply		
2026-09-18T11:05:51.318	processor:33730	rx	81 09 08 01 FF	inquiry	TrackingFraming	
2026-09-18T11:05:51.318	processor:33730	tx	90 50 02 FF	reply		
2026-09-18T11:05:51.330	processor:33730	rx	81 09 04 39 FF	inquiry	AutoExposure	
2026-09-18T11:05:51.330	processor:33730	tx	90 50 00 FF	reply		
2026-09-18T11:05:51.339	processor:33730	rx	81 09 04 35 FF	inquiry	WhiteBalance	
2026-09-18T11:05:51.340	processor:33730	tx	90 50 03 FF	reply		
2026-09-18T11:05:51.349	processor:33730	rx	81 09 04 38 FF	inquiry	AutoFocus	
2026-09-18T11:05:51.350	processor:33730	tx	90 50 02 FF	reply		
2026-09-18T11:05:51.364	processor:33730	rx	81 09 04 33 FF	inquiry	Backlight	
2026-09-18T11:05:51.364	processor:33730	tx	90 50 03 FF	reply		
2026-09-18T11:05:51.373	processor:33730	rx	81 09 04 62 FF	inquiry	FreezeFrame	
2026-09-18T11:05:51.374	processor:33730	tx	90 50 02 FF	reply		
2026-09-18T11:05:51.383	processor:33730	rx	81 09 04 47 FF	inquiry	ZoomPosition	
2026-09-18T11:05:51.383	processor:33730	tx	90 50 01 0F 04 00 FF	reply		
2026-09-18T11:05:51.393	processor:33730	rx	81 09 06 12 FF	inquiry	PanTiltPosition	
2026-09-18T11:05:51.393	processor:33730	tx	90 50 00 03 0E 08 0F 0E 00 0C FF	reply		
2026-09-18T11:05:51.403	processor:33730	rx	81 09 06 12 FF	inquiry	PanTiltPosition	
2026-09-18T11:05:51.403	processor:33730	tx	90 50 00 03 0E 08 0F 0E 00 0C FF	reply		
2026-09-18T11:05:51.414	processor:33730	rx	81 C2 09 08 FF	inquiry	CameraOutput	
2026-09-18T11:05:51.414	processor:33730	tx	90 50 01 01 FF	reply		
2026-09-18T11:05:54.439	processor:33730	rx	81 09 04 00 FF	inquiry	Power	
2026-09-18T11:05:54.439	processor:33730	tx	90 50 02 FF	reply		
2026-09-18T11:05:54.455	processor:33730	rx	81 09 08 01 FF	inquiry	TrackingFraming	
2026-09-18T11:05:54.455	processor:33730	tx	90 50 02 FF	reply		
2026-09-18T11:05:54.465	processor:33730	rx	81 09 04 39 FF	inquiry	AutoExposure	
2026-09-18T11:05:54.465	processor:33730	tx	90 50 00 FF	reply		
2026-09-18T11:05:54.474	processor:33730	rx	81 09 04 35 FF	inquiry	WhiteBalance	
2026-09-18T11:05:54.474	processor:33730	tx	90 50 03 FF	reply		
2026-09-18T11:05:54.484	processor:33730	rx	81 09 04 38 FF	inquiry	AutoFocus	
2026-09-18T11:05:54.485	processor:33730	tx	90 50 02 FF	reply		
2026-09-18T11:05:54.494	processor:33730	rx	81 09 04 33 FF	inquiry	Backlight	
2026-09-18T11:05:54.494	processor:33730	tx	90 50 03 FF	reply		
2026-09-18T11:05:54.504	processor:33730	rx	81 09 04 62 FF	inquiry	FreezeFrame	
2026-09-18T11:05:54.505	processor:33730	tx	90 50 02 FF	reply		
2026-09-18T11:05:54.514	processor:33730	rx	81 09 04 47 FF	inquiry	ZoomPosition	
2026-09-18T11:05:54.515	processor:33730	tx	90 50 01 0F 04 00 FF	reply		
2026-09-18T11:05:54.528	processor:33730	rx	81 09 06 12 FF	inquiry	PanTiltPosition	
2026-09-18T11:05:54.529	processor:33730	tx	90 50 00 03 0E 08 0F 0E 00 0C FF	reply		
2026-09-18T11:05:54.538	processor:33730	rx	81 09 06 12 FF	inquiry	PanTiltPosition	
2026-09-18T11:05:54.538	processor:33730	tx	90 50 00 03 0E 08 0F 0E 00 0C FF	reply		
2026-09-18T11:05:54.548	processor:33730	rx	81 C2 09 08 FF	inquiry	CameraOutput	
2026-09-18T11:05:54.548	processor:33730	tx	90 50 01 01 FF	reply		
2026-09-18T11:05:57.536	processor:33730	rx	81 09 04 00 FF	inquiry	Power	
2026-09-18T11:05:57.536	processor:33730	tx	90 50 02 FF	reply		
2026-09-18T11:05:57.553	processor:33730	rx	81 09 08 01 FF	inquiry	TrackingFraming	
2026-09-18T11:05:57.553	processor:33730	tx	90 50 02 FF	reply		
2026-09-18T11:05:57.564	processor:33730	rx	81 09 04 39 FF	inquiry	AutoExposure	
2026-09-18T11:05:57.564	processor:33730	tx	90 50 00 FF	reply		
2026-09-18T11:05:57.574	processor:33730	rx	81 09 04 35 FF	inquiry	WhiteBalance	
2026-09-18T11:05:57.574	processor:33730	tx	90 50 03 FF	reply		
2026-09-18T11:05:57.584	processor:33730	rx	81 09 04 38 FF	inquiry	AutoFocus	
2026-09-18T11:05:57.584	processor:33730	tx	90 50 02 FF	reply		
2026-09-18T11:05:57.594	processor:33730	rx	81 09 04 33 FF	inquiry	Backlight	
2026-09-18T11:05:57.594	processor:33730	tx	90 50 03 FF	reply		
2026-09-18T11:05:57.604	processor:33730	rx	81 09 04 62 FF	inquiry	FreezeFrame	
2026-09-18T11:05:57.604	processor:33730	tx	90 50 02 FF	reply		
2026-09-18T11:05:57.614	processor:33730	rx	81 09 04 47 FF	inquiry	ZoomPosition	
2026-09-18T11:05:57.614	processor:33730	tx	90 50 01 0F 04 00 FF	reply		
2026-09-18T11:05:57.625	processor:33730	rx	81 09 06 12 FF	inquiry	PanTiltPosition	
2026-09-18T11:05:57.625	processor:33730	tx	90 50 00 03 0E 08 0F 0E 00 0C FF	reply		
2026-09-18T11:05:57.634	processor:33730	rx	81 09 06 12 FF	inquiry	PanTiltPosition	
2026-09-18T11:05:57.634	processor:33730	tx	90 50 00 03 0E 08 0F 0E 00 0C FF	reply		
2026-09-18T11:05:57.643	processor:33730	rx	81 C2 09 08 FF	inquiry	CameraOutput	
2026-09-18T11:05:57.643	processor:33730	tx	90 50 01 01 FF	reply		
2026-09-18T11:06:00.621	processor:33730	rx	81 09 04 00 FF	inquiry	Power	
2026-09-18T11:06:00.623	processor:33730	tx	90 50 02 FF	reply		
2026-09-18T11:06:00.638	processor:33730	rx	81 09 08 01 FF	inquiry	TrackingFraming	
2026-09-18T11:06:00.638	processor:33730	tx	90 50 02 FF	reply		
2026-09-18T11:06:00.647	processor:33730	rx	81 09 04 39 FF	inquiry	AutoExposure	
2026-09-18T11:06:00.648	processor:33730	tx	90 50 00 FF	reply		
2026-09-18T11:06:00.661	processor:33730	rx	81 09 04 35 FF	inquiry	WhiteBalance	
2026-09-18T11:06:00.661	processor:33730	tx	90 50 03 FF	reply		
2026-09-18T11:06:00.672	processor:33730	rx	81 09 04 38 FF	inquiry	AutoFocus	
2026-09-18T11:06:00.672	processor:33730	tx	90 50 02 FF	reply		
2026-09-18T11:06:00.681	processor:33730	rx	81 09 04 33 FF	inquiry	Backlight	
2026-09-18T11:06:00.682	processor:33730	tx	90 50 03 FF	reply		
2026-09-18T11:06:00.695	processor:33730	rx	81 09 04 62 FF	inquiry	FreezeFrame	
2026-09-18T11:06:00.696	processor:33730	tx	90 50 02 FF	reply		
2026-09-18T11:06:00.704	processor:33730	rx	81 09 04 47 FF	inquiry	ZoomPosition	
2026-09-18T11:06:00.705	processor:33730	tx	90 50 01 0F 04 00 FF	reply		
2026-09-18T11:06:00.714	processor:33730	rx	81 09 06 12 FF	inquiry	PanTiltPosition	
2026-09-18T11:06:00.714	processor:33730	tx	90 50 00 03 0E 08 0F 0E 00 0C FF	reply		
2026-09-18T11:06:00.724	processor:33730	rx	81 09 06 12 FF	inquiry	PanTiltPosition	
2026-09-18T11:06:00.724	processor:33730	tx	90 50 00 03 0E 08 0F 0E 00 0C FF	reply		
2026-09-18T11:06:00.734	processor:33730	rx	81 C2 09 08 FF	inquiry	CameraOutput	
2026-09-18T11:06:00.734	processor:33730	tx	90 50 01 01 FF	reply		
2026-09-18T11:06:03.689	processor:33730	rx	81 09 04 00 FF	inquiry	Power	
2026-09-18T11:06:03.689	processor:33730	tx	90 50 02 FF	reply		
2026-09-18T11:06:03.706	processor:33730	rx	81 09 08 01 FF	inquiry	TrackingFraming	
2026-09-18T11:06:03.707	processor:33730	tx	90 50 02 FF	reply		
2026-09-18T11:06:03.718	processor:33730	rx	81 09 04 39 FF	inquiry	AutoExposure	
2026-09-18T11:06:03.719	processor:33730	tx	90 50 00 FF	reply		
2026-09-18T11:06:03.729	processor:33730	rx	81 09 04 35 FF	inquiry	WhiteBalance	
2026-09-18T11:06:03.729	processor:33730	tx	90 50 03 FF	reply		
2026-09-18T11:06:03.747	processor:33730	rx	81 09 04 38 FF	inquiry	AutoFocus	
2026-09-18T11:06:03.747	processor:33730	tx	90 50 02 FF	reply		
2026-09-18T11:06:03.780	processor:33730	rx	81 09 04 33 FF	inquiry	Backlight	
2026-09-18T11:06:03.780	processor:33730	tx	90 50 03 FF	reply		
2026-09-18T11:06:03.811	processor:33730	rx	81 09 04 62 FF	inquiry	FreezeFrame	
2026-09-18T11:06:03.812	processor:33730	tx	90 50 02 FF	reply		
2026-09-18T11:06:03.828	processor:33730	rx	81 09 04 47 FF	inquiry	ZoomPosition	
2026-09-18T11:06:03.829	processor:33730	tx	90 50 01 0F 04 00 FF	reply		
2026-09-18T11:06:03.847	processor:33730	rx	81 09 06 12 FF	inquiry	PanTiltPosition	
2026-09-18T11:06:03.848	processor:33730	tx	90 50 00 03 0E 08 0F 0E 00 0C FF	reply		
2026-09-18T11:06:03.864	processor:33730	rx	81 09 06 12 FF	inquiry	PanTiltPosition	
2026-09-18T11:06:03.865	processor:33730	tx	90 50 00 03 0E 08 0F 0E 00 0C FF	reply		
2026-09-18T11:06:03.875	processor:33730	rx	81 C2 09 08 FF	inquiry	CameraOutput	
2026-09-18T11:06:03.875	processor:33730	tx	90 50 01 01 FF	reply		
2026-09-18T11:06:06.815	processor:33730	rx	81 09 04 00 FF	inquiry	Power	
2026-09-18T11:06:06.815	processor:33730	tx	90 50 02 FF	reply		
2026-09-18T11:06:06.829	processor:33730	rx	81 09 08 01 FF	inquiry	TrackingFraming	
2026-09-18T11:06:06.829	processor:33730	tx	90 50 02 FF	reply		
2026-09-18T11:06:06.839	processor:33730	rx	81 09 04 39 FF	inquiry	AutoExposure	
2026-09-18T11:06:06.841	processor:33730	tx	90 50 00 FF	reply		
2026-09-18T11:06:06.849	processor:33730	rx	81 09 04 35 FF	inquiry	WhiteBalance	
2026-09-18T11:06:06.849	processor:33730	tx	90 50 03 FF	reply		
2026-09-18T11:06:06.860	processor:33730	rx	81 09 04 38 FF	inquiry	AutoFocus	
2026-09-18T11:06:06.860	processor:33730	tx	90 50 02 FF	reply		
2026-09-18T11:06:06.869	processor:33730	rx	81 09 04 33 FF	inquiry	Backlight	
2026-09-18T11:06:06.870	processor:33730	tx	90 50 03 FF	reply		
2026-09-18T11:06:06.879	processor:33730	rx	81 09 04 62 FF	inquiry	FreezeFrame	
2026-09-18T11:06:06.879	processor:33730	tx	90 50 02 FF	reply		
2026-09-18T11:06:06.889	processor:33730	rx	81 09 04 47 FF	inquiry	ZoomPosition	
2026-09-18T11:06:06.889	processor:33730	tx	90 50 01 0F 04 00 FF	reply		
2026-09-18T11:06:06.901	processor:33730	rx	81 09 06 12 FF	inquiry	PanTiltPosition	
2026-09-18T11:06:06.901	processor:33730	tx	90 50 00 03 0E 08 0F 0E 00 0C FF	reply		
2026-09-18T11:06:06.910	processor:33730	rx	81 09 06 12 FF	inquiry	PanTiltPosition	
2026-09-18T11:06:06.910	processor:33730	tx	90 50 00 03 0E 08 0F 0E 00 0C FF	reply		
2026-09-18T11:06:06.920	processor:33730	rx	81 C2 09 08 FF	inquiry	CameraOutput	
2026-09-18T11:06:06.920	processor:33730	tx	90 50 01 01 FF	reply		
2026-09-18T11:06:09.929	processor:33730	rx	81 09 04 00 FF	inquiry	Power	
2026-09-18T11:06:09.929	processor:33730	tx	90 50 02 FF	reply		
2026-09-18T11:06:09.945	processor:33730	rx	81 09 08 01 FF	inquiry	TrackingFraming	
2026-09-18T11:06:09.946	processor:33730	tx	90 50 02 FF	reply		
2026-09-18T11:06:09.956	processor:33730	rx	81 09 04 39 FF	inquiry	AutoExposure	
2026-09-18T11:06:09.956	processor:33730	tx	90 50 00 FF	reply		
2026-09-18T11:06:09.965	processor:33730	rx	81 09 04 35 FF	inquiry	WhiteBalance	
2026-09-18T11:06:09.965	processor:33730	tx	90 50 03 FF	reply		
2026-09-18T11:06:09.976	processor:33730	rx	81 09 04 38 FF	inquiry	AutoFocus	
2026-09-18T11:06:09.976	processor:33730	tx	90 50 02 FF	reply		
2026-09-18T11:06:09.987	processor:33730	rx	81 09 04 33 FF	inquiry	Backlight	
2026-09-18T11:06:09.987	processor:33730	tx	90 50 03 FF	reply		
2026-09-18T11:06:09.998	processor:33730	rx	81 09 04 62 FF	inquiry	FreezeFrame	
2026-09-18T11:06:09.998	processor:33730	tx	90 50 02 FF	reply		
2026-09-18T11:06:10.008	processor:33730	rx	81 09 04 47 FF	inquiry	ZoomPosition	
2026-09-18T11:06:10.008	processor:33730	tx	90 50 01 0F 04 00 FF	reply		
2026-09-18T11:06:10.019	processor:33730	rx	81 09 06 12 FF	inquiry	PanTiltPosition	
2026-09-18T11:06:10.019	processor:33730	tx	90 50 00 03 0E 08 0F 0E 00 0C FF	reply		
2026-09-18T11:06:10.030	processor:33730	rx	81 09 06 12 FF	inquiry	PanTiltPosition	
2026-09-18T11:06:10.031	processor:33730	tx	90 50 00 03 0E 08 0F 0E 00 0C FF	reply		
2026-09-18T11:06:10.039	processor:33730	rx	81 C2 09 08 FF	inquiry	CameraOutput	
2026-09-18T11:06:10.040	processor:33730	tx	90 50 01 01 FF	reply		
2026-09-18T11:06:13.023	processor:33730	rx	81 09 04 00 FF	inquiry	Power	
2026-09-18T11:06:13.023	processor:33730	tx	90 50 02 FF	reply		
2026-09-18T11:06:13.039	processor:33730	rx	81 09 08 01 FF	inquiry	TrackingFraming	
2026-09-18T11:06:13.039	processor:33730	tx	90 50 02 FF	reply		
2026-09-18T11:06:13.049	processor:33730	rx	81 09 04 39 FF	inquiry	AutoExposure	
2026-09-18T11:06:13.049	processor:33730	tx	90 50 00 FF	reply		
2026-09-18T11:06:13.058	processor:33730	rx	81 09 04 35 FF	inquiry	WhiteBalance	
2026-09-18T11:06:13.058	processor:33730	tx	90 50 03 FF	reply		
2026-09-18T11:06:13.068	processor:33730	rx	81 09 04 38 FF	inquiry	AutoFocus	
2026-09-18T11:06:13.068	processor:33730	tx	90 50 02 FF	reply		
2026-09-18T11:06:13.077	processor:33730	rx	81 09 04 33 FF	inquiry	Backlight	
2026-09-18T11:06:13.077	processor:33730	tx	90 50 03 FF	reply		
2026-09-18T11:06:13.103	processor:33730	rx	81 09 04 62 FF	inquiry	FreezeFrame	
2026-09-18T11:06:13.103	processor:33730	tx	90 50 02 FF	reply		
2026-09-18T11:06:13.114	processor:33730	rx	81 09 04 47 FF	inquiry	ZoomPosition	
2026-09-18T11:06:13.115	processor:33730	tx	90 50 01 0F 04 00 FF	reply		
2026-09-18T11:06:13.125	processor:33730	rx	81 09 06 12 FF	inquiry	PanTiltPosition	
2026-09-18T11:06:13.125	processor:33730	tx	90 50 00 03 0E 08 0F 0E 00 0C FF	reply		
2026-09-18T11:06:13.136	processor:33730	rx	81 09 06 12 FF	inquiry	PanTiltPosition	
2026-09-18T11:06:13.137	processor:33730	tx	90 50 00 03 0E 08 0F 0E 00 0C FF	reply		
2026-09-18T11:06:13.147	processor:33730	rx	81 C2 09 08 FF	inquiry	CameraOutput	
2026-09-18T11:06:13.147	processor:33730	tx	90 50 01 01 FF	reply		
2026-09-18T11:06:16.101	processor:33730	rx	81 09 04 00 FF	inquiry	Power	
2026-09-18T11:06:16.101	processor:33730	tx	90 50 02 FF	reply		
2026-09-18T11:06:16.122	processor:33730	rx	81 09 08 01 FF	inquiry	TrackingFraming	
2026-09-18T11:06:16.123	processor:33730	tx	90 50 02 FF	reply		
2026-09-18T11:06:16.134	processor:33730	rx	81 09 04 39 FF	inquiry	AutoExposure	
2026-09-18T11:06:16.134	processor:33730	tx	90 50 00 FF	reply		
2026-09-18T11:06:16.143	processor:33730	rx	81 09 04 35 FF	inquiry	WhiteBalance	
2026-09-18T11:06:16.144	processor:33730	tx	90 50 03 FF	reply		
2026-09-18T11:06:16.153	processor:33730	rx	81 09 04 38 FF	inquiry	AutoFocus	
2026-09-18T11:06:16.153	processor:33730	tx	90 50 02 FF	reply		
2026-09-18T11:06:16.163	processor:33730	rx	81 09 04 33 FF	inquiry	Backlight	
2026-09-18T11:06:16.164	processor:33730	tx	90 50 03 FF	reply		
2026-09-18T11:06:16.172	processor:33730	rx	81 09 04 62 FF	inquiry	FreezeFrame	
2026-09-18T11:06:16.174	processor:33730	tx	90 50 02 FF	reply		
2026-09-18T11:06:16.183	processor:33730	rx	81 09 04 47 FF	inquiry	ZoomPosition	
2026-09-18T11:06:16.184	processor:33730	tx	90 50 01 0F 04 00 FF	reply		
2026-09-18T11:06:16.193	processor:33730	rx	81 09 06 12 FF	inquiry	PanTiltPosition	
2026-09-18T11:06:16.194	processor:33730	tx	90 50 00 03 0E 08 0F 0E 00 0C FF	reply		
2026-09-18T11:06:16.204	processor:33730	rx	81 09 06 12 FF	inquiry	PanTiltPosition	
2026-09-18T11:06:16.205	processor:33730	tx	90 50 00 03 0E 08 0F 0E 00 0C FF	reply		
2026-09-18T11:06:16.215	processor:33730	rx	81 C2 09 08 FF	inquiry	CameraOutput	
2026-09-18T11:06:16.215	processor:33730	tx	90 50 01 01 FF	reply		
2026-09-18T11:06:19.187	processor:33730	rx	81 09 04 00 FF	inquiry	Power	
2026-09-18T11:06:19.187	processor:33730	tx	90 50 02 FF	reply		
2026-09-18T11:06:19.202	processor:33730	rx	81 09 08 01 FF	inquiry	TrackingFraming	
2026-09-18T11:06:19.203	processor:33730	tx	90 50 02 FF	reply		
2026-09-18T11:06:19.215	processor:33730	rx	81 09 04 39 FF	inquiry	AutoExposure	
2026-09-18T11:06:19.215	processor:33730	tx	90 50 00 FF	reply		
2026-09-18T11:06:19.225	processor:33730	rx	81 09 04 35 FF	inquiry	WhiteBalance	
2026-09-18T11:06:19.226	processor:33730	tx	90 50 03 FF	reply		
2026-09-18T11:06:19.235	processor:33730	rx	81 09 04 38 FF	inquiry	AutoFocus	
2026-09-18T11:06:19.237	processor:33730	tx	90 50 02 FF	reply		
2026-09-18T11:06:19.247	processor:33730	rx	81 09 04 33 FF	inquiry	Backlight	
2026-09-18T11:06:19.247	processor:33730	tx	90 50 03 FF	reply		
2026-09-18T11:06:19.256	processor:33730	rx	81 09 04 62 FF	inquiry	FreezeFrame	
2026-09-18T11:06:19.257	processor:33730	tx	90 50 02 FF	reply		
2026-09-18T11:06:19.267	processor:33730	rx	81 09 04 47 FF	inquiry	ZoomPosition	
2026-09-18T11:06:19.267	processor:33730	tx	90 50 01 0F 04 00 FF	reply		
2026-09-18T11:06:19.277	processor:33730	rx	81 09 06 12 FF	inquiry	PanTiltPosition	
2026-09-18T11:06:19.277	processor:33730	tx	90 50 00 03 0E 08 0F 0E 00 0C FF	reply		
2026-09-18T11:06:19.286	processor:33730	rx	81 09 06 12 FF	inquiry	PanTiltPosition	
2026-09-18T11:06:19.287	processor:33730	tx	90 50 00 03 0E 08 0F 0E 00 0C FF	reply		
2026-09-18T11:06:19.297	processor:33730	rx	81 C2 09 08 FF	inquiry	CameraOutput	
2026-09-18T11:06:19.297	processor:33730	tx	90 50 01 01 FF	reply		
2026-09-18T11:06:22.273	processor:33730	rx	81 09 04 00 FF	inquiry	Power	
2026-09-18T11:06:22.273	processor:33730	tx	90 50 02 FF	reply		
2026-09-18T11:06:22.289	processor:33730	rx	81 09 08 01 FF	inquiry	TrackingFraming	
2026-09-18T11:06:22.289	processor:33730	tx	90 50 02 FF	reply		
2026-09-18T11:06:22.298	processor:33730	rx	81 09 04 39 FF	inquiry	AutoExposure	
2026-09-18T11:06:22.299	processor:33730	tx	90 50 00 FF	reply		
2026-09-18T11:06:22.307	processor:33730	rx	81 09 04 35 FF	inquiry	WhiteBalance	
2026-09-18T11:06:22.307	processor:33730	tx	90 50 03 FF	reply		
2026-09-18T11:06:22.317	processor:33730	rx	81 09 04 38 FF	inquiry	AutoFocus	
2026-09-18T11:06:22.317	processor:33730	tx	90 50 02 FF	reply		
2026-09-18T11:06:22.328	processor:33730	rx	81 09 04 33 FF	inquiry	Backlight	
2026-09-18T11:06:22.328	processor:33730	tx	90 50 03 FF	reply		
2026-09-18T11:06:22.338	processor:33730	rx	81 09 04 62 FF	inquiry	FreezeFrame	
2026-09-18T11:06:22.339	processor:33730	tx	90 50 02 FF	reply		
2026-09-18T11:06:22.348	processor:33730	rx	81 09 04 47 FF	inquiry	ZoomPosition	
2026-09-18T11:06:22.348	processor:33730	tx	90 50 01 0F 04 00 FF	reply		
2026-09-18T11:06:22.358	processor:33730	rx	81 09 06 12 FF	inquiry	PanTiltPosition	
2026-09-18T11:06:22.358	processor:33730	tx	90 50 00 03 0E 08 0F 0E 00 0C FF	reply		
2026-09-18T11:06:22.367	processor:33730	rx	81 09 06 12 FF	inquiry	PanTiltPosition	
2026-09-18T11:06:22.367	processor:33730	tx	90 50 00 03 0E 08 0F 0E 00 0C FF	reply		
2026-09-18T11:06:22.377	processor:33730	rx	81 C2 09 08 FF	inquiry	CameraOutput	
2026-09-18T11:06:22.377	processor:33730	tx	90 50 01 01 FF	reply		
2026-09-18T11:06:25.410	processor:33730	rx	81 09 04 00 FF	inquiry	Power	
2026-09-18T11:06:25.411	processor:33730	tx	90 50 02 FF	reply		
2026-09-18T11:06:25.426	processor:33730	rx	81 09 08 01 FF	inquiry	TrackingFraming	
2026-09-18T11:06:25.426	processor:33730	tx	90 50 02 FF	reply		
2026-09-18T11:06:25.437	processor:33730	rx	81 09 04 39 FF	inquiry	AutoExposure	
2026-09-18T11:06:25.437	processor:33730	tx	90 50 00 FF	reply		
2026-09-18T11:06:25.447	processor:33730	rx	81 09 04 35 FF	inquiry	WhiteBalance	
2026-09-18T11:06:25.447	processor:33730	tx	90 50 03 FF	reply		
2026-09-18T11:06:25.457	processor:33730	rx	81 09 04 38 FF	inquiry	AutoFocus	
2026-09-18T11:06:25.457	processor:33730	tx	90 50 02 FF	reply		
2026-09-18T11:06:25.467	processor:33730	rx	81 09 04 33 FF	inquiry	Backlight	
2026-09-18T11:06:25.467	processor:33730	tx	90 50 03 FF	reply		
2026-09-18T11:06:25.476	processor:33730	rx	81 09 04 62 FF	inquiry	FreezeFrame	
2026-09-18T11:06:25.476	processor:33730	tx	90 50 02 FF	reply		
2026-09-18T11:06:25.486	processor:33730	rx	81 09 04 47 FF	inquiry	ZoomPosition	
2026-09-18T11:06:25.486	processor:33730	tx	90 50 01 0F 04 00 FF	reply		
2026-09-18T11:06:25.496	processor:33730	rx	81 09 06 12 FF	inquiry	PanTiltPosition	
2026-09-18T11:06:25.496	processor:33730	tx	90 50 00 03 0E 08 0F 0E 00 0C FF	reply		
2026-09-18T11:06:25.505	processor:33730	rx	81 09 06 12 FF	inquiry	PanTiltPosition	
2026-09-18T11:06:25.505	processor:33730	tx	90 50 00 03 0E 08 0F 0E 00 0C FF	reply		
2026-09-18T11:06:25.514	processor:33730	rx	81 C2 09 08 FF	inquiry	CameraOutput	
2026-09-18T11:06:25.514	processor:33730	tx	90 50 01 01 FF	reply		
2026-09-18T11:06:28.516	processor:33730	rx	81 09 04 00 FF	inquiry	Power	
2026-09-18T11:06:28.517	processor:33730	tx	90 50 02 FF	reply		
2026-09-18T11:06:28.536	processor:33730	rx	81 09 08 01 FF	inquiry	TrackingFraming	
2026-09-18T11:06:28.537	processor:33730	tx	90 50 02 FF	reply		
2026-09-18T11:06:28.561	processor:33730	rx	81 09 04 39 FF	inquiry	AutoExposure	
2026-09-18T11:06:28.561	processor:33730	tx	90 50 00 FF	reply		
2026-09-18T11:06:28.578	processor:33730	rx	81 09 04 35 FF	inquiry	WhiteBalance	
2026-09-18T11:06:28.579	processor:33730	tx	90 50 03 FF	reply		
2026-09-18T11:06:28.602	processor:33730	rx	81 09 04 38 FF	inquiry	AutoFocus	
2026-09-18T11:06:28.603	processor:33730	tx	90 50 02 FF	reply		
2026-09-18T11:06:28.613	processor:33730	rx	81 09 04 33 FF	inquiry	Backlight	
2026-09-18T11:06:28.613	processor:33730	tx	90 50 03 FF	reply		
2026-09-18T11:06:28.623	processor:33730	rx	81 09 04 62 FF	inquiry	FreezeFrame	
2026-09-18T11:06:28.624	processor:33730	tx	90 50 02 FF	reply		
2026-09-18T11:06:28.632	processor:33730	rx	81 09 04 47 FF	inquiry	ZoomPosition	
2026-09-18T11:06:28.632	processor:33730	tx	90 50 01 0F 04 00 FF	reply		
2026-09-18T11:06:28.644	processor:33730	rx	81 09 06 12 FF	inquiry	PanTiltPosition	
2026-09-18T11:06:28.644	processor:33730	tx	90 50 00 03 0E 08 0F 0E 00 0C FF	reply		
2026-09-18T11:06:28.653	processor:33730	rx	81 09 06 12 FF	inquiry	PanTiltPosition	
2026-09-18T11:06:28.653	processor:33730	tx	90 50 00 03 0E 08 0F 0E 00 0C FF	reply		
2026-09-18T11:06:28.663	processor:33730	rx	81 C2 09 08 FF	inquiry	CameraOutput	
2026-09-18T11:06:28.663	processor:33730	tx	90 50 01 01 FF	reply		
2026-09-18T11:06:31.611	processor:33730	rx	81 09 04 00 FF	inquiry	Power	
2026-09-18T11:06:31.612	processor:33730	tx	90 50 02 FF	reply		
2026-09-18T11:06:31.629	processor:33730	rx	81 09 08 01 FF	inquiry	TrackingFraming	
2026-09-18T11:06:31.630	processor:33730	tx	90 50 02 FF	reply		
2026-09-18T11:06:31.641	processor:33730	rx	81 09 04 39 FF	inquiry	AutoExposure	
2026-09-18T11:06:31.641	processor:33730	tx	90 50 00 FF	reply		
2026-09-18T11:06:31.651	processor:33730	rx	81 09 04 35 FF	inquiry	WhiteBalance	
2026-09-18T11:06:31.651	processor:33730	tx	90 50 03 FF	reply		
2026-09-18T11:06:31.662	processor:33730	rx	81 09 04 38 FF	inquiry	AutoFocus	
2026-09-18T11:06:31.663	processor:33730	tx	90 50 02 FF	reply		
2026-09-18T11:06:31.674	processor:33730	rx	81 09 04 33 FF	inquiry	Backlight	
2026-09-18T11:06:31.674	processor:33730	tx	90 50 03 FF	reply		
2026-09-18T11:06:31.685	processor:33730	rx	81 09 04 62 FF	inquiry	FreezeFrame	
2026-09-18T11:06:31.685	processor:33730	tx	90 50 02 FF	reply		
2026-09-18T11:06:31.695	processor:33730	rx	81 09 04 47 FF	inquiry	ZoomPosition	
2026-09-18T11:06:31.695	processor:33730	tx	90 50 01 0F 04 00 FF	reply		
2026-09-18T11:06:31.704	processor:33730	rx	81 09 06 12 FF	inquiry	PanTiltPosition	
2026-09-18T11:06:31.705	processor:33730	tx	90 50 00 03 0E 08 0F 0E 00 0C FF	reply		
2026-09-18T11:06:31.717	processor:33730	rx	81 09 06 12 FF	inquiry	PanTiltPosition	
2026-09-18T11:06:31.717	processor:33730	tx	90 50 00 03 0E 08 0F 0E 00 0C FF	reply		
2026-09-18T11:06:31.726	processor:33730	rx	81 C2 09 08 FF	inquiry	CameraOutput	
2026-09-18T11:06:31.727	processor:33730	tx	90 50 01 01 FF	reply		
2026-09-18T11:06:34.692	processor:33730	rx	81 09 04 00 FF	inquiry	Power	
2026-09-18T11:06:34.692	processor:33730	tx	90 50 02 FF	reply		
2026-09-18T11:06:34.707	processor:33730	rx	81 09 08 01 FF	inquiry	TrackingFraming	
2026-09-18T11:06:34.708	processor:33730	tx	90 50 02 FF	reply		
2026-09-18T11:06:34.720	processor:33730	rx	81 09 04 39 FF	inquiry	AutoExposure	
2026-09-18T11:06:34.721	processor:33730	tx	90 50 00 FF	reply		
2026-09-18T11:06:34.731	processor:33730	rx	81 09 04 35 FF	inquiry	WhiteBalance	
2026-09-18T11:06:34.731	processor:33730	tx	90 50 03 FF	reply		
2026-09-18T11:06:34.740	processor:33730	rx	81 09 04 38 FF	inquiry	AutoFocus	
2026-09-18T11:06:34.740	processor:33730	tx	90 50 02 FF	reply		
2026-09-18T11:06:34.751	processor:33730	rx	81 09 04 33 FF	inquiry	Backlight	
2026-09-18T11:06:34.751	processor:33730	tx	90 50 03 FF	reply		
2026-09-18T11:06:34.760	processor:33730	rx	81 09 04 62 FF	inquiry	FreezeFrame	
2026-09-18T11:06:34.760	processor:33730	tx	90 50 02 FF	reply		
2026-09-18T11:06:34.771	processor:33730	rx	81 09 04 47 FF	inquiry	ZoomPosition	
2026-09-18T11:06:34.771	processor:33730	tx	90 50 01 0F 04 00 FF	reply		
2026-09-18T11:06:34.781	processor:33730	rx	81 09 06 12 FF	inquiry	PanTiltPosition	
2026-09-18T11:06:34.781	processor:33730	tx	90 50 00 03 0E 08 0F 0E 00 0C FF	reply		
2026-09-18T11:06:34.791	processor:33730	rx	81 09 06 12 FF	inquiry	PanTiltPosition	
2026-09-18T11:06:34.792	processor:33730	tx	90 50 00 03 0E 08 0F 0E 00 0C FF	reply		
2026-09-18T11:06:34.801	processor:33730	rx	81 C2 09 08 FF	inquiry	CameraOutput	
2026-09-18T11:06:34.802	processor:33730	tx	90 50 01 01 FF	reply		
2026-09-18T11:06:37.776	processor:33730	rx	81 09 04 00 FF	inquiry	Power	
2026-09-18T11:06:37.777	processor:33730	tx	90 50 02 FF	reply		
2026-09-18T11:06:37.796	processor:33730	rx	81 09 08 01 FF	inquiry	TrackingFraming	
2026-09-18T11:06:37.796	processor:33730	tx	90 50 02 FF	reply		
2026-09-18T11:06:37.806	processor:33730	rx	81 09 04 39 FF	inquiry	AutoExposure	
2026-09-18T11:06:37.806	processor:33730	tx	90 50 00 FF	reply		
2026-09-18T11:06:37.817	processor:33730	rx	81 09 04 35 FF	inquiry	WhiteBalance	
2026-09-18T11:06:37.817	processor:33730	tx	90 50 03 FF	reply		
2026-09-18T11:06:37.826	processor:33730	rx	81 09 04 38 FF	inquiry	AutoFocus	
2026-09-18T11:06:37.826	processor:33730	tx	90 50 02 FF	reply		
2026-09-18T11:06:37.835	processor:33730	rx	81 09 04 33 FF	inquiry	Backlight	
2026-09-18T11:06:37.835	processor:33730	tx	90 50 03 FF	reply		
2026-09-18T11:06:37.846	processor:33730	rx	81 09 04 62 FF	inquiry	FreezeFrame	
2026-09-18T11:06:37.847	processor:33730	tx	90 50 02 FF	reply		
2026-09-18T11:06:37.856	processor:33730	rx	81 09 04 47 FF	inquiry	ZoomPosition	
2026-09-18T11:06:37.857	processor:33730	tx	90 50 01 0F 04 00 FF	reply		
2026-09-18T11:06:37.866	processor:33730	rx	81 09 06 12 FF	inquiry	PanTiltPosition	
2026-09-18T11:06:37.866	processor:33730	tx	90 50 00 03 0E 08 0F 0E 00 0C FF	reply		
2026-09-18T11:06:37.876	processor:33730	rx	81 09 06 12 FF	inquiry	PanTiltPosition	
2026-09-18T11:06:37.877	processor:33730	tx	90 50 00 03 0E 08 0F 0E 00 0C FF	reply		
2026-09-18T11:06:37.887	processor:33730	rx	81 C2 09 08 FF	inquiry	CameraOutput	
2026-09-18T11:06:37.888	processor:33730	tx	90 50 01 01 FF	reply		
2026-09-18T11:06:40.908	processor:33730	rx	81 09 04 00 FF	inquiry	Power	
2026-09-18T11:06:40.908	processor:33730	tx	90 50 02 FF	reply		
2026-09-18T11:06:40.924	processor:33730	rx	81 09 08 01 FF	inquiry	TrackingFraming	
2026-09-18T11:06:40.924	processor:33730	tx	90 50 02 FF	reply		
2026-09-18T11:06:40.933	processor:33730	rx	81 09 04 39 FF	inquiry	AutoExposure	
2026-09-18T11:06:40.934	processor:33730	tx	90 50 00 FF	reply		
2026-09-18T11:06:40.943	processor:33730	rx	81 09 04 35 FF	inquiry	WhiteBalance	
2026-09-18T11:06:40.944	processor:33730	tx	90 50 03 FF	reply		
2026-09-18T11:06:40.953	processor:33730	rx	81 09 04 38 FF	inquiry	AutoFocus	
2026-09-18T11:06:40.953	processor:33730	tx	90 50 02 FF	reply		
2026-09-18T11:06:40.963	processor:33730	rx	81 09 04 33 FF	inquiry	Backlight	
2026-09-18T11:06:40.963	processor:33730	tx	90 50 03 FF	reply		
2026-09-18T11:06:40.974	processor:33730	rx	81 09 04 62 FF	inquiry	FreezeFrame	
2026-09-18T11:06:40.974	processor:33730	tx	90 50 02 FF	reply		
2026-09-18T11:06:40.983	processor:33730	rx	81 09 04 47 FF	inquiry	ZoomPosition	
2026-09-18T11:06:40.984	processor:33730	tx	90 50 01 0F 04 00 FF	reply		
2026-09-18T11:06:40.994	processor:33730	rx	81 09 06 12 FF	inquiry	PanTiltPosition	
2026-09-18T11:06:40.994	processor:33730	tx	90 50 00 03 0E 08 0F 0E 00 0C FF	reply		
2026-09-18T11:06:41.007	processor:33730	rx	81 09 06 12 FF	inquiry	PanTiltPosition	
2026-09-18T11:06:41.008	processor:33730	tx	90 50 00 03 0E 08 0F 0E 00 0C FF	reply		
2026-09-18T11:06:41.024	processor:33730	rx	81 C2 09 08 FF	inquiry	CameraOutput	
2026-09-18T11:06:41.024	processor:33730	tx	90 50 01 01 FF	reply		
2026-09-18T11:06:44.005	processor:33730	rx	81 09 04 00 FF	inquiry	Power	
2026-09-18T11:06:44.005	processor:33730	tx	90 50 02 FF	reply		
2026-09-18T11:06:44.024	processor:33730	rx	81 09 08 01 FF	inquiry	TrackingFraming	
2026-09-18T11:06:44.024	processor:33730	tx	90 50 02 FF	reply		
2026-09-18T11:06:44.033	processor:33730	rx	81 09 04 39 FF	inquiry	AutoExposure	
2026-09-18T11:06:44.035	processor:33730	tx	90 50 00 FF	reply		
2026-09-18T11:06:44.044	processor:33730	rx	81 09 04 35 FF	inquiry	WhiteBalance	
2026-09-18T11:06:44.045	processor:33730	tx	90 50 03 FF	reply		
2026-09-18T11:06:44.054	processor:33730	rx	81 09 04 38 FF	inquiry	AutoFocus	
2026-09-18T11:06:44.055	processor:33730	tx	90 50 02 FF	reply		
2026-09-18T11:06:44.066	processor:33730	rx	81 09 04 33 FF	inquiry	Backlight	
2026-09-18T11:06:44.066	processor:33730	tx	90 50 03 FF	reply		
2026-09-18T11:06:44.076	processor:33730	rx	81 09 04 62 FF	inquiry	FreezeFrame	
2026-09-18T11:06:44.076	processor:33730	tx	90 50 02 FF	reply		
2026-09-18T11:06:44.086	processor:33730	rx	81 09 04 47 FF	inquiry	ZoomPosition	
2026-09-18T11:06:44.086	processor:33730	tx	90 50 01 0F 04 00 FF	reply		
2026-09-18T11:06:44.095	processor:33730	rx	81 09 06 12 FF	inquiry	PanTiltPosition	
2026-09-18T11:06:44.096	processor:33730	tx	90 50 00 03 0E 08 0F 0E 00 0C FF	reply		
2026-09-18T11:06:44.107	processor:33730	rx	81 09 06 12 FF	inquiry	PanTiltPosition	
2026-09-18T11:06:44.107	processor:33730	tx	90 50 00 03 0E 08 0F 0E 00 0C FF	reply		
2026-09-18T11:06:44.118	processor:33730	rx	81 C2 09 08 FF	inquiry	CameraOutput	
2026-09-18T11:06:44.118	processor:33730	tx	90 50 01 01 FF	reply		
2026-09-18T11:06:47.085	processor:33730	rx	81 09 04 00 FF	inquiry	Power	
2026-09-18T11:06:47.085	processor:33730	tx	90 50 02 FF	reply		
2026-09-18T11:06:47.101	processor:33730	rx	81 09 08 01 FF	inquiry	TrackingFraming	
2026-09-18T11:06:47.102	processor:33730	tx	90 50 02 FF	reply		
2026-09-18T11:06:47.112	processor:33730	rx	81 09 04 39 FF	inquiry	AutoExposure	
2026-09-18T11:06:47.113	processor:33730	tx	90 50 00 FF	reply		
2026-09-18T11:06:47.122	processor:33730	rx	81 09 04 35 FF	inquiry	WhiteBalance	
2026-09-18T11:06:47.122	processor:33730	tx	90 50 03 FF	reply		
2026-09-18T11:06:47.132	processor:33730	rx	81 09 04 38 FF	inquiry	AutoFocus	
2026-09-18T11:06:47.132	processor:33730	tx	90 50 02 FF	reply		
2026-09-18T11:06:47.144	processor:33730	rx	81 09 04 33 FF	inquiry	Backlight	
2026-09-18T11:06:47.145	processor:33730	tx	90 50 03 FF	reply		
2026-09-18T11:06:47.154	processor:33730	rx	81 09 04 62 FF	inquiry	FreezeFrame	
2026-09-18T11:06:47.154	processor:33730	tx	90 50 02 FF	reply		
2026-09-18T11:06:47.164	processor:33730	rx	81 09 04 47 FF	inquiry	ZoomPosition	
2026-09-18T11:06:47.164	processor:33730	tx	90 50 01 0F 04 00 FF	reply		
2026-09-18T11:06:47.174	processor:33730	rx	81 09 06 12 FF	inquiry	PanTiltPosition	
2026-09-18T11:06:47.174	processor:33730	tx	90 50 00 03 0E 08 0F 0E 00 0C FF	reply		
2026-09-18T11:06:47.183	processor:33730	rx	81 09 06 12 FF	inquiry	PanTiltPosition	
2026-09-18T11:06:47.184	processor:33730	tx	90 50 00 03 0E 08 0F 0E 00 0C FF	reply		
2026-09-18T11:06:47.194	processor:33730	rx	81 C2 09 08 FF	inquiry	CameraOutput	
2026-09-18T11:06:47.194	processor:33730	tx	90 50 01 01 FF	reply		
2026-09-18T11:06:50.163	processor:33730	rx	81 09 04 00 FF	inquiry	Power	
2026-09-18T11:06:50.164	processor:33730	tx	90 50 02 FF	reply		
2026-09-18T11:06:50.181	processor:33730	rx	81 09 08 01 FF	inquiry	TrackingFraming	
2026-09-18T11:06:50.181	processor:33730	tx	90 50 02 FF	reply		
2026-09-18T11:06:50.189	processor:33730	rx	81 09 04 39 FF	inquiry	AutoExposure	
2026-09-18T11:06:50.190	processor:33730	tx	90 50 00 FF	reply		
2026-09-18T11:06:50.200	processor:33730	rx	81 09 04 35 FF	inquiry	WhiteBalance	
2026-09-18T11:06:50.200	processor:33730	tx	90 50 03 FF	reply		
2026-09-18T11:06:50.210	processor:33730	rx	81 09 04 38 FF	inquiry	AutoFocus	
2026-09-18T11:06:50.210	processor:33730	tx	90 50 02 FF	reply		
2026-09-18T11:06:50.220	processor:33730	rx	81 09 04 33 FF	inquiry	Backlight	
2026-09-18T11:06:50.220	processor:33730	tx	90 50 03 FF	reply		
2026-09-18T11:06:50.230	processor:33730	rx	81 09 04 62 FF	inquiry	FreezeFrame	
2026-09-18T11:06:50.230	processor:33730	tx	90 50 02 FF	reply		
2026-09-18T11:06:50.241	processor:33730	rx	81 09 04 47 FF	inquiry	ZoomPosition	
2026-09-18T11:06:50.241	processor:33730	tx	90 50 01 0F 04 00 FF	reply		
2026-09-18T11:06:50.250	processor:33730	rx	81 09 06 12 FF	inquiry	PanTiltPosition	
2026-09-18T11:06:50.251	processor:33730	tx	90 50 00 03 0E 08 0F 0E 00 0C FF	reply		
2026-09-18T11:06:50.261	processor:33730	rx	81 09 06 12 FF	inquiry	PanTiltPosition	
2026-09-18T11:06:50.262	processor:33730	tx	90 50 00 03 0E 08 0F 0E 00 0C FF	reply		
2026-09-18T11:06:50.271	processor:33730	rx	81 C2 09 08 FF	inquiry	CameraOutput	
2026-09-18T11:06:50.271	processor:33730	tx	90 50 01 01 FF	reply		
2026-09-18T11:06:53.270	processor:33730	rx	81 09 04 00 FF	inquiry	Power	
2026-09-18T11:06:53.270	processor:33730	tx	90 50 02 FF	reply		
2026-09-18T11:06:53.301	processor:33730	rx	81 09 08 01 FF	inquiry	TrackingFraming	
2026-09-18T11:06:53.301	processor:33730	tx	90 50 02 FF	reply		
2026-09-18T11:06:53.317	processor:33730	rx	81 09 04 39 FF	inquiry	AutoExposure	
2026-09-18T11:06:53.318	processor:33730	tx	90 50 00 FF	reply		
2026-09-18T11:06:53.361	processor:33730	rx	81 09 04 35 FF	inquiry	WhiteBalance	
2026-09-18T11:06:53.361	processor:33730	tx	90 50 03 FF	reply		
2026-09-18T11:06:53.397	processor:33730	rx	81 09 04 38 FF	inquiry	AutoFocus	
2026-09-18T11:06:53.397	processor:33730	tx	90 50 02 FF	reply		
2026-09-18T11:06:53.423	processor:33730	rx	81 09 04 33 FF	inquiry	Backlight	
2026-09-18T11:06:53.423	processor:33730	tx	90 50 03 FF	reply		
2026-09-18T11:06:53.452	processor:33730	rx	81 09 04 62 FF	inquiry	FreezeFrame	
2026-09-18T11:06:53.452	processor:33730	tx	90 50 02 FF	reply		
2026-09-18T11:06:53.488	processor:33730	rx	81 09 04 47 FF	inquiry	ZoomPosition	
2026-09-18T11:06:53.489	processor:33730	tx	90 50 01 0F 04 00 FF	reply		
2026-09-18T11:06:53.510	processor:33730	rx	81 09 06 12 FF	inquiry	PanTiltPosition	
2026-09-18T11:06:53.511	processor:33730	tx	90 50 00 03 0E 08 0F 0E 00 0C FF	reply		
2026-09-18T11:06:53.530	processor:33730	rx	81 09 06 12 FF	inquiry	PanTiltPosition	
2026-09-18T11:06:53.530	processor:33730	tx	90 50 00 03 0E 08 0F 0E 00 0C FF	reply		
2026-09-18T11:06:53.551	processor:33730	rx	81 C2 09 08 FF	inquiry	CameraOutput	
2026-09-18T11:06:53.551	processor:33730	tx	90 50 01 01 FF	reply		
2026-09-18T11:06:56.489	processor:33730	rx	81 09 04 00 FF	inquiry	Power	
2026-09-18T11:06:56.489	processor:33730	tx	90 50 02 FF	reply		
2026-09-18T11:06:56.511	processor:33730	rx	81 09 08 01 FF	inquiry	TrackingFraming	
2026-09-18T11:06:56.511	processor:33730	tx	90 50 02 FF	reply		
2026-09-18T11:06:56.522	processor:33730	rx	81 09 04 39 FF	inquiry	AutoExposure	
2026-09-18T11:06:56.522	processor:33730	tx	90 50 00 FF	reply		
2026-09-18T11:06:56.532	processor:33730	rx	81 09 04 35 FF	inquiry	WhiteBalance	
2026-09-18T11:06:56.533	processor:33730	tx	90 50 03 FF	reply		
2026-09-18T11:06:56.542	processor:33730	rx	81 09 04 38 FF	inquiry	AutoFocus	
2026-09-18T11:06:56.542	processor:33730	tx	90 50 02 FF	reply		
2026-09-18T11:06:56.552	processor:33730	rx	81 09 04 33 FF	inquiry	Backlight	
2026-09-18T11:06:56.552	processor:33730	tx	90 50 03 FF	reply		
2026-09-18T11:06:56.561	processor:33730	rx	81 09 04 62 FF	inquiry	FreezeFrame	
2026-09-18T11:06:56.563	processor:33730	tx	90 50 02 FF	reply		
2026-09-18T11:06:56.574	processor:33730	rx	81 09 04 47 FF	inquiry	ZoomPosition	
2026-09-18T11:06:56.575	processor:33730	tx	90 50 01 0F 04 00 FF	reply		
2026-09-18T11:06:56.585	processor:33730	rx	81 09 06 12 FF	inquiry	PanTiltPosition	
2026-09-18T11:06:56.585	processor:33730	tx	90 50 00 03 0E 08 0F 0E 00 0C FF	reply		
2026-09-18T11:06:56.597	processor:33730	rx	81 09 06 12 FF	inquiry	PanTiltPosition	
2026-09-18T11:06:56.597	processor:33730	tx	90 50 00 03 0E 08 0F 0E 00 0C FF	reply		
2026-09-18T11:06:56.608	processor:33730	rx	81 C2 09 08 FF	inquiry	CameraOutput	
2026-09-18T11:06:56.608	processor:33730	tx	90 50 01 01 FF	reply		
2026-09-18T11:06:59.577	processor:33730	rx	81 09 04 00 FF	inquiry	Power	
2026-09-18T11:06:59.577	processor:33730	tx	90 50 02 FF	reply		
2026-09-18T11:06:59.592	processor:33730	rx	81 09 08 01 FF	inquiry	TrackingFraming	
2026-09-18T11:06:59.593	processor:33730	tx	90 50 02 FF	reply		
2026-09-18T11:06:59.604	processor:33730	rx	81 09 04 39 FF	inquiry	AutoExposure	
2026-09-18T11:06:59.605	processor:33730	tx	90 50 00 FF	reply		
2026-09-18T11:06:59.615	processor:33730	rx	81 09 04 35 FF	inquiry	WhiteBalance	
2026-09-18T11:06:59.615	processor:33730	tx	90 50 03 FF	reply		
2026-09-18T11:06:59.624	processor:33730	rx	81 09 04 38 FF	inquiry	AutoFocus	
2026-09-18T11:06:59.625	processor:33730	tx	90 50 02 FF	reply		
2026-09-18T11:06:59.635	processor:33730	rx	81 09 04 33 FF	inquiry	Backlight	
2026-09-18T11:06:59.636	processor:33730	tx	90 50 03 FF	reply		
2026-09-18T11:06:59.653	processor:33730	rx	81 09 04 62 FF	inquiry	FreezeFrame	
2026-09-18T11:06:59.653	processor:33730	tx	90 50 02 FF	reply		
2026-09-18T11:06:59.683	processor:33730	rx	81 09 04 47 FF	inquiry	ZoomPosition	
2026-09-18T11:06:59.683	processor:33730	tx	90 50 01 0F 04 00 FF	reply		
2026-09-18T11:06:59.704	processor:33730	rx	81 09 06 12 FF	inquiry	PanTiltPosition	
2026-09-18T11:06:59.705	processor:33730	tx	90 50 00 03 0E 08 0F 0E 00 0C FF	reply		
2026-09-18T11:06:59.725	processor:33730	rx	81 09 06 12 FF	inquiry	PanTiltPosition	
2026-09-18T11:06:59.726	processor:33730	tx	90 50 00 03 0E 08 0F 0E 00 0C FF	reply		
2026-09-18T11:06:59.750	processor:33730	rx	81 C2 09 08 FF	inquiry	CameraOutput	
2026-09-18T11:06:59.751	processor:33730	tx	90 50 01 01 FF	reply		
2026-09-18T11:07:02.710	processor:33730	rx	81 09 04 00 FF	inquiry	Power	
2026-09-18T11:07:02.710	processor:33730	tx	90 50 02 FF	reply		
2026-09-18T11:07:02.725	processor:33730	rx	81 09 08 01 FF	inquiry	TrackingFraming	
2026-09-18T11:07:02.726	processor:33730	tx	90 50 02 FF	reply		
2026-09-18T11:07:02.734	processor:33730	rx	81 09 04 39 FF	inquiry	AutoExposure	
2026-09-18T11:07:02.735	processor:33730	tx	90 50 00 FF	reply		
2026-09-18T11:07:02.748	processor:33730	rx	81 09 04 35 FF	inquiry	WhiteBalance	
2026-09-18T11:07:02.748	processor:33730	tx	90 50 03 FF	reply		
2026-09-18T11:07:02.759	processor:33730	rx	81 09 04 38 FF	inquiry	AutoFocus	
2026-09-18T11:07:02.759	processor:33730	tx	90 50 02 FF	reply		
2026-09-18T11:07:02.767	processor:33730	rx	81 09 04 33 FF	inquiry	Backlight	
2026-09-18T11:07:02.769	processor:33730	tx	90 50 03 FF	reply		
2026-09-18T11:07:02.778	processor:33730	rx	81 09 04 62 FF	inquiry	FreezeFrame	
2026-09-18T11:07:02.779	processor:33730	tx	90 50 02 FF	reply		
2026-09-18T11:07:02.788	processor:33730	rx	81 09 04 47 FF	inquiry	ZoomPosition	
2026-09-18T11:07:02.788	processor:33730	tx	90 50 01 0F 04 00 FF	reply		
2026-09-18T11:07:02.799	processor:33730	rx	81 09 06 12 FF	inquiry	PanTiltPosition	
2026-09-18T11:07:02.799	processor:33730	tx	90 50 00 03 0E 08 0F 0E 00 0C FF	reply		
2026-09-18T11:07:02.809	processor:33730	rx	81 09 06 12 FF	inquiry	PanTiltPosition	
2026-09-18T11:07:02.809	processor:33730	tx	90 50 00 03 0E 08 0F 0E 00 0C FF	reply		
2026-09-18T11:07:02.818	processor:33730	rx	81 C2 09 08 FF	inquiry	CameraOutput	
2026-09-18T11:07:02.819	processor:33730	tx	90 50 01 01 FF	reply		
2026-09-18T11:07:05.781	processor:33730	rx	81 09 04 00 FF	inquiry	Power	
2026-09-18T11:07:05.781	processor:33730	tx	90 50 02 FF	reply		
2026-09-18T11:07:05.819	processor:33730	rx	81 09 08 01 FF	inquiry	TrackingFraming	
2026-09-18T11:07:05.821	processor:33730	tx	90 50 02 FF	reply		
2026-09-18T11:07:05.830	processor:33730	rx	81 09 04 39 FF	inquiry	AutoExposure	
2026-09-18T11:07:05.830	processor:33730	tx	90 50 00 FF	reply		
2026-09-18T11:07:05.839	processor:33730	rx	81 09 04 35 FF	inquiry	WhiteBalance	
2026-09-18T11:07:05.839	processor:33730	tx	90 50 03 FF	reply		
2026-09-18T11:07:05.849	processor:33730	rx	81 09 04 38 FF	inquiry	AutoFocus	
2026-09-18T11:07:05.850	processor:33730	tx	90 50 02 FF	reply		
2026-09-18T11:07:05.860	processor:33730	rx	81 09 04 33 FF	inquiry	Backlight	
2026-09-18T11:07:05.860	processor:33730	tx	90 50 03 FF	reply		
2026-09-18T11:07:05.870	processor:33730	rx	81 09 04 62 FF	inquiry	FreezeFrame	
2026-09-18T11:07:05.870	processor:33730	tx	90 50 02 FF	reply		
2026-09-18T11:07:05.878	processor:33730	rx	81 09 04 47 FF	inquiry	ZoomPosition	
2026-09-18T11:07:05.879	processor:33730	tx	90 50 01 0F 04 00 FF	reply		
2026-09-18T11:07:05.888	processor:33730	rx	81 09 06 12 FF	inquiry	PanTiltPosition	
2026-09-18T11:07:05.888	processor:33730	tx	90 50 00 03 0E 08 0F 0E 00 0C FF	reply		
2026-09-18T11:07:05.898	processor:33730	rx	81 09 06 12 FF	inquiry	PanTiltPosition	
2026-09-18T11:07:05.898	processor:33730	tx	90 50 00 03 0E 08 0F 0E 00 0C FF	reply		
2026-09-18T11:07:05.909	processor:33730	rx	81 C2 09 08 FF	inquiry	CameraOutput	
2026-09-18T11:07:05.909	processor:33730	tx	90 50 01 01 FF	reply		
2026-09-18T11:07:08.865	processor:33730	rx	81 09 04 00 FF	inquiry	Power	
2026-09-18T11:07:08.866	processor:33730	tx	90 50 02 FF	reply		
2026-09-18T11:07:08.882	processor:33730	rx	81 09 08 01 FF	inquiry	TrackingFraming	
2026-09-18T11:07:08.882	processor:33730	tx	90 50 02 FF	reply		
2026-09-18T11:07:08.893	processor:33730	rx	81 09 04 39 FF	inquiry	AutoExposure	
2026-09-18T11:07:08.893	processor:33730	tx	90 50 00 FF	reply		
2026-09-18T11:07:08.902	processor:33730	rx	81 09 04 35 FF	inquiry	WhiteBalance	
2026-09-18T11:07:08.902	processor:33730	tx	90 50 03 FF	reply		
2026-09-18T11:07:08.912	processor:33730	rx	81 09 04 38 FF	inquiry	AutoFocus	
2026-09-18T11:07:08.913	processor:33730	tx	90 50 02 FF	reply		
2026-09-18T11:07:08.923	processor:33730	rx	81 09 04 33 FF	inquiry	Backlight	
2026-09-18T11:07:08.923	processor:33730	tx	90 50 03 FF	reply		
2026-09-18T11:07:08.933	processor:33730	rx	81 09 04 62 FF	inquiry	FreezeFrame	
2026-09-18T11:07:08.933	processor:33730	tx	90 50 02 FF	reply		
2026-09-18T11:07:08.944	processor:33730	rx	81 09 04 47 FF	inquiry	ZoomPosition	
2026-09-18T11:07:08.944	processor:33730	tx	90 50 01 0F 04 00 FF	reply		
2026-09-18T11:07:08.953	processor:33730	rx	81 09 06 12 FF	inquiry	PanTiltPosition	
2026-09-18T11:07:08.953	processor:33730	tx	90 50 00 03 0E 08 0F 0E 00 0C FF	reply		
2026-09-18T11:07:08.963	processor:33730	rx	81 09 06 12 FF	inquiry	PanTiltPosition	
2026-09-18T11:07:08.963	processor:33730	tx	90 50 00 03 0E 08 0F 0E 00 0C FF	reply		
2026-09-18T11:07:08.974	processor:33730	rx	81 C2 09 08 FF	inquiry	CameraOutput	
2026-09-18T11:07:08.974	processor:33730	tx	90 50 01 01 FF	reply		
2026-09-18T11:07:12.016	processor:33730	rx	81 09 04 00 FF	inquiry	Power	
2026-09-18T11:07:12.016	processor:33730	tx	90 50 02 FF	reply		
2026-09-18T11:07:12.059	processor:33730	rx	81 09 08 01 FF	inquiry	TrackingFraming	
2026-09-18T11:07:12.059	processor:33730	tx	90 50 02 FF	reply		
2026-09-18T11:07:12.084	processor:33730	rx	81 09 04 39 FF	inquiry	AutoExposure	
2026-09-18T11:07:12.084	processor:33730	tx	90 50 00 FF	reply		
2026-09-18T11:07:12.109	processor:33730	rx	81 09 04 35 FF	inquiry	WhiteBalance	
2026-09-18T11:07:12.109	processor:33730	tx	90 50 03 FF	reply		
2026-09-18T11:07:12.128	processor:33730	rx	81 09 04 38 FF	inquiry	AutoFocus	
2026-09-18T11:07:12.128	processor:33730	tx	90 50 02 FF	reply		
2026-09-18T11:07:12.163	processor:33730	rx	81 09 04 33 FF	inquiry	Backlight	
2026-09-18T11:07:12.163	processor:33730	tx	90 50 03 FF	reply		
2026-09-18T11:07:12.180	processor:33730	rx	81 09 04 62 FF	inquiry	FreezeFrame	
2026-09-18T11:07:12.180	processor:33730	tx	90 50 02 FF	reply		
2026-09-18T11:07:12.202	processor:33730	rx	81 09 04 47 FF	inquiry	ZoomPosition	
2026-09-18T11:07:12.203	processor:33730	tx	90 50 01 0F 04 00 FF	reply		
2026-09-18T11:07:12.221	processor:33730	rx	81 09 06 12 FF	inquiry	PanTiltPosition	
2026-09-18T11:07:12.221	processor:33730	tx	90 50 00 03 0E 08 0F 0E 00 0C FF	reply		
2026-09-18T11:07:12.247	processor:33730	rx	81 09 06 12 FF	inquiry	PanTiltPosition	
2026-09-18T11:07:12.247	processor:33730	tx	90 50 00 03 0E 08 0F 0E 00 0C FF	reply		
2026-09-18T11:07:12.256	processor:33730	rx	81 C2 09 08 FF	inquiry	CameraOutput	
2026-09-18T11:07:12.257	processor:33730	tx	90 50 01 01 FF	reply		
2026-09-18T11:07:13.255	processor:33730	close				
2026-09-18T11:09:24.030	processor:33780	open				
2026-09-18T11:09:28.135	processor:33780	rx	81 09 04 00 FF	inquiry	Power	
2026-09-18T11:09:28.135	processor:33780	tx	90 50 02 FF	reply		
2026-09-18T11:09:31.364	processor:33780	rx	81 09 04 00 FF	inquiry	Power	
2026-09-18T11:09:31.365	processor:33780	tx	90 50 02 FF	reply		
2026-09-18T11:09:31.405	processor:33780	rx	81 09 08 01 FF	inquiry	TrackingFraming	
2026-09-18T11:09:31.405	processor:33780	tx	90 50 02 FF	reply		
2026-09-18T11:09:31.471	processor:33780	rx	81 09 04 39 FF	inquiry	AutoExposure	
2026-09-18T11:09:31.471	processor:33780	tx	90 50 00 FF	reply		
2026-09-18T11:09:31.539	processor:33780	rx	81 09 04 35 FF	inquiry	WhiteBalance	
2026-09-18T11:09:31.540	processor:33780	tx	90 50 03 FF	reply		
2026-09-18T11:09:31.568	processor:33780	rx	81 09 04 38 FF	inquiry	AutoFocus	
2026-09-18T11:09:31.569	processor:33780	tx	90 50 02 FF	reply		
2026-09-18T11:09:31.643	processor:33780	rx	81 09 04 33 FF	inquiry	Backlight	
2026-09-18T11:09:31.644	processor:33780	tx	90 50 03 FF	reply		
2026-09-18T11:09:31.727	processor:33780	rx	81 09 04 62 FF	inquiry	FreezeFrame	
2026-09-18T11:09:31.727	processor:33780	tx	90 50 02 FF	reply		
2026-09-18T11:09:31.787	processor:33780	rx	81 09 04 47 FF	inquiry	ZoomPosition	
2026-09-18T11:09:31.787	processor:33780	tx	90 50 01 0F 04 00 FF	reply		
2026-09-18T11:09:31.864	processor:33780	rx	81 09 06 12 FF	inquiry	PanTiltPosition	
2026-09-18T11:09:31.864	processor:33780	tx	90 50 00 03 0E 08 0F 0E 00 0C FF	reply		
2026-09-18T11:09:31.923	processor:33780	rx	81 09 06 12 FF	inquiry	PanTiltPosition	
2026-09-18T11:09:31.924	processor:33780	tx	90 50 00 03 0E 08 0F 0E 00 0C FF	reply		
2026-09-18T11:09:32.014	processor:33780	rx	81 C2 09 08 FF	inquiry	CameraOutput	
2026-09-18T11:09:32.015	processor:33780	tx	90 50 01 01 FF	reply		
2026-09-18T11:09:32.073	processor:33780	rx	81 C2 09 0D 02 FF	inquiry	CameraConnectionStatus	camera 2
2026-09-18T11:09:32.073	processor:33780	tx	90 50 00 00 FF	reply		
2026-09-18T11:09:32.135	processor:33780	rx	81 C2 09 0D 03 FF	inquiry	CameraConnectionStatus	camera 3
2026-09-18T11:09:32.135	processor:33780	tx	90 50 00 01 FF	reply		
2026-09-18T11:09:32.197	processor:33780	rx	81 C2 09 0D 04 FF	inquiry	CameraConnectionStatus	camera 4
2026-09-18T11:09:32.198	processor:33780	tx	90 50 00 01 FF	reply		
2026-09-18T11:09:32.254	processor:33780	rx	81 C2 09 0D 05 FF	inquiry	CameraConnectionStatus	camera 5
2026-09-18T11:09:32.255	processor:33780	tx	90 50 00 00 FF	reply		
2026-09-18T11:09:34.432	processor:33780	rx	81 09 04 00 FF	inquiry	Power	
2026-09-18T11:09:34.433	processor:33780	tx	90 50 02 FF	reply		
2026-09-18T11:09:34.485	processor:33780	rx	81 09 08 01 FF	inquiry	TrackingFraming	
2026-09-18T11:09:34.486	processor:33780	tx	90 50 02 FF	reply		
2026-09-18T11:09:34.555	processor:33780	rx	81 09 04 39 FF	inquiry	AutoExposure	
2026-09-18T11:09:34.555	processor:33780	tx	90 50 00 FF	reply		
2026-09-18T11:09:34.617	processor:33780	rx	81 09 04 35 FF	inquiry	WhiteBalance	
2026-09-18T11:09:34.617	processor:33780	tx	90 50 03 FF	reply		
2026-09-18T11:09:34.662	processor:33780	rx	81 09 04 38 FF	inquiry	AutoFocus	
2026-09-18T11:09:34.662	processor:33780	tx	90 50 02 FF	reply		
2026-09-18T11:09:34.712	processor:33780	rx	81 09 04 33 FF	inquiry	Backlight	
2026-09-18T11:09:34.712	processor:33780	tx	90 50 03 FF	reply		
2026-09-18T11:09:34.763	processor:33780	rx	81 09 04 62 FF	inquiry	FreezeFrame	
2026-09-18T11:09:34.763	processor:33780	tx	90 50 02 FF	reply		
2026-09-18T11:09:34.811	processor:33780	rx	81 09 04 47 FF	inquiry	ZoomPosition	
2026-09-18T11:09:34.811	processor:33780	tx	90 50 01 0F 04 00 FF	reply		
2026-09-18T11:09:34.853	processor:33780	rx	81 09 06 12 FF	inquiry	PanTiltPosition	
2026-09-18T11:09:34.853	processor:33780	tx	90 50 00 03 0E 08 0F 0E 00 0C FF	reply		
2026-09-18T11:09:34.894	processor:33780	rx	81 09 06 12 FF	inquiry	PanTiltPosition	
2026-09-18T11:09:34.895	processor:33780	tx	90 50 00 03 0E 08 0F 0E 00 0C FF	reply		
2026-09-18T11:09:34.935	processor:33780	rx	81 C2 09 08 FF	inquiry	CameraOutput	
2026-09-18T11:09:34.935	processor:33780	tx	90 50 01 01 FF	reply		
2026-09-18T11:09:34.954	processor:33780	rx	81 C2 09 0D 02 FF	inquiry	CameraConnectionStatus	camera 2
2026-09-18T11:09:34.954	processor:33780	tx	90 50 00 00 FF	reply		
2026-09-18T11:09:35.002	processor:33780	rx	81 C2 09 0D 03 FF	inquiry	CameraConnectionStatus	camera 3
2026-09-18T11:09:35.003	processor:33780	tx	90 50 00 01 FF	reply		
2026-09-18T11:09:35.042	processor:33780	rx	81 C2 09 0D 04 FF	inquiry	CameraConnectionStatus	camera 4
2026-09-18T11:09:35.042	processor:33780	tx	90 50 00 01 FF	reply		
2026-09-18T11:09:35.084	processor:33780	rx	81 C2 09 0D 05 FF	inquiry	CameraConnectionStatus	camera 5
2026-09-18T11:09:35.084	processor:33780	tx	90 50 00 00 FF	reply		
2026-09-18T11:09:37.781	processor:33780	rx	81 09 04 00 FF	inquiry	Power	
2026-09-18T11:09:37.782	processor:33780	tx	90 50 02 FF	reply		
2026-09-18T11:09:37.803	processor:33780	rx	81 09 08 01 FF	inquiry	TrackingFraming	
2026-09-18T11:09:37.803	processor:33780	tx	90 50 02 FF	reply		
2026-09-18T11:09:37.814	processor:33780	rx	81 09 04 39 FF	inquiry	AutoExposure	
2026-09-18T11:09:37.814	processor:33780	tx	90 50 00 FF	reply		
2026-09-18T11:09:37.833	processor:33780	rx	81 09 04 35 FF	inquiry	WhiteBalance	
2026-09-18T11:09:37.834	processor:33780	tx	90 50 03 FF	reply		
2026-09-18T11:09:37.847	processor:33780	rx	81 09 04 38 FF	inquiry	AutoFocus	
2026-09-18T11:09:37.847	processor:33780	tx	90 50 02 FF	reply		
2026-09-18T11:09:37.866	processor:33780	rx	81 09 04 33 FF	inquiry	Backlight	
2026-09-18T11:09:37.866	processor:33780	tx	90 50 03 FF	reply		
2026-09-18T11:09:37.892	processor:33780	rx	81 09 04 62 FF	inquiry	FreezeFrame	
2026-09-18T11:09:37.892	processor:33780	tx	90 50 02 FF	reply		
2026-09-18T11:09:37.912	processor:33780	rx	81 09 04 47 FF	inquiry	ZoomPosition	
2026-09-18T11:09:37.912	processor:33780	tx	90 50 01 0F 04 00 FF	reply		
2026-09-18T11:09:37.941	processor:33780	rx	81 09 06 12 FF	inquiry	PanTiltPosition	
2026-09-18T11:09:37.941	processor:33780	tx	90 50 00 03 0E 08 0F 0E 00 0C FF	reply		
2026-09-18T11:09:37.982	processor:33780	rx	81 09 06 12 FF	inquiry	PanTiltPosition	
2026-09-18T11:09:37.983	processor:33780	tx	90 50 00 03 0E 08 0F 0E 00 0C FF	reply		
2026-09-18T11:09:38.021	processor:33780	rx	81 C2 09 08 FF	inquiry	CameraOutput	
2026-09-18T11:09:38.021	processor:33780	tx	90 50 01 01 FF	reply		
2026-09-18T11:09:38.037	processor:33780	rx	81 C2 09 0D 02 FF	inquiry	CameraConnectionStatus	camera 2
2026-09-18T11:09:38.037	processor:33780	tx	90 50 00 00 FF	reply		
2026-09-18T11:09:38.076	processor:33780	rx	81 C2 09 0D 03 FF	inquiry	CameraConnectionStatus	camera 3
2026-09-18T11:09:38.076	processor:33780	tx	90 50 00 01 FF	reply		
2026-09-18T11:09:38.103	processor:33780	rx	81 C2 09 0D 04 FF	inquiry	CameraConnectionStatus	camera 4
2026-09-18T11:09:38.103	processor:33780	tx	90 50 00 01 FF	reply		
2026-09-18T11:09:38.129	processor:33780	rx	81 C2 09 0D 05 FF	inquiry	CameraConnectionStatus	camera 5
2026-09-18T11:09:38.129	processor:33780	tx	90 50 00 00 FF	reply		
2026-09-18T11:09:41.011	processor:33780	rx	81 09 04 00 FF	inquiry	Power	
2026-09-18T11:09:41.012	processor:33780	tx	90 50 02 FF	reply		
2026-09-18T11:09:41.032	processor:33780	rx	81 09 08 01 FF	inquiry	TrackingFraming	
2026-09-18T11:09:41.032	processor:33780	tx	90 50 02 FF	reply		
2026-09-18T11:09:41.041	processor:33780	rx	81 09 04 39 FF	inquiry	AutoExposure	
2026-09-18T11:09:41.042	processor:33780	tx	90 50 00 FF	reply		
2026-09-18T11:09:41.065	processor:33780	rx	81 09 04 35 FF	inquiry	WhiteBalance	
2026-09-18T11:09:41.067	processor:33780	tx	90 50 03 FF	reply		
2026-09-18T11:09:41.082	processor:33780	rx	81 09 04 38 FF	inquiry	AutoFocus	
2026-09-18T11:09:41.082	processor:33780	tx	90 50 02 FF	reply		
2026-09-18T11:09:41.103	processor:33780	rx	81 09 04 33 FF	inquiry	Backlight	
2026-09-18T11:09:41.103	processor:33780	tx	90 50 03 FF	reply		
2026-09-18T11:09:41.220	processor:33780	rx	81 09 04 62 FF	inquiry	FreezeFrame	
2026-09-18T11:09:41.221	processor:33780	tx	90 50 02 FF	reply		
2026-09-18T11:09:41.294	processor:33780	rx	81 09 04 47 FF	inquiry	ZoomPosition	
2026-09-18T11:09:41.294	processor:33780	tx	90 50 01 0F 04 00 FF	reply		
2026-09-18T11:09:41.352	processor:33780	rx	81 09 06 12 FF	inquiry	PanTiltPosition	
2026-09-18T11:09:41.352	processor:33780	tx	90 50 00 03 0E 08 0F 0E 00 0C FF	reply		
2026-09-18T11:09:41.369	processor:33780	rx	81 09 06 12 FF	inquiry	PanTiltPosition	
2026-09-18T11:09:41.369	processor:33780	tx	90 50 00 03 0E 08 0F 0E 00 0C FF	reply		
2026-09-18T11:09:41.386	processor:33780	rx	81 C2 09 08 FF	inquiry	CameraOutput	
2026-09-18T11:09:41.386	processor:33780	tx	90 50 01 01 FF	reply		
2026-09-18T11:09:41.407	processor:33780	rx	81 C2 09 0D 02 FF	inquiry	CameraConnectionStatus	camera 2
2026-09-18T11:09:41.407	processor:33780	tx	90 50 00 00 FF	reply		
2026-09-18T11:09:41.438	processor:33780	rx	81 C2 09 0D 03 FF	inquiry	CameraConnectionStatus	camera 3
2026-09-18T11:09:41.438	processor:33780	tx	90 50 00 01 FF	reply		
2026-09-18T11:09:41.487	processor:33780	rx	81 C2 09 0D 04 FF	inquiry	CameraConnectionStatus	camera 4
2026-09-18T11:09:41.488	processor:33780	tx	90 50 00 01 FF	reply		
2026-09-18T11:09:41.521	processor:33780	rx	81 C2 09 0D 05 FF	inquiry	CameraConnectionStatus	camera 5
2026-09-18T11:09:41.521	processor:33780	tx	90 50 00 00 FF	reply		
2026-09-18T11:09:44.101	processor:33780	rx	81 09 04 00 FF	inquiry	Power	
2026-09-18T11:09:44.102	processor:33780	tx	90 50 02 FF	reply		
2026-09-18T11:09:44.118	processor:33780	rx	81 09 08 01 FF	inquiry	TrackingFraming	
2026-09-18T11:09:44.119	processor:33780	tx	90 50 02 FF	reply		
2026-09-18T11:09:44.131	processor:33780	rx	81 09 04 39 FF	inquiry	AutoExposure	
2026-09-18T11:09:44.131	processor:33780	tx	90 50 00 FF	reply		
2026-09-18T11:09:44.143	processor:33780	rx	81 09 04 35 FF	inquiry	WhiteBalance	
2026-09-18T11:09:44.144	processor:33780	tx	90 50 03 FF	reply		
2026-09-18T11:09:44.153	processor:33780	rx	81 09 04 38 FF	inquiry	AutoFocus	
2026-09-18T11:09:44.153	processor:33780	tx	90 50 02 FF	reply		
2026-09-18T11:09:44.164	processor:33780	rx	81 09 04 33 FF	inquiry	Backlight	
2026-09-18T11:09:44.164	processor:33780	tx	90 50 03 FF	reply		
2026-09-18T11:09:44.173	processor:33780	rx	81 09 04 62 FF	inquiry	FreezeFrame	
2026-09-18T11:09:44.174	processor:33780	tx	90 50 02 FF	reply		
2026-09-18T11:09:44.182	processor:33780	rx	81 09 04 47 FF	inquiry	ZoomPosition	
2026-09-18T11:09:44.183	processor:33780	tx	90 50 01 0F 04 00 FF	reply		
2026-09-18T11:09:44.192	processor:33780	rx	81 09 06 12 FF	inquiry	PanTiltPosition	
2026-09-18T11:09:44.193	processor:33780	tx	90 50 00 03 0E 08 0F 0E 00 0C FF	reply		
2026-09-18T11:09:44.203	processor:33780	rx	81 09 06 12 FF	inquiry	PanTiltPosition	
2026-09-18T11:09:44.203	processor:33780	tx	90 50 00 03 0E 08 0F 0E 00 0C FF	reply		
2026-09-18T11:09:44.213	processor:33780	rx	81 C2 09 08 FF	inquiry	CameraOutput	
2026-09-18T11:09:44.214	processor:33780	tx	90 50 01 01 FF	reply		
2026-09-18T11:09:44.222	processor:33780	rx	81 C2 09 0D 02 FF	inquiry	CameraConnectionStatus	camera 2
2026-09-18T11:09:44.223	processor:33780	tx	90 50 00 00 FF	reply		
2026-09-18T11:09:44.233	processor:33780	rx	81 C2 09 0D 03 FF	inquiry	CameraConnectionStatus	camera 3
2026-09-18T11:09:44.233	processor:33780	tx	90 50 00 01 FF	reply		
2026-09-18T11:09:44.244	processor:33780	rx	81 C2 09 0D 04 FF	inquiry	CameraConnectionStatus	camera 4
2026-09-18T11:09:44.245	processor:33780	tx	90 50 00 01 FF	reply		
2026-09-18T11:09:44.268	processor:33780	rx	81 C2 09 0D 05 FF	inquiry	CameraConnectionStatus	camera 5
2026-09-18T11:09:44.268	processor:33780	tx	90 50 00 00 FF	reply		
2026-09-18T11:09:47.326	processor:33780	rx	81 09 04 00 FF	inquiry	Power	
2026-09-18T11:09:47.326	processor:33780	tx	90 50 02 FF	reply		
2026-09-18T11:09:47.346	processor:33780	rx	81 09 08 01 FF	inquiry	TrackingFraming	
2026-09-18T11:09:47.346	processor:33780	tx	90 50 02 FF	reply		
2026-09-18T11:09:47.356	processor:33780	rx	81 09 04 39 FF	inquiry	AutoExposure	
2026-09-18T11:09:47.356	processor:33780	tx	90 50 00 FF	reply		
2026-09-18T11:09:47.373	processor:33780	rx	81 09 04 35 FF	inquiry	WhiteBalance	
2026-09-18T11:09:47.374	processor:33780	tx	90 50 03 FF	reply		
2026-09-18T11:09:47.408	processor:33780	rx	81 09 04 38 FF	inquiry	AutoFocus	
2026-09-18T11:09:47.408	processor:33780	tx	90 50 02 FF	reply		
2026-09-18T11:09:47.423	processor:33780	rx	81 09 04 33 FF	inquiry	Backlight	
2026-09-18T11:09:47.423	processor:33780	tx	90 50 03 FF	reply		
2026-09-18T11:09:47.433	processor:33780	rx	81 09 04 62 FF	inquiry	FreezeFrame	
2026-09-18T11:09:47.433	processor:33780	tx	90 50 02 FF	reply		
2026-09-18T11:09:47.444	processor:33780	rx	81 09 04 47 FF	inquiry	ZoomPosition	
2026-09-18T11:09:47.444	processor:33780	tx	90 50 01 0F 04 00 FF	reply		
2026-09-18T11:09:47.454	processor:33780	rx	81 09 06 12 FF	inquiry	PanTiltPosition	
2026-09-18T11:09:47.454	processor:33780	tx	90 50 00 03 0E 08 0F 0E 00 0C FF	reply		
2026-09-18T11:09:47.463	processor:33780	rx	81 09 06 12 FF	inquiry	PanTiltPosition	
2026-09-18T11:09:47.463	processor:33780	tx	90 50 00 03 0E 08 0F 0E 00 0C FF	reply		
2026-09-18T11:09:47.473	processor:33780	rx	81 C2 09 08 FF	inquiry	CameraOutput	
2026-09-18T11:09:47.473	processor:33780	tx	90 50 01 01 FF	reply		
2026-09-18T11:09:47.483	processor:33780	rx	81 C2 09 0D 02 FF	inquiry	CameraConnectionStatus	camera 2
2026-09-18T11:09:47.483	processor:33780	tx	90 50 00 00 FF	reply		
2026-09-18T11:09:47.493	processor:33780	rx	81 C2 09 0D 03 FF	inquiry	CameraConnectionStatus	camera 3
2026-09-18T11:09:47.493	processor:33780	tx	90 50 00 01 FF	reply		
2026-09-18T11:09:47.503	processor:33780	rx	81 C2 09 0D 04 FF	inquiry	CameraConnectionStatus	camera 4
2026-09-18T11:09:47.503	processor:33780	tx	90 50 00 01 FF	reply		
2026-09-18T11:09:47.512	processor:33780	rx	81 C2 09 0D 05 FF	inquiry	CameraConnectionStatus	camera 5
2026-09-18T11:09:47.512	processor:33780	tx	90 50 00 00 FF	reply		
2026-09-18T11:09:50.433	processor:33780	rx	81 09 04 00 FF	inquiry	Power	
2026-09-18T11:09:50.434	processor:33780	tx	90 50 02 FF	reply		
2026-09-18T11:09:50.452	processor:33780	rx	81 09 08 01 FF	inquiry	TrackingFraming	
2026-09-18T11:09:50.452	processor:33780	tx	90 50 02 FF	reply		
2026-09-18T11:09:50.461	processor:33780	rx	81 09 04 39 FF	inquiry	AutoExposure	
2026-09-18T11:09:50.461	processor:33780	tx	90 50 00 FF	reply		
2026-09-18T11:09:50.471	processor:33780	rx	81 09 04 35 FF	inquiry	WhiteBalance	
2026-09-18T11:09:50.472	processor:33780	tx	90 50 03 FF	reply		
2026-09-18T11:09:50.483	processor:33780	rx	81 09 04 38 FF	inquiry	AutoFocus	
2026-09-18T11:09:50.483	processor:33780	tx	90 50 02 FF	reply		
2026-09-18T11:09:50.494	processor:33780	rx	81 09 04 33 FF	inquiry	Backlight	
2026-09-18T11:09:50.494	processor:33780	tx	90 50 03 FF	reply		
2026-09-18T11:09:50.515	processor:33780	rx	81 09 04 62 FF	inquiry	FreezeFrame	
2026-09-18T11:09:50.515	processor:33780	tx	90 50 02 FF	reply		
2026-09-18T11:09:50.544	processor:33780	rx	81 09 04 47 FF	inquiry	ZoomPosition	
2026-09-18T11:09:50.544	processor:33780	tx	90 50 01 0F 04 00 FF	reply		
2026-09-18T11:09:50.560	processor:33780	rx	81 09 06 12 FF	inquiry	PanTiltPosition	
2026-09-18T11:09:50.560	processor:33780	tx	90 50 00 03 0E 08 0F 0E 00 0C FF	reply		
2026-09-18T11:09:50.570	processor:33780	rx	81 09 06 12 FF	inquiry	PanTiltPosition	
2026-09-18T11:09:50.570	processor:33780	tx	90 50 00 03 0E 08 0F 0E 00 0C FF	reply		
2026-09-18T11:09:50.580	processor:33780	rx	81 C2 09 08 FF	inquiry	CameraOutput	
2026-09-18T11:09:50.580	processor:33780	tx	90 50 01 01 FF	reply		
2026-09-18T11:09:50.590	processor:33780	rx	81 C2 09 0D 02 FF	inquiry	CameraConnectionStatus	camera 2
2026-09-18T11:09:50.590	processor:33780	tx	90 50 00 00 FF	reply		
2026-09-18T11:09:50.598	processor:33780	rx	81 C2 09 0D 03 FF	inquiry	CameraConnectionStatus	camera 3
2026-09-18T11:09:50.598	processor:33780	tx	90 50 00 01 FF	reply		
2026-09-18T11:09:50.609	processor:33780	rx	81 C2 09 0D 04 FF	inquiry	CameraConnectionStatus	camera 4
2026-09-18T11:09:50.609	processor:33780	tx	90 50 00 01 FF	reply		
2026-09-18T11:09:50.619	processor:33780	rx	81 C2 09 0D 05 FF	inquiry	CameraConnectionStatus	camera 5
2026-09-18T11:09:50.619	processor:33780	tx	90 50 00 00 FF	reply		
2026-09-18T11:09:53.544	processor:33780	rx	81 09 04 00 FF	inquiry	Power	
2026-09-18T11:09:53.544	processor:33780	tx	90 50 02 FF	reply		
2026-09-18T11:09:53.564	processor:33780	rx	81 09 08 01 FF	inquiry	TrackingFraming	
2026-09-18T11:09:53.564	processor:33780	tx	90 50 02 FF	reply		
2026-09-18T11:09:53.573	processor:33780	rx	81 09 04 39 FF	inquiry	AutoExposure	
2026-09-18T11:09:53.573	processor:33780	tx	90 50 00 FF	reply		
2026-09-18T11:09:53.583	processor:33780	rx	81 09 04 35 FF	inquiry	WhiteBalance	
2026-09-18T11:09:53.583	processor:33780	tx	90 50 03 FF	reply		
2026-09-18T11:09:53.594	processor:33780	rx	81 09 04 38 FF	inquiry	AutoFocus	
2026-09-18T11:09:53.594	processor:33780	tx	90 50 02 FF	reply		
2026-09-18T11:09:53.604	processor:33780	rx	81 09 04 33 FF	inquiry	Backlight	
2026-09-18T11:09:53.604	processor:33780	tx	90 50 03 FF	reply		
2026-09-18T11:09:53.615	processor:33780	rx	81 09 04 62 FF	inquiry	FreezeFrame	
2026-09-18T11:09:53.615	processor:33780	tx	90 50 02 FF	reply		
2026-09-18T11:09:53.626	processor:33780	rx	81 09 04 47 FF	inquiry	ZoomPosition	
2026-09-18T11:09:53.626	processor:33780	tx	90 50 01 0F 04 00 FF	reply		
2026-09-18T11:09:53.653	processor:33780	rx	81 09 06 12 FF	inquiry	PanTiltPosition	
2026-09-18T11:09:53.653	processor:33780	tx	90 50 00 03 0E 08 0F 0E 00 0C FF	reply		
2026-09-18T11:09:53.679	processor:33780	rx	81 09 06 12 FF	inquiry	PanTiltPosition	
2026-09-18T11:09:53.679	processor:33780	tx	90 50 00 03 0E 08 0F 0E 00 0C FF	reply		
2026-09-18T11:09:53.691	processor:33780	rx	81 C2 09 08 FF	inquiry	CameraOutput	
2026-09-18T11:09:53.691	processor:33780	tx	90 50 01 01 FF	reply		
2026-09-18T11:09:53.701	processor:33780	rx	81 C2 09 0D 02 FF	inquiry	CameraConnectionStatus	camera 2
2026-09-18T11:09:53.701	processor:33780	tx	90 50 00 00 FF	reply		
2026-09-18T11:09:53.711	processor:33780	rx	81 C2 09 0D 03 FF	inquiry	CameraConnectionStatus	camera 3
2026-09-18T11:09:53.711	processor:33780	tx	90 50 00 01 FF	reply		
2026-09-18T11:09:53.720	processor:33780	rx	81 C2 09 0D 04 FF	inquiry	CameraConnectionStatus	camera 4
2026-09-18T11:09:53.720	processor:33780	tx	90 50 00 01 FF	reply		
2026-09-18T11:09:53.729	processor:33780	rx	81 C2 09 0D 05 FF	inquiry	CameraConnectionStatus	camera 5
2026-09-18T11:09:53.730	processor:33780	tx	90 50 00 00 FF	reply		
2026-09-18T11:09:56.648	processor:33780	rx	81 09 04 00 FF	inquiry	Power	
2026-09-18T11:09:56.649	processor:33780	tx	90 50 02 FF	reply		
2026-09-18T11:09:56.667	processor:33780	rx	81 09 08 01 FF	inquiry	TrackingFraming	
2026-09-18T11:09:56.667	processor:33780	tx	90 50 02 FF	reply		
2026-09-18T11:09:56.670	processor:33780	rx	81 09 04 39 FF	inquiry	AutoExposure	
2026-09-18T11:09:56.670	processor:33780	tx	90 50 00 FF	reply		
2026-09-18T11:09:56.685	processor:33780	rx	81 09 04 35 FF	inquiry	WhiteBalance	
2026-09-18T11:09:56.685	processor:33780	tx	90 50 03 FF	reply		
2026-09-18T11:09:56.697	processor:33780	rx	81 09 04 38 FF	inquiry	AutoFocus	
2026-09-18T11:09:56.697	processor:33780	tx	90 50 02 FF	reply		
2026-09-18T11:09:56.702	processor:33780	rx	81 09 04 33 FF	inquiry	Backlight	
2026-09-18T11:09:56.702	processor:33780	tx	90 50 03 FF	reply		
2026-09-18T11:09:56.721	processor:33780	rx	81 09 04 62 FF	inquiry	FreezeFrame	
2026-09-18T11:09:56.721	processor:33780	tx	90 50 02 FF	reply		
2026-09-18T11:09:56.733	processor:33780	rx	81 09 04 47 FF	inquiry	ZoomPosition	
2026-09-18T11:09:56.733	processor:33780	tx	90 50 01 0F 04 00 FF	reply		
2026-09-18T11:09:56.746	processor:33780	rx	81 09 06 12 FF	inquiry	PanTiltPosition	
2026-09-18T11:09:56.746	processor:33780	tx	90 50 00 03 0E 08 0F 0E 00 0C FF	reply		
2026-09-18T11:09:56.764	processor:33780	rx	81 09 06 12 FF	inquiry	PanTiltPosition	
2026-09-18T11:09:56.764	processor:33780	tx	90 50 00 03 0E 08 0F 0E 00 0C FF	reply		
2026-09-18T11:09:56.784	processor:33780	rx	81 C2 09 08 FF	inquiry	CameraOutput	
2026-09-18T11:09:56.784	processor:33780	tx	90 50 01 01 FF	reply		
2026-09-18T11:09:56.807	processor:33780	rx	81 C2 09 0D 02 FF	inquiry	CameraConnectionStatus	camera 2
2026-09-18T11:09:56.807	processor:33780	tx	90 50 00 00 FF	reply		
2026-09-18T11:09:56.828	processor:33780	rx	81 C2 09 0D 03 FF	inquiry	CameraConnectionStatus	camera 3
2026-09-18T11:09:56.828	processor:33780	tx	90 50 00 01 FF	reply		
2026-09-18T11:09:56.839	processor:33780	rx	81 C2 09 0D 04 FF	inquiry	CameraConnectionStatus	camera 4
2026-09-18T11:09:56.839	processor:33780	tx	90 50 00 01 FF	reply		
2026-09-18T11:09:56.850	processor:33780	rx	81 C2 09 0D 05 FF	inquiry	CameraConnectionStatus	camera 5
2026-09-18T11:09:56.850	processor:33780	tx	90 50 00 00 FF	reply		
2026-09-18T11:09:59.877	processor:33780	rx	81 09 04 00 FF	inquiry	Power	
2026-09-18T11:09:59.877	processor:33780	tx	90 50 02 FF	reply		
2026-09-18T11:09:59.892	processor:33780	rx	81 09 08 01 FF	inquiry	TrackingFraming	
2026-09-18T11:09:59.892	processor:33780	tx	90 50 02 FF	reply		
2026-09-18T11:09:59.908	processor:33780	rx	81 09 04 39 FF	inquiry	AutoExposure	
2026-09-18T11:09:59.908	processor:33780	tx	90 50 00 FF	reply		
2026-09-18T11:09:59.916	processor:33780	rx	81 09 04 35 FF	inquiry	WhiteBalance	
2026-09-18T11:09:59.916	processor:33780	tx	90 50 03 FF	reply		
2026-09-18T11:09:59.923	processor:33780	rx	81 09 04 38 FF	inquiry	AutoFocus	
2026-09-18T11:09:59.923	processor:33780	tx	90 50 02 FF	reply		
2026-09-18T11:09:59.937	processor:33780	rx	81 09 04 33 FF	inquiry	Backlight	
2026-09-18T11:09:59.937	processor:33780	tx	90 50 03 FF	reply		
2026-09-18T11:09:59.950	processor:33780	rx	81 09 04 62 FF	inquiry	FreezeFrame	
2026-09-18T11:09:59.950	processor:33780	tx	90 50 02 FF	reply		
2026-09-18T11:09:59.962	processor:33780	rx	81 09 04 47 FF	inquiry	ZoomPosition	
2026-09-18T11:09:59.962	processor:33780	tx	90 50 01 0F 04 00 FF	reply		
2026-09-18T11:09:59.971	processor:33780	rx	81 09 06 12 FF	inquiry	PanTiltPosition	
2026-09-18T11:09:59.971	processor:33780	tx	90 50 00 03 0E 08 0F 0E 00 0C FF	reply		
2026-09-18T11:09:59.979	processor:33780	rx	81 09 06 12 FF	inquiry	PanTiltPosition	
2026-09-18T11:09:59.979	processor:33780	tx	90 50 00 03 0E 08 0F 0E 00 0C FF	reply		
2026-09-18T11:09:59.988	processor:33780	rx	81 C2 09 08 FF	inquiry	CameraOutput	
2026-09-18T11:09:59.988	processor:33780	tx	90 50 01 01 FF	reply		
2026-09-18T11:10:00.024	processor:33780	rx	81 C2 09 0D 02 FF	inquiry	CameraConnectionStatus	camera 2
2026-09-18T11:10:00.026	processor:33780	tx	90 50 00 00 FF	reply		
2026-09-18T11:10:00.035	processor:33780	rx	81 C2 09 0D 03 FF	inquiry	CameraConnectionStatus	camera 3
2026-09-18T11:10:00.035	processor:33780	tx	90 50 00 01 FF	reply		
2026-09-18T11:10:00.055	processor:33780	rx	81 C2 09 0D 04 FF	inquiry	CameraConnectionStatus	camera 4
2026-09-18T11:10:00.055	processor:33780	tx	90 50 00 01 FF	reply		
2026-09-18T11:10:00.072	processor:33780	rx	81 C2 09 0D 05 FF	inquiry	CameraConnectionStatus	camera 5
2026-09-18T11:10:00.072	processor:33780	tx	90 50 00 00 FF	reply		
2026-09-18T11:10:02.973	processor:33780	rx	81 09 04 00 FF	inquiry	Power	
2026-09-18T11:10:02.973	processor:33780	tx	90 50 02 FF	reply		
2026-09-18T11:10:03.000	processor:33780	rx	81 09 08 01 FF	inquiry	TrackingFraming	
2026-09-18T11:10:03.000	processor:33780	tx	90 50 02 FF	reply		
2026-09-18T11:10:03.009	processor:33780	rx	81 09 04 39 FF	inquiry	AutoExposure	
2026-09-18T11:10:03.009	processor:33780	tx	90 50 00 FF	reply		
2026-09-18T11:10:03.018	processor:33780	rx	81 09 04 35 FF	inquiry	WhiteBalance	
2026-09-18T11:10:03.018	processor:33780	tx	90 50 03 FF	reply		
2026-09-18T11:10:03.034	processor:33780	rx	81 09 04 38 FF	inquiry	AutoFocus	
2026-09-18T11:10:03.034	processor:33780	tx	90 50 02 FF	reply		
2026-09-18T11:10:03.043	processor:33780	rx	81 09 04 33 FF	inquiry	Backlight	
2026-09-18T11:10:03.043	processor:33780	tx	90 50 03 FF	reply		
2026-09-18T11:10:03.053	processor:33780	rx	81 09 04 62 FF	inquiry	FreezeFrame	
2026-09-18T11:10:03.053	processor:33780	tx	90 50 02 FF	reply		
2026-09-18T11:10:03.059	processor:33780	rx	81 09 04 47 FF	inquiry	ZoomPosition	
2026-09-18T11:10:03.059	processor:33780	tx	90 50 01 0F 04 00 FF	reply		
2026-09-18T11:10:03.064	processor:33780	rx	81 09 06 12 FF	inquiry	PanTiltPosition	
2026-09-18T11:10:03.064	processor:33780	tx	90 50 00 03 0E 08 0F 0E 00 0C FF	reply		
2026-09-18T11:10:03.080	processor:33780	rx	81 09 06 12 FF	inquiry	PanTiltPosition	
2026-09-18T11:10:03.080	processor:33780	tx	90 50 00 03 0E 08 0F 0E 00 0C FF	reply		
2026-09-18T11:10:03.093	processor:33780	rx	81 C2 09 08 FF	inquiry	CameraOutput	
2026-09-18T11:10:03.093	processor:33780	tx	90 50 01 01 FF	reply		
2026-09-18T11:10:03.097	processor:33780	rx	81 C2 09 0D 02 FF	inquiry	CameraConnectionStatus	camera 2
2026-09-18T11:10:03.097	processor:33780	tx	90 50 00 00 FF	reply		
2026-09-18T11:10:03.113	processor:33780	rx	81 C2 09 0D 03 FF	inquiry	CameraConnectionStatus	camera 3
2026-09-18T11:10:03.113	processor:33780	tx	90 50 00 01 FF	reply		
2026-09-18T11:10:03.120	processor:33780	rx	81 C2 09 0D 04 FF	inquiry	CameraConnectionStatus	camera 4
2026-09-18T11:10:03.120	processor:33780	tx	90 50 00 01 FF	reply		
2026-09-18T11:10:03.130	processor:33780	rx	81 C2 09 0D 05 FF	inquiry	CameraConnectionStatus	camera 5
2026-09-18T11:10:03.144	processor:33780	tx	90 50 00 00 FF	reply		
2026-09-18T11:10:06.070	processor:33780	rx	81 09 04 00 FF	inquiry	Power	
2026-09-18T11:10:06.070	processor:33780	tx	90 50 02 FF	reply		
2026-09-18T11:10:06.090	processor:33780	rx	81 09 08 01 FF	inquiry	TrackingFraming	
2026-09-18T11:10:06.090	processor:33780	tx	90 50 02 FF	reply		
2026-09-18T11:10:06.104	processor:33780	rx	81 09 04 39 FF	inquiry	AutoExposure	
2026-09-18T11:10:06.104	processor:33780	tx	90 50 00 FF	reply		
2026-09-18T11:10:06.112	processor:33780	rx	81 09 04 35 FF	inquiry	WhiteBalance	
2026-09-18T11:10:06.112	processor:33780	tx	90 50 03 FF	reply		
2026-09-18T11:10:06.120	processor:33780	rx	81 09 04 38 FF	inquiry	AutoFocus	
2026-09-18T11:10:06.120	processor:33780	tx	90 50 02 FF	reply		
2026-09-18T11:10:06.136	processor:33780	rx	81 09 04 33 FF	inquiry	Backlight	
2026-09-18T11:10:06.136	processor:33780	tx	90 50 03 FF	reply		
2026-09-18T11:10:06.137	processor:33780	rx	81 09 04 62 FF	inquiry	FreezeFrame	
2026-09-18T11:10:06.137	processor:33780	tx	90 50 02 FF	reply		
2026-09-18T11:10:06.155	processor:33780	rx	81 09 04 47 FF	inquiry	ZoomPosition	
2026-09-18T11:10:06.156	processor:33780	tx	90 50 01 0F 04 00 FF	reply		
2026-09-18T11:10:06.164	processor:33780	rx	81 09 06 12 FF	inquiry	PanTiltPosition	
2026-09-18T11:10:06.164	processor:33780	tx	90 50 00 03 0E 08 0F 0E 00 0C FF	reply		
2026-09-18T11:10:06.173	processor:33780	rx	81 09 06 12 FF	inquiry	PanTiltPosition	
2026-09-18T11:10:06.173	processor:33780	tx	90 50 00 03 0E 08 0F 0E 00 0C FF	reply		
2026-09-18T11:10:06.187	processor:33780	rx	81 C2 09 08 FF	inquiry	CameraOutput	
2026-09-18T11:10:06.190	processor:33780	tx	90 50 01 01 FF	reply		
2026-09-18T11:10:06.198	processor:33780	rx	81 C2 09 0D 02 FF	inquiry	CameraConnectionStatus	camera 2
2026-09-18T11:10:06.198	processor:33780	tx	90 50 00 00 FF	reply		
2026-09-18T11:10:06.208	processor:33780	rx	81 C2 09 0D 03 FF	inquiry	CameraConnectionStatus	camera 3
2026-09-18T11:10:06.208	processor:33780	tx	90 50 00 01 FF	reply		
2026-09-18T11:10:06.213	processor:33780	rx	81 C2 09 0D 04 FF	inquiry	CameraConnectionStatus	camera 4
2026-09-18T11:10:06.219	processor:33780	tx	90 50 00 01 FF	reply		
2026-09-18T11:10:06.229	processor:33780	rx	81 C2 09 0D 05 FF	inquiry	CameraConnectionStatus	camera 5
2026-09-18T11:10:06.229	processor:33780	tx	90 50 00 00 FF	reply		
2026-09-18T11:10:09.161	processor:33780	rx	81 09 04 00 FF	inquiry	Power	
2026-09-18T11:10:09.161	processor:33780	tx	90 50 02 FF	reply		
2026-09-18T11:10:09.178	processor:33780	rx	81 09 08 01 FF	inquiry	TrackingFraming	
2026-09-18T11:10:09.178	processor:33780	tx	90 50 02 FF	reply		
2026-09-18T11:10:09.200	processor:33780	rx	81 09 04 39 FF	inquiry	AutoExposure	
2026-09-18T11:10:09.200	processor:33780	tx	90 50 00 FF	reply		
2026-09-18T11:10:09.212	processor:33780	rx	81 09 04 35 FF	inquiry	WhiteBalance	
2026-09-18T11:10:09.214	processor:33780	tx	90 50 03 FF	reply		
2026-09-18T11:10:09.253	processor:33780	rx	81 09 04 38 FF	inquiry	AutoFocus	
2026-09-18T11:10:09.253	processor:33780	tx	90 50 02 FF	reply		
2026-09-18T11:10:09.269	processor:33780	rx	81 09 04 33 FF	inquiry	Backlight	
2026-09-18T11:10:09.269	processor:33780	tx	90 50 03 FF	reply		
2026-09-18T11:10:09.286	processor:33780	rx	81 09 04 62 FF	inquiry	FreezeFrame	
2026-09-18T11:10:09.286	processor:33780	tx	90 50 02 FF	reply		
2026-09-18T11:10:09.314	processor:33780	rx	81 09 04 47 FF	inquiry	ZoomPosition	
2026-09-18T11:10:09.314	processor:33780	tx	90 50 01 0F 04 00 FF	reply		
2026-09-18T11:10:09.318	processor:33780	rx	81 09 06 12 FF	inquiry	PanTiltPosition	
2026-09-18T11:10:09.318	processor:33780	tx	90 50 00 03 0E 08 0F 0E 00 0C FF	reply		
2026-09-18T11:10:09.337	processor:33780	rx	81 09 06 12 FF	inquiry	PanTiltPosition	
2026-09-18T11:10:09.337	processor:33780	tx	90 50 00 03 0E 08 0F 0E 00 0C FF	reply		
2026-09-18T11:10:09.354	processor:33780	rx	81 C2 09 08 FF	inquiry	CameraOutput	
2026-09-18T11:10:09.354	processor:33780	tx	90 50 01 01 FF	reply		
2026-09-18T11:10:09.372	processor:33780	rx	81 C2 09 0D 02 FF	inquiry	CameraConnectionStatus	camera 2
2026-09-18T11:10:09.372	processor:33780	tx	90 50 00 00 FF	reply		
2026-09-18T11:10:09.397	processor:33780	rx	81 C2 09 0D 03 FF	inquiry	CameraConnectionStatus	camera 3
2026-09-18T11:10:09.399	processor:33780	tx	90 50 00 01 FF	reply		
2026-09-18T11:10:09.411	processor:33780	rx	81 C2 09 0D 04 FF	inquiry	CameraConnectionStatus	camera 4
2026-09-18T11:10:09.411	processor:33780	tx	90 50 00 01 FF	reply		
2026-09-18T11:10:09.418	processor:33780	rx	81 C2 09 0D 05 FF	inquiry	CameraConnectionStatus	camera 5
2026-09-18T11:10:09.423	processor:33780	tx	90 50 00 00 FF	reply		
2026-09-18T11:10:12.280	processor:33780	rx	81 09 04 00 FF	inquiry	Power	
2026-09-18T11:10:12.282	processor:33780	tx	90 50 02 FF	reply		
2026-09-18T11:10:12.296	processor:33780	rx	81 09 08 01 FF	inquiry	TrackingFraming	
2026-09-18T11:10:12.296	processor:33780	tx	90 50 02 FF	reply		
2026-09-18T11:10:12.310	processor:33780	rx	81 09 04 39 FF	inquiry	AutoExposure	
2026-09-18T11:10:12.310	processor:33780	tx	90 50 00 FF	reply		
2026-09-18T11:10:12.323	processor:33780	rx	81 09 04 35 FF	inquiry	WhiteBalance	
2026-09-18T11:10:12.323	processor:33780	tx	90 50 03 FF	reply		
2026-09-18T11:10:12.332	processor:33780	rx	81 09 04 38 FF	inquiry	AutoFocus	
2026-09-18T11:10:12.332	processor:33780	tx	90 50 02 FF	reply		
2026-09-18T11:10:12.340	processor:33780	rx	81 09 04 33 FF	inquiry	Backlight	
2026-09-18T11:10:12.340	processor:33780	tx	90 50 03 FF	reply		
2026-09-18T11:10:12.354	processor:33780	rx	81 09 04 62 FF	inquiry	FreezeFrame	
2026-09-18T11:10:12.354	processor:33780	tx	90 50 02 FF	reply		
2026-09-18T11:10:12.363	processor:33780	rx	81 09 04 47 FF	inquiry	ZoomPosition	
2026-09-18T11:10:12.363	processor:33780	tx	90 50 01 0F 04 00 FF	reply		
2026-09-18T11:10:12.373	processor:33780	rx	81 09 06 12 FF	inquiry	PanTiltPosition	
2026-09-18T11:10:12.373	processor:33780	tx	90 50 00 03 0E 08 0F 0E 00 0C FF	reply		
2026-09-18T11:10:12.382	processor:33780	rx	81 09 06 12 FF	inquiry	PanTiltPosition	
2026-09-18T11:10:12.382	processor:33780	tx	90 50 00 03 0E 08 0F 0E 00 0C FF	reply		
2026-09-18T11:10:12.391	processor:33780	rx	81 C2 09 08 FF	inquiry	CameraOutput	
2026-09-18T11:10:12.393	processor:33780	tx	90 50 01 01 FF	reply		
2026-09-18T11:10:12.402	processor:33780	rx	81 C2 09 0D 02 FF	inquiry	CameraConnectionStatus	camera 2
2026-09-18T11:10:12.402	processor:33780	tx	90 50 00 01 FF	reply		
2026-09-18T11:10:12.418	processor:33780	rx	81 C2 09 0D 03 FF	inquiry	CameraConnectionStatus	camera 3
2026-09-18T11:10:12.418	processor:33780	tx	90 50 00 00 FF	reply		
2026-09-18T11:10:12.450	processor:33780	rx	81 C2 09 0D 04 FF	inquiry	CameraConnectionStatus	camera 4
2026-09-18T11:10:12.450	processor:33780	tx	90 50 00 01 FF	reply		
2026-09-18T11:10:12.470	processor:33780	rx	81 C2 09 0D 05 FF	inquiry	CameraConnectionStatus	camera 5
2026-09-18T11:10:12.470	processor:33780	tx	90 50 00 00 FF	reply		
2026-09-18T11:10:15.406	processor:33780	rx	81 09 04 00 FF	inquiry	Power	
2026-09-18T11:10:15.406	processor:33780	tx	90 50 02 FF	reply		
2026-09-18T11:10:15.424	processor:33780	rx	81 09 08 01 FF	inquiry	TrackingFraming	
2026-09-18T11:10:15.424	processor:33780	tx	90 50 02 FF	reply		
2026-09-18T11:10:15.429	processor:33780	rx	81 09 04 39 FF	inquiry	AutoExposure	
2026-09-18T11:10:15.434	processor:33780	tx	90 50 00 FF	reply		
2026-09-18T11:10:15.439	processor:33780	rx	81 09 04 35 FF	inquiry	WhiteBalance	
2026-09-18T11:10:15.446	processor:33780	tx	90 50 03 FF	reply		
2026-09-18T11:10:15.456	processor:33780	rx	81 09 04 38 FF	inquiry	AutoFocus	
2026-09-18T11:10:15.458	processor:33780	tx	90 50 02 FF	reply		
2026-09-18T11:10:15.468	processor:33780	rx	81 09 04 33 FF	inquiry	Backlight	
2026-09-18T11:10:15.468	processor:33780	tx	90 50 03 FF	reply		
2026-09-18T11:10:15.476	processor:33780	rx	81 09 04 62 FF	inquiry	FreezeFrame	
2026-09-18T11:10:15.476	processor:33780	tx	90 50 02 FF	reply		
2026-09-18T11:10:15.489	processor:33780	rx	81 09 04 47 FF	inquiry	ZoomPosition	
2026-09-18T11:10:15.490	processor:33780	tx	90 50 01 0F 04 00 FF	reply		
2026-09-18T11:10:15.497	processor:33780	rx	81 09 06 12 FF	inquiry	PanTiltPosition	
2026-09-18T11:10:15.497	processor:33780	tx	90 50 00 03 0E 08 0F 0E 00 0C FF	reply		
2026-09-18T11:10:15.508	processor:33780	rx	81 09 06 12 FF	inquiry	PanTiltPosition	
2026-09-18T11:10:15.508	processor:33780	tx	90 50 00 03 0E 08 0F 0E 00 0C FF	reply		
2026-09-18T11:10:15.514	processor:33780	rx	81 C2 09 08 FF	inquiry	CameraOutput	
2026-09-18T11:10:15.514	processor:33780	tx	90 50 01 01 FF	reply		
2026-09-18T11:10:15.529	processor:33780	rx	81 C2 09 0D 02 FF	inquiry	CameraConnectionStatus	camera 2
2026-09-18T11:10:15.530	processor:33780	tx	90 50 00 01 FF	reply		
2026-09-18T11:10:15.536	processor:33780	rx	81 C2 09 0D 03 FF	inquiry	CameraConnectionStatus	camera 3
2026-09-18T11:10:15.536	processor:33780	tx	90 50 00 00 FF	reply		
2026-09-18T11:10:15.548	processor:33780	rx	81 C2 09 0D 04 FF	inquiry	CameraConnectionStatus	camera 4
2026-09-18T11:10:15.550	processor:33780	tx	90 50 00 01 FF	reply		
2026-09-18T11:10:15.561	processor:33780	rx	81 C2 09 0D 05 FF	inquiry	CameraConnectionStatus	camera 5
2026-09-18T11:10:15.561	processor:33780	tx	90 50 00 00 FF	reply		
2026-09-18T11:10:18.505	processor:33780	rx	81 09 04 00 FF	inquiry	Power	
2026-09-18T11:10:18.505	processor:33780	tx	90 50 02 FF	reply		
2026-09-18T11:10:18.522	processor:33780	rx	81 09 08 01 FF	inquiry	TrackingFraming	
2026-09-18T11:10:18.522	processor:33780	tx	90 50 02 FF	reply		
2026-09-18T11:10:18.539	processor:33780	rx	81 09 04 39 FF	inquiry	AutoExposure	
2026-09-18T11:10:18.539	processor:33780	tx	90 50 00 FF	reply		
2026-09-18T11:10:18.548	processor:33780	rx	81 09 04 35 FF	inquiry	WhiteBalance	
2026-09-18T11:10:18.548	processor:33780	tx	90 50 03 FF	reply		
2026-09-18T11:10:18.561	processor:33780	rx	81 09 04 38 FF	inquiry	AutoFocus	
2026-09-18T11:10:18.564	processor:33780	tx	90 50 02 FF	reply		
2026-09-18T11:10:18.573	processor:33780	rx	81 09 04 33 FF	inquiry	Backlight	
2026-09-18T11:10:18.573	processor:33780	tx	90 50 03 FF	reply		
2026-09-18T11:10:18.580	processor:33780	rx	81 09 04 62 FF	inquiry	FreezeFrame	
2026-09-18T11:10:18.580	processor:33780	tx	90 50 02 FF	reply		
2026-09-18T11:10:18.591	processor:33780	rx	81 09 04 47 FF	inquiry	ZoomPosition	
2026-09-18T11:10:18.591	processor:33780	tx	90 50 01 0F 04 00 FF	reply		
2026-09-18T11:10:18.596	processor:33780	rx	81 09 06 12 FF	inquiry	PanTiltPosition	
2026-09-18T11:10:18.604	processor:33780	tx	90 50 00 03 0E 08 0F 0E 00 0C FF	reply		
2026-09-18T11:10:18.620	processor:33780	rx	81 09 06 12 FF	inquiry	PanTiltPosition	
2026-09-18T11:10:18.621	processor:33780	tx	90 50 00 03 0E 08 0F 0E 00 0C FF	reply		
2026-09-18T11:10:18.628	processor:33780	rx	81 C2 09 08 FF	inquiry	CameraOutput	
2026-09-18T11:10:18.628	processor:33780	tx	90 50 01 01 FF	reply		
2026-09-18T11:10:18.642	processor:33780	rx	81 C2 09 0D 02 FF	inquiry	CameraConnectionStatus	camera 2
2026-09-18T11:10:18.642	processor:33780	tx	90 50 00 01 FF	reply		
2026-09-18T11:10:18.644	processor:33780	rx	81 C2 09 0D 03 FF	inquiry	CameraConnectionStatus	camera 3
2026-09-18T11:10:18.644	processor:33780	tx	90 50 00 00 FF	reply		
2026-09-18T11:10:18.660	processor:33780	rx	81 C2 09 0D 04 FF	inquiry	CameraConnectionStatus	camera 4
2026-09-18T11:10:18.660	processor:33780	tx	90 50 00 01 FF	reply		
2026-09-18T11:10:18.660	processor:33780	rx	81 C2 09 0D 05 FF	inquiry	CameraConnectionStatus	camera 5
2026-09-18T11:10:18.660	processor:33780	tx	90 50 00 00 FF	reply		
2026-09-18T11:10:21.587	processor:33780	rx	81 09 04 00 FF	inquiry	Power	
2026-09-18T11:10:21.587	processor:33780	tx	90 50 02 FF	reply		
2026-09-18T11:10:21.605	processor:33780	rx	81 09 08 01 FF	inquiry	TrackingFraming	
2026-09-18T11:10:21.605	processor:33780	tx	90 50 02 FF	reply		
2026-09-18T11:10:21.611	processor:33780	rx	81 09 04 39 FF	inquiry	AutoExposure	
2026-09-18T11:10:21.611	processor:33780	tx	90 50 00 FF	reply		
2026-09-18T11:10:21.628	processor:33780	rx	81 09 04 35 FF	inquiry	WhiteBalance	
2026-09-18T11:10:21.628	processor:33780	tx	90 50 03 FF	reply		
2026-09-18T11:10:21.639	processor:33780	rx	81 09 04 38 FF	inquiry	AutoFocus	
2026-09-18T11:10:21.639	processor:33780	tx	90 50 02 FF	reply		
2026-09-18T11:10:21.650	processor:33780	rx	81 09 04 33 FF	inquiry	Backlight	
2026-09-18T11:10:21.651	processor:33780	tx	90 50 03 FF	reply		
2026-09-18T11:10:21.660	processor:33780	rx	81 09 04 62 FF	inquiry	FreezeFrame	
2026-09-18T11:10:21.661	processor:33780	tx	90 50 02 FF	reply		
2026-09-18T11:10:21.662	processor:33780	rx	81 09 04 47 FF	inquiry	ZoomPosition	
2026-09-18T11:10:21.662	processor:33780	tx	90 50 01 0F 04 00 FF	reply		
2026-09-18T11:10:21.680	processor:33780	rx	81 09 06 12 FF	inquiry	PanTiltPosition	
2026-09-18T11:10:21.680	processor:33780	tx	90 50 00 03 0E 08 0F 0E 00 0C FF	reply		
2026-09-18T11:10:21.690	processor:33780	rx	81 09 06 12 FF	inquiry	PanTiltPosition	
2026-09-18T11:10:21.690	processor:33780	tx	90 50 00 03 0E 08 0F 0E 00 0C FF	reply		
2026-09-18T11:10:21.701	processor:33780	rx	81 C2 09 08 FF	inquiry	CameraOutput	
2026-09-18T11:10:21.701	processor:33780	tx	90 50 01 01 FF	reply		
2026-09-18T11:10:21.712	processor:33780	rx	81 C2 09 0D 02 FF	inquiry	CameraConnectionStatus	camera 2
2026-09-18T11:10:21.714	processor:33780	tx	90 50 00 01 FF	reply		
2026-09-18T11:10:21.721	processor:33780	rx	81 C2 09 0D 03 FF	inquiry	CameraConnectionStatus	camera 3
2026-09-18T11:10:21.724	processor:33780	tx	90 50 00 00 FF	reply		
2026-09-18T11:10:21.732	processor:33780	rx	81 C2 09 0D 04 FF	inquiry	CameraConnectionStatus	camera 4
2026-09-18T11:10:21.732	processor:33780	tx	90 50 00 01 FF	reply		
2026-09-18T11:10:21.741	processor:33780	rx	81 C2 09 0D 05 FF	inquiry	CameraConnectionStatus	camera 5
2026-09-18T11:10:21.741	processor:33780	tx	90 50 00 00 FF	reply		
2026-09-18T11:10:24.681	processor:33780	rx	81 09 04 00 FF	inquiry	Power	
2026-09-18T11:10:24.681	processor:33780	tx	90 50 02 FF	reply		
2026-09-18T11:10:24.699	processor:33780	rx	81 09 08 01 FF	inquiry	TrackingFraming	
2026-09-18T11:10:24.699	processor:33780	tx	90 50 02 FF	reply		
2026-09-18T11:10:24.699	processor:33780	rx	81 09 04 39 FF	inquiry	AutoExposure	
2026-09-18T11:10:24.699	processor:33780	tx	90 50 00 FF	reply		
2026-09-18T11:10:24.716	processor:33780	rx	81 09 04 35 FF	inquiry	WhiteBalance	
2026-09-18T11:10:24.716	processor:33780	tx	90 50 03 FF	reply		
2026-09-18T11:10:24.728	processor:33780	rx	81 09 04 38 FF	inquiry	AutoFocus	
2026-09-18T11:10:24.728	processor:33780	tx	90 50 02 FF	reply		
2026-09-18T11:10:24.743	processor:33780	rx	81 09 04 33 FF	inquiry	Backlight	
2026-09-18T11:10:24.743	processor:33780	tx	90 50 03 FF	reply		
2026-09-18T11:10:24.750	processor:33780	rx	81 09 04 62 FF	inquiry	FreezeFrame	
2026-09-18T11:10:24.750	processor:33780	tx	90 50 02 FF	reply		
2026-09-18T11:10:24.761	processor:33780	rx	81 09 04 47 FF	inquiry	ZoomPosition	
2026-09-18T11:10:24.761	processor:33780	tx	90 50 01 0F 04 00 FF	reply		
2026-09-18T11:10:24.774	processor:33780	rx	81 09 06 12 FF	inquiry	PanTiltPosition	
2026-09-18T11:10:24.774	processor:33780	tx	90 50 00 03 0E 08 0F 0E 00 0C FF	reply		
2026-09-18T11:10:24.784	processor:33780	rx	81 09 06 12 FF	inquiry	PanTiltPosition	
2026-09-18T11:10:24.787	processor:33780	tx	90 50 00 03 0E 08 0F 0E 00 0C FF	reply		
2026-09-18T11:10:24.797	processor:33780	rx	81 C2 09 08 FF	inquiry	CameraOutput	
2026-09-18T11:10:24.797	processor:33780	tx	90 50 01 01 FF	reply		
2026-09-18T11:10:24.810	processor:33780	rx	81 C2 09 0D 02 FF	inquiry	CameraConnectionStatus	camera 2
2026-09-18T11:10:24.810	processor:33780	tx	90 50 00 01 FF	reply		
2026-09-18T11:10:24.821	processor:33780	rx	81 C2 09 0D 03 FF	inquiry	CameraConnectionStatus	camera 3
2026-09-18T11:10:24.821	processor:33780	tx	90 50 00 00 FF	reply		
2026-09-18T11:10:24.830	processor:33780	rx	81 C2 09 0D 04 FF	inquiry	CameraConnectionStatus	camera 4
2026-09-18T11:10:24.830	processor:33780	tx	90 50 00 01 FF	reply		
2026-09-18T11:10:24.842	processor:33780	rx	81 C2 09 0D 05 FF	inquiry	CameraConnectionStatus	camera 5
2026-09-18T11:10:24.842	processor:33780	tx	90 50 00 00 FF	reply		
2026-09-18T11:10:27.762	processor:33780	rx	81 09 04 00 FF	inquiry	Power	
2026-09-18T11:10:27.763	processor:33780	tx	90 50 02 FF	reply		
2026-09-18T11:10:27.782	processor:33780	rx	81 09 08 01 FF	inquiry	TrackingFraming	
2026-09-18T11:10:27.782	processor:33780	tx	90 50 02 FF	reply		
2026-09-18T11:10:27.792	processor:33780	rx	81 09 04 39 FF	inquiry	AutoExposure	
2026-09-18T11:10:27.794	processor:33780	tx	90 50 00 FF	reply		
2026-09-18T11:10:27.802	processor:33780	rx	81 09 04 35 FF	inquiry	WhiteBalance	
2026-09-18T11:10:27.802	processor:33780	tx	90 50 03 FF	reply		
2026-09-18T11:10:27.810	processor:33780	rx	81 09 04 38 FF	inquiry	AutoFocus	
2026-09-18T11:10:27.810	processor:33780	tx	90 50 02 FF	reply		
2026-09-18T11:10:27.825	processor:33780	rx	81 09 04 33 FF	inquiry	Backlight	
2026-09-18T11:10:27.825	processor:33780	tx	90 50 03 FF	reply		
2026-09-18T11:10:27.835	processor:33780	rx	81 09 04 62 FF	inquiry	FreezeFrame	
2026-09-18T11:10:27.835	processor:33780	tx	90 50 02 FF	reply		
2026-09-18T11:10:27.844	processor:33780	rx	81 09 04 47 FF	inquiry	ZoomPosition	
2026-09-18T11:10:27.844	processor:33780	tx	90 50 01 0F 04 00 FF	reply		
2026-09-18T11:10:27.858	processor:33780	rx	81 09 06 12 FF	inquiry	PanTiltPosition	
2026-09-18T11:10:27.859	processor:33780	tx	90 50 00 03 0E 08 0F 0E 00 0C FF	reply		
2026-09-18T11:10:27.870	processor:33780	rx	81 09 06 12 FF	inquiry	PanTiltPosition	
2026-09-18T11:10:27.870	processor:33780	tx	90 50 00 03 0E 08 0F 0E 00 0C FF	reply		
2026-09-18T11:10:27.876	processor:33780	rx	81 C2 09 08 FF	inquiry	CameraOutput	
2026-09-18T11:10:27.876	processor:33780	tx	90 50 01 01 FF	reply		
2026-09-18T11:10:27.890	processor:33780	rx	81 C2 09 0D 02 FF	inquiry	CameraConnectionStatus	camera 2
2026-09-18T11:10:27.890	processor:33780	tx	90 50 00 01 FF	reply		
2026-09-18T11:10:27.894	processor:33780	rx	81 C2 09 0D 03 FF	inquiry	CameraConnectionStatus	camera 3
2026-09-18T11:10:27.894	processor:33780	tx	90 50 00 00 FF	reply		
2026-09-18T11:10:27.908	processor:33780	rx	81 C2 09 0D 04 FF	inquiry	CameraConnectionStatus	camera 4
2026-09-18T11:10:27.908	processor:33780	tx	90 50 00 01 FF	reply		
2026-09-18T11:10:27.920	processor:33780	rx	81 C2 09 0D 05 FF	inquiry	CameraConnectionStatus	camera 5
2026-09-18T11:10:27.920	processor:33780	tx	90 50 00 00 FF	reply		
2026-09-18T11:10:30.835	processor:33780	rx	81 09 04 00 FF	inquiry	Power	
2026-09-18T11:10:30.835	processor:33780	tx	90 50 02 FF	reply		
2026-09-18T11:10:30.861	processor:33780	rx	81 09 08 01 FF	inquiry	TrackingFraming	
2026-09-18T11:10:30.861	processor:33780	tx	90 50 02 FF	reply		
2026-09-18T11:10:30.869	processor:33780	rx	81 09 04 39 FF	inquiry	AutoExposure	
2026-09-18T11:10:30.869	processor:33780	tx	90 50 00 FF	reply		
2026-09-18T11:10:30.878	processor:33780	rx	81 09 04 35 FF	inquiry	WhiteBalance	
2026-09-18T11:10:30.878	processor:33780	tx	90 50 03 FF	reply		
2026-09-18T11:10:30.891	processor:33780	rx	81 09 04 38 FF	inquiry	AutoFocus	
2026-09-18T11:10:30.891	processor:33780	tx	90 50 02 FF	reply		
2026-09-18T11:10:30.901	processor:33780	rx	81 09 04 33 FF	inquiry	Backlight	
2026-09-18T11:10:30.901	processor:33780	tx	90 50 03 FF	reply		
2026-09-18T11:10:30.912	processor:33780	rx	81 09 04 62 FF	inquiry	FreezeFrame	
2026-09-18T11:10:30.912	processor:33780	tx	90 50 02 FF	reply		
2026-09-18T11:10:30.920	processor:33780	rx	81 09 04 47 FF	inquiry	ZoomPosition	
2026-09-18T11:10:30.920	processor:33780	tx	90 50 01 0F 04 00 FF	reply		
2026-09-18T11:10:30.932	processor:33780	rx	81 09 06 12 FF	inquiry	PanTiltPosition	
2026-09-18T11:10:30.934	processor:33780	tx	90 50 00 03 0E 08 0F 0E 00 0C FF	reply		
2026-09-18T11:10:30.937	processor:33780	rx	81 09 06 12 FF	inquiry	PanTiltPosition	
2026-09-18T11:10:30.937	processor:33780	tx	90 50 00 03 0E 08 0F 0E 00 0C FF	reply		
2026-09-18T11:10:30.946	processor:33780	rx	81 C2 09 08 FF	inquiry	CameraOutput	
2026-09-18T11:10:30.946	processor:33780	tx	90 50 01 01 FF	reply		
2026-09-18T11:10:30.963	processor:33780	rx	81 C2 09 0D 02 FF	inquiry	CameraConnectionStatus	camera 2
2026-09-18T11:10:30.963	processor:33780	tx	90 50 00 01 FF	reply		
2026-09-18T11:10:30.970	processor:33780	rx	81 C2 09 0D 03 FF	inquiry	CameraConnectionStatus	camera 3
2026-09-18T11:10:30.970	processor:33780	tx	90 50 00 00 FF	reply		
2026-09-18T11:10:30.983	processor:33780	rx	81 C2 09 0D 04 FF	inquiry	CameraConnectionStatus	camera 4
2026-09-18T11:10:30.983	processor:33780	tx	90 50 00 01 FF	reply		
2026-09-18T11:10:30.988	processor:33780	rx	81 C2 09 0D 05 FF	inquiry	CameraConnectionStatus	camera 5
2026-09-18T11:10:30.994	processor:33780	tx	90 50 00 00 FF	reply		
2026-09-18T11:10:33.923	processor:33780	rx	81 09 04 00 FF	inquiry	Power	
2026-09-18T11:10:33.923	processor:33780	tx	90 50 02 FF	reply		
2026-09-18T11:10:33.934	processor:33780	rx	81 09 08 01 FF	inquiry	TrackingFraming	
2026-09-18T11:10:33.934	processor:33780	tx	90 50 02 FF	reply		
2026-09-18T11:10:33.949	processor:33780	rx	81 09 04 39 FF	inquiry	AutoExposure	
2026-09-18T11:10:33.949	processor:33780	tx	90 50 00 FF	reply		
2026-09-18T11:10:33.966	processor:33780	rx	81 09 04 35 FF	inquiry	WhiteBalance	
2026-09-18T11:10:33.966	processor:33780	tx	90 50 03 FF	reply		
2026-09-18T11:10:33.976	processor:33780	rx	81 09 04 38 FF	inquiry	AutoFocus	
2026-09-18T11:10:33.978	processor:33780	tx	90 50 02 FF	reply		
2026-09-18T11:10:33.984	processor:33780	rx	81 09 04 33 FF	inquiry	Backlight	
2026-09-18T11:10:33.984	processor:33780	tx	90 50 03 FF	reply		
2026-09-18T11:10:33.996	processor:33780	rx	81 09 04 62 FF	inquiry	FreezeFrame	
2026-09-18T11:10:33.996	processor:33780	tx	90 50 02 FF	reply		
2026-09-18T11:10:34.000	processor:33780	rx	81 09 04 47 FF	inquiry	ZoomPosition	
2026-09-18T11:10:34.000	processor:33780	tx	90 50 01 0F 04 00 FF	reply		
2026-09-18T11:10:34.016	processor:33780	rx	81 09 06 12 FF	inquiry	PanTiltPosition	
2026-09-18T11:10:34.017	processor:33780	tx	90 50 00 03 0E 08 0F 0E 00 0C FF	reply		
2026-09-18T11:10:34.024	processor:33780	rx	81 09 06 12 FF	inquiry	PanTiltPosition	
2026-09-18T11:10:34.024	processor:33780	tx	90 50 00 03 0E 08 0F 0E 00 0C FF	reply		
2026-09-18T11:10:34.034	processor:33780	rx	81 C2 09 08 FF	inquiry	CameraOutput	
2026-09-18T11:10:34.034	processor:33780	tx	90 50 01 01 FF	reply		
2026-09-18T11:10:34.040	processor:33780	rx	81 C2 09 0D 02 FF	inquiry	CameraConnectionStatus	camera 2
2026-09-18T11:10:34.040	processor:33780	tx	90 50 00 01 FF	reply		
2026-09-18T11:10:34.056	processor:33780	rx	81 C2 09 0D 03 FF	inquiry	CameraConnectionStatus	camera 3
2026-09-18T11:10:34.056	processor:33780	tx	90 50 00 00 FF	reply		
2026-09-18T11:10:34.069	processor:33780	rx	81 C2 09 0D 04 FF	inquiry	CameraConnectionStatus	camera 4
2026-09-18T11:10:34.069	processor:33780	tx	90 50 00 01 FF	reply		
2026-09-18T11:10:34.078	processor:33780	rx	81 C2 09 0D 05 FF	inquiry	CameraConnectionStatus	camera 5
2026-09-18T11:10:34.078	processor:33780	tx	90 50 00 00 FF	reply		
2026-09-18T11:10:37.009	processor:33780	rx	81 09 04 00 FF	inquiry	Power	
2026-09-18T11:10:37.009	processor:33780	tx	90 50 02 FF	reply		
2026-09-18T11:10:37.029	processor:33780	rx	81 09 08 01 FF	inquiry	TrackingFraming	
2026-09-18T11:10:37.029	processor:33780	tx	90 50 02 FF	reply		
2026-09-18T11:10:37.038	processor:33780	rx	81 09 04 39 FF	inquiry	AutoExposure	
2026-09-18T11:10:37.041	processor:33780	tx	90 50 00 FF	reply		
2026-09-18T11:10:37.054	processor:33780	rx	81 09 04 35 FF	inquiry	WhiteBalance	
2026-09-18T11:10:37.054	processor:33780	tx	90 50 03 FF	reply		
2026-09-18T11:10:37.088	processor:33780	rx	81 09 04 38 FF	inquiry	AutoFocus	
2026-09-18T11:10:37.088	processor:33780	tx	90 50 02 FF	reply		
2026-09-18T11:10:37.115	processor:33780	rx	81 09 04 33 FF	inquiry	Backlight	
2026-09-18T11:10:37.115	processor:33780	tx	90 50 03 FF	reply		
2026-09-18T11:10:37.134	processor:33780	rx	81 09 04 62 FF	inquiry	FreezeFrame	
2026-09-18T11:10:37.134	processor:33780	tx	90 50 02 FF	reply		
2026-09-18T11:10:37.157	processor:33780	rx	81 09 04 47 FF	inquiry	ZoomPosition	
2026-09-18T11:10:37.157	processor:33780	tx	90 50 01 0F 04 00 FF	reply		
2026-09-18T11:10:37.174	processor:33780	rx	81 09 06 12 FF	inquiry	PanTiltPosition	
2026-09-18T11:10:37.176	processor:33780	tx	90 50 00 03 0E 08 0F 0E 00 0C FF	reply		
2026-09-18T11:10:37.185	processor:33780	rx	81 09 06 12 FF	inquiry	PanTiltPosition	
2026-09-18T11:10:37.185	processor:33780	tx	90 50 00 03 0E 08 0F 0E 00 0C FF	reply		
2026-09-18T11:10:37.197	processor:33780	rx	81 C2 09 08 FF	inquiry	CameraOutput	
2026-09-18T11:10:37.198	processor:33780	tx	90 50 01 01 FF	reply		
2026-09-18T11:10:37.208	processor:33780	rx	81 C2 09 0D 02 FF	inquiry	CameraConnectionStatus	camera 2
2026-09-18T11:10:37.208	processor:33780	tx	90 50 00 01 FF	reply		
2026-09-18T11:10:37.219	processor:33780	rx	81 C2 09 0D 03 FF	inquiry	CameraConnectionStatus	camera 3
2026-09-18T11:10:37.220	processor:33780	tx	90 50 00 00 FF	reply		
2026-09-18T11:10:37.228	processor:33780	rx	81 C2 09 0D 04 FF	inquiry	CameraConnectionStatus	camera 4
2026-09-18T11:10:37.230	processor:33780	tx	90 50 00 01 FF	reply		
2026-09-18T11:10:37.237	processor:33780	rx	81 C2 09 0D 05 FF	inquiry	CameraConnectionStatus	camera 5
2026-09-18T11:10:37.242	processor:33780	tx	90 50 00 00 FF	reply		
2026-09-18T11:10:40.132	processor:33780	rx	81 09 04 00 FF	inquiry	Power	
2026-09-18T11:10:40.132	processor:33780	tx	90 50 02 FF	reply		
2026-09-18T11:10:40.149	processor:33780	rx	81 09 08 01 FF	inquiry	TrackingFraming	
2026-09-18T11:10:40.149	processor:33780	tx	90 50 02 FF	reply		
2026-09-18T11:10:40.169	processor:33780	rx	81 09 04 39 FF	inquiry	AutoExposure	
2026-09-18T11:10:40.170	processor:33780	tx	90 50 00 FF	reply		
2026-09-18T11:10:40.180	processor:33780	rx	81 09 04 35 FF	inquiry	WhiteBalance	
2026-09-18T11:10:40.180	processor:33780	tx	90 50 03 FF	reply		
2026-09-18T11:10:40.183	processor:33780	rx	81 09 04 38 FF	inquiry	AutoFocus	
2026-09-18T11:10:40.183	processor:33780	tx	90 50 02 FF	reply		
2026-09-18T11:10:40.200	processor:33780	rx	81 09 04 33 FF	inquiry	Backlight	
2026-09-18T11:10:40.200	processor:33780	tx	90 50 03 FF	reply		
2026-09-18T11:10:40.200	processor:33780	rx	81 09 04 62 FF	inquiry	FreezeFrame	
2026-09-18T11:10:40.200	processor:33780	tx	90 50 02 FF	reply		
2026-09-18T11:10:40.215	processor:33780	rx	81 09 04 47 FF	inquiry	ZoomPosition	
2026-09-18T11:10:40.215	processor:33780	tx	90 50 01 0F 04 00 FF	reply		
2026-09-18T11:10:40.229	processor:33780	rx	81 09 06 12 FF	inquiry	PanTiltPosition	
2026-09-18T11:10:40.229	processor:33780	tx	90 50 00 03 0E 08 0F 0E 00 0C FF	reply		
2026-09-18T11:10:40.232	processor:33780	rx	81 09 06 12 FF	inquiry	PanTiltPosition	
2026-09-18T11:10:40.232	processor:33780	tx	90 50 00 03 0E 08 0F 0E 00 0C FF	reply		
2026-09-18T11:10:40.246	processor:33780	rx	81 C2 09 08 FF	inquiry	CameraOutput	
2026-09-18T11:10:40.246	processor:33780	tx	90 50 01 01 FF	reply		
2026-09-18T11:10:40.259	processor:33780	rx	81 C2 09 0D 02 FF	inquiry	CameraConnectionStatus	camera 2
2026-09-18T11:10:40.259	processor:33780	tx	90 50 00 01 FF	reply		
2026-09-18T11:10:40.263	processor:33780	rx	81 C2 09 0D 03 FF	inquiry	CameraConnectionStatus	camera 3
2026-09-18T11:10:40.263	processor:33780	tx	90 50 00 00 FF	reply		
2026-09-18T11:10:40.280	processor:33780	rx	81 C2 09 0D 04 FF	inquiry	CameraConnectionStatus	camera 4
2026-09-18T11:10:40.282	processor:33780	tx	90 50 00 01 FF	reply		
2026-09-18T11:10:40.291	processor:33780	rx	81 C2 09 0D 05 FF	inquiry	CameraConnectionStatus	camera 5
2026-09-18T11:10:40.291	processor:33780	tx	90 50 00 00 FF	reply		
2026-09-18T11:10:43.220	processor:33780	rx	81 09 04 00 FF	inquiry	Power	
2026-09-18T11:10:43.220	processor:33780	tx	90 50 02 FF	reply		
2026-09-18T11:10:43.235	processor:33780	rx	81 09 08 01 FF	inquiry	TrackingFraming	
2026-09-18T11:10:43.235	processor:33780	tx	90 50 02 FF	reply		
2026-09-18T11:10:43.250	processor:33780	rx	81 09 04 39 FF	inquiry	AutoExposure	
2026-09-18T11:10:43.250	processor:33780	tx	90 50 00 FF	reply		
2026-09-18T11:10:43.267	processor:33780	rx	81 09 04 35 FF	inquiry	WhiteBalance	
2026-09-18T11:10:43.267	processor:33780	tx	90 50 03 FF	reply		
2026-09-18T11:10:43.267	processor:33780	rx	81 09 04 38 FF	inquiry	AutoFocus	
2026-09-18T11:10:43.267	processor:33780	tx	90 50 02 FF	reply		
2026-09-18T11:10:43.286	processor:33780	rx	81 09 04 33 FF	inquiry	Backlight	
2026-09-18T11:10:43.286	processor:33780	tx	90 50 03 FF	reply		
2026-09-18T11:10:43.300	processor:33780	rx	81 09 04 62 FF	inquiry	FreezeFrame	
2026-09-18T11:10:43.302	processor:33780	tx	90 50 02 FF	reply		
2026-09-18T11:10:43.302	processor:33780	rx	81 09 04 47 FF	inquiry	ZoomPosition	
2026-09-18T11:10:43.302	processor:33780	tx	90 50 01 0F 04 00 FF	reply		
2026-09-18T11:10:43.320	processor:33780	rx	81 09 06 12 FF	inquiry	PanTiltPosition	
2026-09-18T11:10:43.320	processor:33780	tx	90 50 00 03 0E 08 0F 0E 00 0C FF	reply		
2026-09-18T11:10:43.331	processor:33780	rx	81 09 06 12 FF	inquiry	PanTiltPosition	
2026-09-18T11:10:43.331	processor:33780	tx	90 50 00 03 0E 08 0F 0E 00 0C FF	reply		
2026-09-18T11:10:43.338	processor:33780	rx	81 C2 09 08 FF	inquiry	CameraOutput	
2026-09-18T11:10:43.338	processor:33780	tx	90 50 01 01 FF	reply		
2026-09-18T11:10:43.346	processor:33780	rx	81 C2 09 0D 02 FF	inquiry	CameraConnectionStatus	camera 2
2026-09-18T11:10:43.352	processor:33780	tx	90 50 00 01 FF	reply		
2026-09-18T11:10:43.356	processor:33780	rx	81 C2 09 0D 03 FF	inquiry	CameraConnectionStatus	camera 3
2026-09-18T11:10:43.356	processor:33780	tx	90 50 00 00 FF	reply		
2026-09-18T11:10:43.370	processor:33780	rx	81 C2 09 0D 04 FF	inquiry	CameraConnectionStatus	camera 4
2026-09-18T11:10:43.370	processor:33780	tx	90 50 00 01 FF	reply		
2026-09-18T11:10:43.378	processor:33780	rx	81 C2 09 0D 05 FF	inquiry	CameraConnectionStatus	camera 5
2026-09-18T11:10:43.378	processor:33780	tx	90 50 00 00 FF	reply		
2026-09-18T11:10:46.320	processor:33780	rx	81 09 04 00 FF	inquiry	Power	
2026-09-18T11:10:46.320	processor:33780	tx	90 50 02 FF	reply		
2026-09-18T11:10:46.331	processor:33780	rx	81 09 08 01 FF	inquiry	TrackingFraming	
2026-09-18T11:10:46.342	processor:33780	tx	90 50 02 FF	reply		
2026-09-18T11:10:46.349	processor:33780	rx	81 09 04 39 FF	inquiry	AutoExposure	
2026-09-18T11:10:46.349	processor:33780	tx	90 50 00 FF	reply		
2026-09-18T11:10:46.362	processor:33780	rx	81 09 04 35 FF	inquiry	WhiteBalance	
2026-09-18T11:10:46.362	processor:33780	tx	90 50 03 FF	reply		
2026-09-18T11:10:46.362	processor:33780	rx	81 09 04 38 FF	inquiry	AutoFocus	
2026-09-18T11:10:46.362	processor:33780	tx	90 50 02 FF	reply		
2026-09-18T11:10:46.379	processor:33780	rx	81 09 04 33 FF	inquiry	Backlight	
2026-09-18T11:10:46.379	processor:33780	tx	90 50 03 FF	reply		
2026-09-18T11:10:46.392	processor:33780	rx	81 09 04 62 FF	inquiry	FreezeFrame	
2026-09-18T11:10:46.392	processor:33780	tx	90 50 02 FF	reply		
2026-09-18T11:10:46.397	processor:33780	rx	81 09 04 47 FF	inquiry	ZoomPosition	
2026-09-18T11:10:46.397	processor:33780	tx	90 50 01 0F 04 00 FF	reply		
2026-09-18T11:10:46.413	processor:33780	rx	81 09 06 12 FF	inquiry	PanTiltPosition	
2026-09-18T11:10:46.413	processor:33780	tx	90 50 00 03 0E 08 0F 0E 00 0C FF	reply		
2026-09-18T11:10:46.422	processor:33780	rx	81 09 06 12 FF	inquiry	PanTiltPosition	
2026-09-18T11:10:46.422	processor:33780	tx	90 50 00 03 0E 08 0F 0E 00 0C FF	reply		
2026-09-18T11:10:46.432	processor:33780	rx	81 C2 09 08 FF	inquiry	CameraOutput	
2026-09-18T11:10:46.433	processor:33780	tx	90 50 01 01 FF	reply		
2026-09-18T11:10:46.441	processor:33780	rx	81 C2 09 0D 02 FF	inquiry	CameraConnectionStatus	camera 2
2026-09-18T11:10:46.441	processor:33780	tx	90 50 00 01 FF	reply		
2026-09-18T11:10:46.448	processor:33780	rx	81 C2 09 0D 03 FF	inquiry	CameraConnectionStatus	camera 3
2026-09-18T11:10:46.448	processor:33780	tx	90 50 00 00 FF	reply		
2026-09-18T11:10:46.463	processor:33780	rx	81 C2 09 0D 04 FF	inquiry	CameraConnectionStatus	camera 4
2026-09-18T11:10:46.463	processor:33780	tx	90 50 00 01 FF	reply		
2026-09-18T11:10:46.470	processor:33780	rx	81 C2 09 0D 05 FF	inquiry	CameraConnectionStatus	camera 5
2026-09-18T11:10:46.473	processor:33780	tx	90 50 00 00 FF	reply		
2026-09-18T11:10:49.399	processor:33780	rx	81 09 04 00 FF	inquiry	Power	
2026-09-18T11:10:49.399	processor:33780	tx	90 50 02 FF	reply		
2026-09-18T11:10:49.417	processor:33780	rx	81 09 08 01 FF	inquiry	TrackingFraming	
2026-09-18T11:10:49.417	processor:33780	tx	90 50 02 FF	reply		
2026-09-18T11:10:49.435	processor:33780	rx	81 09 04 39 FF	inquiry	AutoExposure	
2026-09-18T11:10:49.436	processor:33780	tx	90 50 00 FF	reply		
2026-09-18T11:10:49.446	processor:33780	rx	81 09 04 35 FF	inquiry	WhiteBalance	
2026-09-18T11:10:49.446	processor:33780	tx	90 50 03 FF	reply		
2026-09-18T11:10:49.449	processor:33780	rx	81 09 04 38 FF	inquiry	AutoFocus	
2026-09-18T11:10:49.449	processor:33780	tx	90 50 02 FF	reply		
2026-09-18T11:10:49.464	processor:33780	rx	81 09 04 33 FF	inquiry	Backlight	
2026-09-18T11:10:49.464	processor:33780	tx	90 50 03 FF	reply		
2026-09-18T11:10:49.478	processor:33780	rx	81 09 04 62 FF	inquiry	FreezeFrame	
2026-09-18T11:10:49.478	processor:33780	tx	90 50 02 FF	reply		
2026-09-18T11:10:49.488	processor:33780	rx	81 09 04 47 FF	inquiry	ZoomPosition	
2026-09-18T11:10:49.490	processor:33780	tx	90 50 01 0F 04 00 FF	reply		
2026-09-18T11:10:49.498	processor:33780	rx	81 09 06 12 FF	inquiry	PanTiltPosition	
2026-09-18T11:10:49.498	processor:33780	tx	90 50 00 03 0E 08 0F 0E 00 0C FF	reply		
2026-09-18T11:10:49.511	processor:33780	rx	81 09 06 12 FF	inquiry	PanTiltPosition	
2026-09-18T11:10:49.512	processor:33780	tx	90 50 00 03 0E 08 0F 0E 00 0C FF	reply		
2026-09-18T11:10:49.515	processor:33780	rx	81 C2 09 08 FF	inquiry	CameraOutput	
2026-09-18T11:10:49.515	processor:33780	tx	90 50 01 01 FF	reply		
2026-09-18T11:10:49.532	processor:33780	rx	81 C2 09 0D 02 FF	inquiry	CameraConnectionStatus	camera 2
2026-09-18T11:10:49.533	processor:33780	tx	90 50 00 01 FF	reply		
2026-09-18T11:10:49.541	processor:33780	rx	81 C2 09 0D 03 FF	inquiry	CameraConnectionStatus	camera 3
2026-09-18T11:10:49.542	processor:33780	tx	90 50 00 00 FF	reply		
2026-09-18T11:10:49.550	processor:33780	rx	81 C2 09 0D 04 FF	inquiry	CameraConnectionStatus	camera 4
2026-09-18T11:10:49.550	processor:33780	tx	90 50 00 01 FF	reply		
2026-09-18T11:10:49.560	processor:33780	rx	81 C2 09 0D 05 FF	inquiry	CameraConnectionStatus	camera 5
2026-09-18T11:10:49.560	processor:33780	tx	90 50 00 00 FF	reply		
2026-09-18T11:10:52.485	processor:33780	rx	81 09 04 00 FF	inquiry	Power	
2026-09-18T11:10:52.485	processor:33780	tx	90 50 02 FF	reply		
2026-09-18T11:10:52.503	processor:33780	rx	81 09 08 01 FF	inquiry	TrackingFraming	
2026-09-18T11:10:52.503	processor:33780	tx	90 50 02 FF	reply		
2026-09-18T11:10:52.508	processor:33780	rx	81 09 04 39 FF	inquiry	AutoExposure	
2026-09-18T11:10:52.516	processor:33780	tx	90 50 00 FF	reply		
2026-09-18T11:10:52.525	processor:33780	rx	81 09 04 35 FF	inquiry	WhiteBalance	
2026-09-18T11:10:52.525	processor:33780	tx	90 50 03 FF	reply		
2026-09-18T11:10:52.536	processor:33780	rx	81 09 04 38 FF	inquiry	AutoFocus	
2026-09-18T11:10:52.536	processor:33780	tx	90 50 02 FF	reply		
2026-09-18T11:10:52.547	processor:33780	rx	81 09 04 33 FF	inquiry	Backlight	
2026-09-18T11:10:52.547	processor:33780	tx	90 50 03 FF	reply		
2026-09-18T11:10:52.553	processor:33780	rx	81 09 04 62 FF	inquiry	FreezeFrame	
2026-09-18T11:10:52.559	processor:33780	tx	90 50 02 FF	reply		
2026-09-18T11:10:52.564	processor:33780	rx	81 09 04 47 FF	inquiry	ZoomPosition	
2026-09-18T11:10:52.564	processor:33780	tx	90 50 01 0F 04 00 FF	reply		
2026-09-18T11:10:52.577	processor:33780	rx	81 09 06 12 FF	inquiry	PanTiltPosition	
2026-09-18T11:10:52.577	processor:33780	tx	90 50 00 03 0E 08 0F 0E 00 0C FF	reply		
2026-09-18T11:10:52.587	processor:33780	rx	81 09 06 12 FF	inquiry	PanTiltPosition	
2026-09-18T11:10:52.587	processor:33780	tx	90 50 00 03 0E 08 0F 0E 00 0C FF	reply		
2026-09-18T11:10:52.596	processor:33780	rx	81 C2 09 08 FF	inquiry	CameraOutput	
2026-09-18T11:10:52.596	processor:33780	tx	90 50 01 01 FF	reply		
2026-09-18T11:10:52.608	processor:33780	rx	81 C2 09 0D 02 FF	inquiry	CameraConnectionStatus	camera 2
2026-09-18T11:10:52.608	processor:33780	tx	90 50 00 01 FF	reply		
2026-09-18T11:10:52.617	processor:33780	rx	81 C2 09 0D 03 FF	inquiry	CameraConnectionStatus	camera 3
2026-09-18T11:10:52.617	processor:33780	tx	90 50 00 00 FF	reply		
2026-09-18T11:10:52.627	processor:33780	rx	81 C2 09 0D 04 FF	inquiry	CameraConnectionStatus	camera 4
2026-09-18T11:10:52.627	processor:33780	tx	90 50 00 01 FF	reply		
2026-09-18T11:10:52.638	processor:33780	rx	81 C2 09 0D 05 FF	inquiry	CameraConnectionStatus	camera 5
2026-09-18T11:10:52.638	processor:33780	tx	90 50 00 00 FF	reply		
2026-09-18T11:10:55.567	processor:33780	rx	81 09 04 00 FF	inquiry	Power	
2026-09-18T11:10:55.567	processor:33780	tx	90 50 02 FF	reply		
2026-09-18T11:10:55.582	processor:33780	rx	81 09 08 01 FF	inquiry	TrackingFraming	
2026-09-18T11:10:55.582	processor:33780	tx	90 50 02 FF	reply		
2026-09-18T11:10:55.599	processor:33780	rx	81 09 04 39 FF	inquiry	AutoExposure	
2026-09-18T11:10:55.599	processor:33780	tx	90 50 00 FF	reply		
2026-09-18T11:10:55.604	processor:33780	rx	81 09 04 35 FF	inquiry	WhiteBalance	
2026-09-18T11:10:55.604	processor:33780	tx	90 50 03 FF	reply		
2026-09-18T11:10:55.616	processor:33780	rx	81 09 04 38 FF	inquiry	AutoFocus	
2026-09-18T11:10:55.616	processor:33780	tx	90 50 02 FF	reply		
2026-09-18T11:10:55.629	processor:33780	rx	81 09 04 33 FF	inquiry	Backlight	
2026-09-18T11:10:55.632	processor:33780	tx	90 50 03 FF	reply		
2026-09-18T11:10:55.637	processor:33780	rx	81 09 04 62 FF	inquiry	FreezeFrame	
2026-09-18T11:10:55.637	processor:33780	tx	90 50 02 FF	reply		
2026-09-18T11:10:55.650	processor:33780	rx	81 09 04 47 FF	inquiry	ZoomPosition	
2026-09-18T11:10:55.650	processor:33780	tx	90 50 01 0F 04 00 FF	reply		
2026-09-18T11:10:55.659	processor:33780	rx	81 09 06 12 FF	inquiry	PanTiltPosition	
2026-09-18T11:10:55.659	processor:33780	tx	90 50 00 03 0E 08 0F 0E 00 0C FF	reply		
2026-09-18T11:10:55.667	processor:33780	rx	81 09 06 12 FF	inquiry	PanTiltPosition	
2026-09-18T11:10:55.667	processor:33780	tx	90 50 00 03 0E 08 0F 0E 00 0C FF	reply		
2026-09-18T11:10:55.683	processor:33780	rx	81 C2 09 08 FF	inquiry	CameraOutput	
2026-09-18T11:10:55.683	processor:33780	tx	90 50 01 01 FF	reply		
2026-09-18T11:10:55.691	processor:33780	rx	81 C2 09 0D 02 FF	inquiry	CameraConnectionStatus	camera 2
2026-09-18T11:10:55.691	processor:33780	tx	90 50 00 01 FF	reply		
2026-09-18T11:10:55.701	processor:33780	rx	81 C2 09 0D 03 FF	inquiry	CameraConnectionStatus	camera 3
2026-09-18T11:10:55.701	processor:33780	tx	90 50 00 00 FF	reply		
2026-09-18T11:10:55.707	processor:33780	rx	81 C2 09 0D 04 FF	inquiry	CameraConnectionStatus	camera 4
2026-09-18T11:10:55.707	processor:33780	tx	90 50 00 01 FF	reply		
2026-09-18T11:10:55.718	processor:33780	rx	81 C2 09 0D 05 FF	inquiry	CameraConnectionStatus	camera 5
2026-09-18T11:10:55.718	processor:33780	tx	90 50 00 00 FF	reply		
2026-09-18T11:10:58.640	processor:33780	rx	81 09 04 00 FF	inquiry	Power	
2026-09-18T11:10:58.644	processor:33780	tx	90 50 02 FF	reply		
2026-09-18T11:10:58.661	processor:33780	rx	81 09 08 01 FF	inquiry	TrackingFraming	
2026-09-18T11:10:58.661	processor:33780	tx	90 50 02 FF	reply		
2026-09-18T11:10:58.671	processor:33780	rx	81 09 04 39 FF	inquiry	AutoExposure	
2026-09-18T11:10:58.671	processor:33780	tx	90 50 00 FF	reply		
2026-09-18T11:10:58.682	processor:33780	rx	81 09 04 35 FF	inquiry	WhiteBalance	
2026-09-18T11:10:58.682	processor:33780	tx	90 50 03 FF	reply		
2026-09-18T11:10:58.690	processor:33780	rx	81 09 04 38 FF	inquiry	AutoFocus	
2026-09-18T11:10:58.690	processor:33780	tx	90 50 02 FF	reply		
2026-09-18T11:10:58.698	processor:33780	rx	81 09 04 33 FF	inquiry	Backlight	
2026-09-18T11:10:58.698	processor:33780	tx	90 50 03 FF	reply		
2026-09-18T11:10:58.711	processor:33780	rx	81 09 04 62 FF	inquiry	FreezeFrame	
2026-09-18T11:10:58.711	processor:33780	tx	90 50 02 FF	reply		
2026-09-18T11:10:58.721	processor:33780	rx	81 09 04 47 FF	inquiry	ZoomPosition	
2026-09-18T11:10:58.721	processor:33780	tx	90 50 01 0F 04 00 FF	reply		
2026-09-18T11:10:58.731	processor:33780	rx	81 09 06 12 FF	inquiry	PanTiltPosition	
2026-09-18T11:10:58.732	processor:33780	tx	90 50 00 03 0E 08 0F 0E 00 0C FF	reply		
2026-09-18T11:10:58.740	processor:33780	rx	81 09 06 12 FF	inquiry	PanTiltPosition	
2026-09-18T11:10:58.740	processor:33780	tx	90 50 00 03 0E 08 0F 0E 00 0C FF	reply		
2026-09-18T11:10:58.745	processor:33780	rx	81 C2 09 08 FF	inquiry	CameraOutput	
2026-09-18T11:10:58.745	processor:33780	tx	90 50 01 01 FF	reply		
2026-09-18T11:10:58.757	processor:33780	rx	81 C2 09 0D 02 FF	inquiry	CameraConnectionStatus	camera 2
2026-09-18T11:10:58.757	processor:33780	tx	90 50 00 01 FF	reply		
2026-09-18T11:10:58.762	processor:33780	rx	81 C2 09 0D 03 FF	inquiry	CameraConnectionStatus	camera 3
2026-09-18T11:10:58.762	processor:33780	tx	90 50 00 00 FF	reply		
2026-09-18T11:10:58.779	processor:33780	rx	81 C2 09 0D 04 FF	inquiry	CameraConnectionStatus	camera 4
2026-09-18T11:10:58.781	processor:33780	tx	90 50 00 01 FF	reply		
2026-09-18T11:10:58.791	processor:33780	rx	81 C2 09 0D 05 FF	inquiry	CameraConnectionStatus	camera 5
2026-09-18T11:10:58.791	processor:33780	tx	90 50 00 00 FF	reply		
