time	peer	dir	hex	kind	name	detail
2026-09-14T23:35:27.297	processor:50020	open				
2026-09-14T23:35:30.997	processor:50020	rx	81 09 04 00 FF	inquiry	Power	
2026-09-14T23:35:30.997	processor:50020	tx	90 50 02 FF	reply		
2026-09-14T23:35:34.082	processor:50020	rx	81 09 04 00 FF	inquiry	Power	
2026-09-14T23:35:34.082	processor:50020	tx	90 50 02 FF	reply		
2026-09-14T23:35:34.099	processor:50020	rx	81 09 08 01 FF	inquiry	TrackingFraming	
2026-09-14T23:35:34.099	processor:50020	tx	90 50 03 FF	reply		
2026-09-14T23:35:34.126	processor:50020	rx	81 09 04 39 FF	inquiry	AutoExposure	
2026-09-14T23:35:34.130	processor:50020	tx	90 50 00 FF	reply		
2026-09-14T23:35:34.157	processor:50020	rx	81 09 04 35 FF	inquiry	WhiteBalance	
2026-09-14T23:35:34.158	processor:50020	tx	90 50 00 FF	reply		
2026-09-14T23:35:34.190	processor:50020	rx	81 09 04 38 FF	inquiry	AutoFocus	
2026-09-14T23:35:34.190	processor:50020	tx	90 50 02 FF	reply		
2026-09-14T23:35:34.222	processor:50020	rx	81 09 04 33 FF	inquiry	Backlight	
2026-09-14T23:35:34.222	processor:50020	tx	90 50 03 FF	reply		
2026-09-14T23:35:34.256	processor:50020	rx	81 09 04 62 FF	inquiry	FreezeFrame	
2026-09-14T23:35:34.258	processor:50020	tx	90 50 03 FF	reply		
2026-09-14T23:35:37.429	processor:50020	rx	81 09 04 00 FF	inquiry	Power	
2026-09-14T23:35:37.429	processor:50020	tx	90 50 02 FF	reply		
2026-09-14T23:35:37.446	processor:50020	rx	81 09 08 01 FF	inquiry	TrackingFraming	
2026-09-14T23:35:37.446	processor:50020	tx	90 50 03 FF	reply		
2026-09-14T23:35:37.453	processor:50020	rx	81 09 04 39 FF	inquiry	AutoExposure	
2026-09-14T23:35:37.453	processor:50020	tx	90 50 00 FF	reply		
2026-09-14T23:35:37.464	processor:50020	rx	81 09 04 35 FF	inquiry	WhiteBalance	
2026-09-14T23:35:37.464	processor:50020	tx	90 50 00 FF	reply		
2026-09-14T23:35:37.470	processor:50020	rx	81 09 04 38 FF	inquiry	AutoFocus	
2026-09-14T23:35:37.470	processor:50020	tx	90 50 02 FF	reply		
2026-09-14T23:35:37.483	processor:50020	rx	81 09 04 33 FF	inquiry	Backlight	
2026-09-14T23:35:37.483	processor:50020	tx	90 50 03 FF	reply		
2026-09-14T23:35:37.494	processor:50020	rx	81 09 04 62 FF	inquiry	FreezeFrame	
2026-09-14T23:35:37.494	processor:50020	tx	90 50 03 FF	reply		
2026-09-14T23:35:40.515	processor:50020	rx	81 09 04 00 FF	inquiry	Power	
2026-09-14T23:35:40.515	processor:50020	tx	90 50 02 FF	reply		
2026-09-14T23:35:40.527	processor:50020	rx	81 09 08 01 FF	inquiry	TrackingFraming	
2026-09-14T23:35:40.528	processor:50020	tx	90 50 03 FF	reply		
2026-09-14T23:35:40.537	processor:50020	rx	81 09 04 39 FF	inquiry	AutoExposure	
2026-09-14T23:35:40.537	processor:50020	tx	90 50 00 FF	reply		
2026-09-14T23:35:40.546	processor:50020	rx	81 09 04 35 FF	inquiry	WhiteBalance	
2026-09-14T23:35:40.548	processor:50020	tx	90 50 00 FF	reply		
2026-09-14T23:35:40.554	processor:50020	rx	81 09 04 38 FF	inquiry	AutoFocus	
2026-09-14T23:35:40.554	processor:50020	tx	90 50 02 FF	reply		
2026-09-14T23:35:40.567	processor:50020	rx	81 09 04 33 FF	inquiry	Backlight	
2026-09-14T23:35:40.569	processor:50020	tx	90 50 03 FF	reply		
2026-09-14T23:35:40.576	processor:50020	rx	81 09 04 62 FF	inquiry	FreezeFrame	
2026-09-14T23:35:40.576	processor:50020	tx	90 50 03 FF	reply		
2026-09-14T23:35:43.575	processor:50020	rx	81 09 04 00 FF	inquiry	Power	
2026-09-14T23:35:43.591	processor:50020	tx	90 50 02 FF	reply		
2026-09-14T23:35:43.603	processor:50020	rx	81 09 08 01 FF	inquiry	TrackingFraming	
2026-09-14T23:35:43.603	processor:50020	tx	90 50 03 FF	reply		
2026-09-14T23:35:43.609	processor:50020	rx	81 09 04 39 FF	inquiry	AutoExposure	
2026-09-14T23:35:43.609	processor:50020	tx	90 50 00 FF	reply		
2026-09-14T23:35:43.622	processor:50020	rx	81 09 04 35 FF	inquiry	WhiteBalance	
2026-09-14T23:35:43.622	processor:50020	tx	90 50 00 FF	reply		
2026-09-14T23:35:43.626	processor:50020	rx	81 09 04 38 FF	inquiry	AutoFocus	
2026-09-14T23:35:43.626	processor:50020	tx	90 50 02 FF	reply		
2026-09-14T23:35:43.643	processor:50020	rx	81 09 04 33 FF	inquiry	Backlight	
2026-09-14T23:35:43.643	processor:50020	tx	90 50 03 FF	reply		
2026-09-14T23:35:43.643	processor:50020	rx	81 09 04 62 FF	inquiry	FreezeFrame	
2026-09-14T23:35:43.654	processor:50020	tx	90 50 03 FF	reply		
2026-09-14T23:35:46.673	processor:50020	rx	81 09 04 00 FF	inquiry	Power	
2026-09-14T23:35:46.673	processor:50020	tx	90 50 02 FF	reply		
2026-09-14T23:35:46.683	processor:50020	rx	81 09 08 01 FF	inquiry	TrackingFraming	
2026-09-14T23:35:46.683	processor:50020	tx	90 50 03 FF	reply		
2026-09-14T23:35:46.699	processor:50020	rx	81 09 04 39 FF	inquiry	AutoExposure	
2026-09-14T23:35:46.701	processor:50020	tx	90 50 00 FF	reply		
2026-09-14T23:35:46.726	processor:50020	rx	81 09 04 35 FF	inquiry	WhiteBalance	
2026-09-14T23:35:46.726	processor:50020	tx	90 50 00 FF	reply		
2026-09-14T23:35:46.736	processor:50020	rx	81 09 04 38 FF	inquiry	AutoFocus	
2026-09-14T23:35:46.736	processor:50020	tx	90 50 02 FF	reply		
2026-09-14T23:35:46.751	processor:50020	rx	81 09 04 33 FF	inquiry	Backlight	
2026-09-14T23:35:46.751	processor:50020	tx	90 50 03 FF	reply		
2026-09-14T23:35:46.762	processor:50020	rx	81 09 04 62 FF	inquiry	FreezeFrame	
2026-09-14T23:35:46.762	processor:50020	tx	90 50 03 FF	reply		
2026-09-14T23:35:49.751	processor:50020	rx	81 09 04 00 FF	inquiry	Power	
2026-09-14T23:35:49.751	processor:50020	tx	90 50 02 FF	reply		
2026-09-14T23:35:49.764	processor:50020	rx	81 09 08 01 FF	inquiry	TrackingFraming	
2026-09-14T23:35:49.764	processor:50020	tx	90 50 03 FF	reply		
2026-09-14T23:35:49.773	processor:50020	rx	81 09 04 39 FF	inquiry	AutoExposure	
2026-09-14T23:35:49.773	processor:50020	tx	90 50 00 FF	reply		
2026-09-14T23:35:49.782	processor:50020	rx	81 09 04 35 FF	inquiry	WhiteBalance	
2026-09-14T23:35:49.782	processor:50020	tx	90 50 00 FF	reply		
2026-09-14T23:35:49.795	processor:50020	rx	81 09 04 38 FF	inquiry	AutoFocus	
2026-09-14T23:35:49.795	processor:50020	tx	90 50 02 FF	reply		
2026-09-14T23:35:49.804	processor:50020	rx	81 09 04 33 FF	inquiry	Backlight	
2026-09-14T23:35:49.804	processor:50020	tx	90 50 03 FF	reply		
2026-09-14T23:35:49.813	processor:50020	rx	81 09 04 62 FF	inquiry	FreezeFrame	
2026-09-14T23:35:49.813	processor:50020	tx	90 50 03 FF	reply		
2026-09-14T23:35:52.845	processor:50020	rx	81 09 04 00 FF	inquiry	Power	
2026-09-14T23:35:52.845	processor:50020	tx	90 50 02 FF	reply		
2026-09-14T23:35:52.858	processor:50020	rx	81 09 08 01 FF	inquiry	TrackingFraming	
2026-09-14T23:35:52.858	processor:50020	tx	90 50 03 FF	reply		
2026-09-14T23:35:52.868	processor:50020	rx	81 09 04 39 FF	inquiry	AutoExposure	
2026-09-14T23:35:52.868	processor:50020	tx	90 50 00 FF	reply		
2026-09-14T23:35:52.878	processor:50020	rx	81 09 04 35 FF	inquiry	WhiteBalance	
2026-09-14T23:35:52.878	processor:50020	tx	90 50 00 FF	reply		
2026-09-14T23:35:52.888	processor:50020	rx	81 09 04 38 FF	inquiry	AutoFocus	
2026-09-14T23:35:52.888	processor:50020	tx	90 50 02 FF	reply		
2026-09-14T23:35:52.900	processor:50020	rx	81 09 04 33 FF	inquiry	Backlight	
2026-09-14T23:35:52.900	processor:50020	tx	90 50 03 FF	reply		
2026-09-14T23:35:52.909	processor:50020	rx	81 09 04 62 FF	inquiry	FreezeFrame	
2026-09-14T23:35:52.910	processor:50020	tx	90 50 03 FF	reply		
2026-09-14T23:35:55.929	processor:50020	rx	81 09 04 00 FF	inquiry	Power	
2026-09-14T23:35:55.929	processor:50020	tx	90 50 02 FF	reply		
2026-09-14T23:35:55.946	processor:50020	rx	81 09 08 01 FF	inquiry	TrackingFraming	
2026-09-14T23:35:55.946	processor:50020	tx	90 50 03 FF	reply		
2026-09-14T23:35:55.974	processor:50020	rx	81 09 04 39 FF	inquiry	AutoExposure	
2026-09-14T23:35:55.974	processor:50020	tx	90 50 00 FF	reply		
2026-09-14T23:35:55.980	processor:50020	rx	81 09 04 35 FF	inquiry	WhiteBalance	
2026-09-14T23:35:55.980	processor:50020	tx	90 50 00 FF	reply		
2026-09-14T23:35:55.989	processor:50020	rx	81 09 04 38 FF	inquiry	AutoFocus	
2026-09-14T23:35:55.989	processor:50020	tx	90 50 02 FF	reply		
2026-09-14T23:35:56.006	processor:50020	rx	81 09 04 33 FF	inquiry	Backlight	
2026-09-14T23:35:56.006	processor:50020	tx	90 50 03 FF	reply		
2026-09-14T23:35:56.014	processor:50020	rx	81 09 04 62 FF	inquiry	FreezeFrame	
2026-09-14T23:35:56.014	processor:50020	tx	90 50 03 FF	reply		
2026-09-14T23:35:58.995	processor:50020	rx	81 09 04 00 FF	inquiry	Power	
2026-09-14T23:35:58.995	processor:50020	tx	90 50 02 FF	reply		
2026-09-14T23:35:59.004	processor:50020	rx	81 09 08 01 FF	inquiry	TrackingFraming	
2026-09-14T23:35:59.004	processor:50020	tx	90 50 03 FF	reply		
2026-09-14T23:35:59.021	processor:50020	rx	81 09 04 39 FF	inquiry	AutoExposure	
2026-09-14T23:35:59.022	processor:50020	tx	90 50 00 FF	reply		
2026-09-14T23:35:59.026	processor:50020	rx	81 09 04 35 FF	inquiry	WhiteBalance	
2026-09-14T23:35:59.032	processor:50020	tx	90 50 00 FF	reply		
2026-09-14T23:35:59.041	processor:50020	rx	81 09 04 38 FF	inquiry	AutoFocus	
2026-09-14T23:35:59.041	processor:50020	tx	90 50 02 FF	reply		
2026-09-14T23:35:59.051	processor:50020	rx	81 09 04 33 FF	inquiry	Backlight	
2026-09-14T23:35:59.053	processor:50020	tx	90 50 03 FF	reply		
2026-09-14T23:35:59.061	processor:50020	rx	81 09 04 62 FF	inquiry	FreezeFrame	
2026-09-14T23:35:59.063	processor:50020	tx	90 50 03 FF	reply		
2026-09-14T23:36:02.064	processor:50020	rx	81 09 04 00 FF	inquiry	Power	
2026-09-14T23:36:02.064	processor:50020	tx	90 50 02 FF	reply		
2026-09-14T23:36:02.068	processor:50020	rx	81 09 08 01 FF	inquiry	TrackingFraming	
2026-09-14T23:36:02.068	processor:50020	tx	90 50 03 FF	reply		
2026-09-14T23:36:02.085	processor:50020	rx	81 09 04 39 FF	inquiry	AutoExposure	
2026-09-14T23:36:02.085	processor:50020	tx	90 50 00 FF	reply		
2026-09-14T23:36:02.094	processor:50020	rx	81 09 04 35 FF	inquiry	WhiteBalance	
2026-09-14T23:36:02.094	processor:50020	tx	90 50 00 FF	reply		
2026-09-14T23:36:02.102	processor:50020	rx	81 09 04 38 FF	inquiry	AutoFocus	
2026-09-14T23:36:02.102	processor:50020	tx	90 50 02 FF	reply		
2026-09-14T23:36:02.114	processor:50020	rx	81 09 04 33 FF	inquiry	Backlight	
2026-09-14T23:36:02.114	processor:50020	tx	90 50 03 FF	reply		
2026-09-14T23:36:02.119	processor:50020	rx	81 09 04 62 FF	inquiry	FreezeFrame	
2026-09-14T23:36:02.126	processor:50020	tx	90 50 03 FF	reply		
2026-09-14T23:36:05.133	processor:50020	rx	81 09 04 00 FF	inquiry	Power	
2026-09-14T23:36:05.135	processor:50020	tx	90 50 02 FF	reply		
2026-09-14T23:36:05.139	processor:50020	rx	81 09 08 01 FF	inquiry	TrackingFraming	
2026-09-14T23:36:05.139	processor:50020	tx	90 50 03 FF	reply		
2026-09-14T23:36:05.156	processor:50020	rx	81 09 04 39 FF	inquiry	AutoExposure	
2026-09-14T23:36:05.156	processor:50020	tx	90 50 00 FF	reply		
2026-09-14T23:36:05.166	processor:50020	rx	81 09 04 35 FF	inquiry	WhiteBalance	
2026-09-14T23:36:05.166	processor:50020	tx	90 50 00 FF	reply		
2026-09-14T23:36:05.176	processor:50020	rx	81 09 04 38 FF	inquiry	AutoFocus	
2026-09-14T23:36:05.176	processor:50020	tx	90 50 02 FF	reply		
2026-09-14T23:36:05.186	processor:50020	rx	81 09 04 33 FF	inquiry	Backlight	
2026-09-14T23:36:05.186	processor:50020	tx	90 50 03 FF	reply		
2026-09-14T23:36:05.197	processor:50020	rx	81 09 04 62 FF	inquiry	FreezeFrame	
2026-09-14T23:36:05.197	processor:50020	tx	90 50 03 FF	reply		
2026-09-14T23:36:08.205	processor:50020	rx	81 09 04 00 FF	inquiry	Power	
2026-09-14T23:36:08.205	processor:50020	tx	90 50 02 FF	reply		
2026-09-14T23:36:08.221	processor:50020	rx	81 09 08 01 FF	inquiry	TrackingFraming	
2026-09-14T23:36:08.221	processor:50020	tx	90 50 03 FF	reply		
2026-09-14T23:36:08.223	processor:50020	rx	81 09 04 39 FF	inquiry	AutoExposure	
2026-09-14T23:36:08.223	processor:50020	tx	90 50 00 FF	reply		
2026-09-14T23:36:08.237	processor:50020	rx	81 09 04 35 FF	inquiry	WhiteBalance	
2026-09-14T23:36:08.237	processor:50020	tx	90 50 00 FF	reply		
2026-09-14T23:36:08.251	processor:50020	rx	81 09 04 38 FF	inquiry	AutoFocus	
2026-09-14T23:36:08.251	processor:50020	tx	90 50 02 FF	reply		
2026-09-14T23:36:08.260	processor:50020	rx	81 09 04 33 FF	inquiry	Backlight	
2026-09-14T23:36:08.260	processor:50020	tx	90 50 03 FF	reply		
2026-09-14T23:36:08.269	processor:50020	rx	81 09 04 62 FF	inquiry	FreezeFrame	
2026-09-14T23:36:08.269	processor:50020	tx	90 50 03 FF	reply		
2026-09-14T23:36:11.285	processor:50020	rx	81 09 04 00 FF	inquiry	Power	
2026-09-14T23:36:11.286	processor:50020	tx	90 50 02 FF	reply		
2026-09-14T23:36:11.299	processor:50020	rx	81 09 08 01 FF	inquiry	TrackingFraming	
2026-09-14T23:36:11.299	processor:50020	tx	90 50 03 FF	reply		
2026-09-14T23:36:11.308	processor:50020	rx	81 09 04 39 FF	inquiry	AutoExposure	
2026-09-14T23:36:11.308	processor:50020	tx	90 50 00 FF	reply		
2026-09-14T23:36:11.319	processor:50020	rx	81 09 04 35 FF	inquiry	WhiteBalance	
2026-09-14T23:36:11.319	processor:50020	tx	90 50 00 FF	reply		
2026-09-14T23:36:11.328	processor:50020	rx	81 09 04 38 FF	inquiry	AutoFocus	
2026-09-14T23:36:11.328	processor:50020	tx	90 50 02 FF	reply		
2026-09-14T23:36:11.338	processor:50020	rx	81 09 04 33 FF	inquiry	Backlight	
2026-09-14T23:36:11.339	processor:50020	tx	90 50 03 FF	reply		
2026-09-14T23:36:11.349	processor:50020	rx	81 09 04 62 FF	inquiry	FreezeFrame	
2026-09-14T23:36:11.350	processor:50020	tx	90 50 03 FF	reply		
2026-09-14T23:36:14.346	processor:50020	rx	81 09 04 00 FF	inquiry	Power	
2026-09-14T23:36:14.346	processor:50020	tx	90 50 02 FF	reply		
2026-09-14T23:36:14.363	processor:50020	rx	81 09 08 01 FF	inquiry	TrackingFraming	
2026-09-14T23:36:14.363	processor:50020	tx	90 50 03 FF	reply		
2026-09-14T23:36:14.374	processor:50020	rx	81 09 04 39 FF	inquiry	AutoExposure	
2026-09-14T23:36:14.374	processor:50020	tx	90 50 00 FF	reply		
2026-09-14T23:36:14.381	processor:50020	rx	81 09 04 35 FF	inquiry	WhiteBalance	
2026-09-14T23:36:14.381	processor:50020	tx	90 50 00 FF	reply		
2026-09-14T23:36:14.394	processor:50020	rx	81 09 04 38 FF	inquiry	AutoFocus	
2026-09-14T23:36:14.394	processor:50020	tx	90 50 02 FF	reply		
2026-09-14T23:36:14.395	processor:50020	rx	81 09 04 33 FF	inquiry	Backlight	
2026-09-14T23:36:14.395	processor:50020	tx	90 50 03 FF	reply		
2026-09-14T23:36:14.412	processor:50020	rx	81 09 04 62 FF	inquiry	FreezeFrame	
2026-09-14T23:36:14.412	processor:50020	tx	90 50 03 FF	reply		
2026-09-14T23:36:17.427	processor:50020	rx	81 09 04 00 FF	inquiry	Power	
2026-09-14T23:36:17.427	processor:50020	tx	90 50 02 FF	reply		
2026-09-14T23:36:17.441	processor:50020	rx	81 09 08 01 FF	inquiry	TrackingFraming	
2026-09-14T23:36:17.441	processor:50020	tx	90 50 03 FF	reply		
2026-09-14T23:36:17.444	processor:50020	rx	81 09 04 39 FF	inquiry	AutoExposure	
2026-09-14T23:36:17.444	processor:50020	tx	90 50 00 FF	reply		
2026-09-14T23:36:17.461	processor:50020	rx	81 09 04 35 FF	inquiry	WhiteBalance	
2026-09-14T23:36:17.461	processor:50020	tx	90 50 00 FF	reply		
2026-09-14T23:36:17.461	processor:50020	rx	81 09 04 38 FF	inquiry	AutoFocus	
2026-09-14T23:36:17.461	processor:50020	tx	90 50 02 FF	reply		
2026-09-14T23:36:17.478	processor:50020	rx	81 09 04 33 FF	inquiry	Backlight	
2026-09-14T23:36:17.478	processor:50020	tx	90 50 03 FF	reply		
2026-09-14T23:36:17.490	processor:50020	rx	81 09 04 62 FF	inquiry	FreezeFrame	
2026-09-14T23:36:17.490	processor:50020	tx	90 50 03 FF	reply		
2026-09-14T23:36:20.492	processor:50020	rx	81 09 04 00 FF	inquiry	Power	
2026-09-14T23:36:20.492	processor:50020	tx	90 50 02 FF	reply		
2026-09-14T23:36:20.519	processor:50020	rx	81 09 08 01 FF	inquiry	TrackingFraming	
2026-09-14T23:36:20.519	processor:50020	tx	90 50 03 FF	reply		
2026-09-14T23:36:20.551	processor:50020	rx	81 09 04 39 FF	inquiry	AutoExposure	
2026-09-14T23:36:20.551	processor:50020	tx	90 50 00 FF	reply		
2026-09-14T23:36:20.567	processor:50020	rx	81 09 04 35 FF	inquiry	WhiteBalance	
2026-09-14T23:36:20.567	processor:50020	tx	90 50 00 FF	reply		
2026-09-14T23:36:20.589	processor:50020	rx	81 09 04 38 FF	inquiry	AutoFocus	
2026-09-14T23:36:20.589	processor:50020	tx	90 50 02 FF	reply		
2026-09-14T23:36:20.616	processor:50020	rx	81 09 04 33 FF	inquiry	Backlight	
2026-09-14T23:36:20.616	processor:50020	tx	90 50 03 FF	reply		
2026-09-14T23:36:20.626	processor:50020	rx	81 09 04 62 FF	inquiry	FreezeFrame	
2026-09-14T23:36:20.626	processor:50020	tx	90 50 03 FF	reply		
2026-09-14T23:36:23.600	processor:50020	rx	81 09 04 00 FF	inquiry	Power	
2026-09-14T23:36:23.601	processor:50020	tx	90 50 02 FF	reply		
2026-09-14T23:36:23.613	processor:50020	rx	81 09 08 01 FF	inquiry	TrackingFraming	
2026-09-14T23:36:23.613	processor:50020	tx	90 50 03 FF	reply		
2026-09-14T23:36:23.623	processor:50020	rx	81 09 04 39 FF	inquiry	AutoExposure	
2026-09-14T23:36:23.623	processor:50020	tx	90 50 00 FF	reply		
2026-09-14T23:36:23.632	processor:50020	rx	81 09 04 35 FF	inquiry	WhiteBalance	
2026-09-14T23:36:23.632	processor:50020	tx	90 50 00 FF	reply		
2026-09-14T23:36:23.642	processor:50020	rx	81 09 04 38 FF	inquiry	AutoFocus	
2026-09-14T23:36:23.642	processor:50020	tx	90 50 02 FF	reply		
2026-09-14T23:36:23.652	processor:50020	rx	81 09 04 33 FF	inquiry	Backlight	
2026-09-14T23:36:23.653	processor:50020	tx	90 50 03 FF	reply		
2026-09-14T23:36:23.658	processor:50020	rx	81 09 04 62 FF	inquiry	FreezeFrame	
2026-09-14T23:36:23.658	processor:50020	tx	90 50 03 FF	reply		
2026-09-14T23:36:26.668	processor:50020	rx	81 09 04 00 FF	inquiry	Power	
2026-09-14T23:36:26.677	processor:50020	tx	90 50 02 FF	reply		
2026-09-14T23:36:26.688	processor:50020	rx	81 09 08 01 FF	inquiry	TrackingFraming	
2026-09-14T23:36:26.688	processor:50020	tx	90 50 03 FF	reply		
2026-09-14T23:36:26.702	processor:50020	rx	81 09 04 39 FF	inquiry	AutoExposure	
2026-09-14T23:36:26.703	processor:50020	tx	90 50 00 FF	reply		
2026-09-14T23:36:26.711	processor:50020	rx	81 09 04 35 FF	inquiry	WhiteBalance	
2026-09-14T23:36:26.711	processor:50020	tx	90 50 00 FF	reply		
2026-09-14T23:36:26.720	processor:50020	rx	81 09 04 38 FF	inquiry	AutoFocus	
2026-09-14T23:36:26.720	processor:50020	tx	90 50 02 FF	reply		
2026-09-14T23:36:26.725	processor:50020	rx	81 09 04 33 FF	inquiry	Backlight	
2026-09-14T23:36:26.725	processor:50020	tx	90 50 03 FF	reply		
2026-09-14T23:36:26.741	processor:50020	rx	81 09 04 62 FF	inquiry	FreezeFrame	
2026-09-14T23:36:26.741	processor:50020	tx	90 50 03 FF	reply		
2026-09-14T23:36:29.751	processor:50020	rx	81 09 04 00 FF	inquiry	Power	
2026-09-14T23:36:29.751	processor:50020	tx	90 50 02 FF	reply		
2026-09-14T23:36:29.767	processor:50020	rx	81 09 08 01 FF	inquiry	TrackingFraming	
2026-09-14T23:36:29.767	processor:50020	tx	90 50 03 FF	reply		
2026-09-14T23:36:29.767	processor:50020	rx	81 09 04 39 FF	inquiry	AutoExposure	
2026-09-14T23:36:29.767	processor:50020	tx	90 50 00 FF	reply		
2026-09-14T23:36:29.782	processor:50020	rx	81 09 04 35 FF	inquiry	WhiteBalance	
2026-09-14T23:36:29.782	processor:50020	tx	90 50 00 FF	reply		
2026-09-14T23:36:29.799	processor:50020	rx	81 09 04 38 FF	inquiry	AutoFocus	
2026-09-14T23:36:29.799	processor:50020	tx	90 50 02 FF	reply		
2026-09-14T23:36:29.799	processor:50020	rx	81 09 04 33 FF	inquiry	Backlight	
2026-09-14T23:36:29.799	processor:50020	tx	90 50 03 FF	reply		
2026-09-14T23:36:29.822	processor:50020	rx	81 09 04 62 FF	inquiry	FreezeFrame	
2026-09-14T23:36:29.822	processor:50020	tx	90 50 03 FF	reply		
2026-09-14T23:36:33.086	processor:50020	rx	81 09 04 00 FF	inquiry	Power	
2026-09-14T23:36:33.086	processor:50020	tx	90 50 02 FF	reply		
2026-09-14T23:36:33.113	processor:50020	rx	81 09 08 01 FF	inquiry	TrackingFraming	
2026-09-14T23:36:33.113	processor:50020	tx	90 50 03 FF	reply		
2026-09-14T23:36:33.134	processor:50020	rx	81 09 04 39 FF	inquiry	AutoExposure	
2026-09-14T23:36:33.134	processor:50020	tx	90 50 00 FF	reply		
2026-09-14T23:36:33.144	processor:50020	rx	81 09 04 35 FF	inquiry	WhiteBalance	
2026-09-14T23:36:33.144	processor:50020	tx	90 50 00 FF	reply		
2026-09-14T23:36:33.174	processor:50020	rx	81 09 04 38 FF	inquiry	AutoFocus	
2026-09-14T23:36:33.174	processor:50020	tx	90 50 02 FF	reply		
2026-09-14T23:36:33.174	processor:50020	rx	81 09 04 33 FF	inquiry	Backlight	
2026-09-14T23:36:33.174	processor:50020	tx	90 50 03 FF	reply		
2026-09-14T23:36:33.194	processor:50020	rx	81 09 04 62 FF	inquiry	FreezeFrame	
2026-09-14T23:36:33.194	processor:50020	tx	90 50 03 FF	reply		
2026-09-14T23:36:36.226	processor:50020	rx	81 09 04 00 FF	inquiry	Power	
2026-09-14T23:36:36.226	processor:50020	tx	90 50 02 FF	reply		
2026-09-14T23:36:36.243	processor:50020	rx	81 09 08 01 FF	inquiry	TrackingFraming	
2026-09-14T23:36:36.243	processor:50020	tx	90 50 03 FF	reply		
2026-09-14T23:36:36.253	processor:50020	rx	81 09 04 39 FF	inquiry	AutoExposure	
2026-09-14T23:36:36.253	processor:50020	tx	90 50 00 FF	reply		
2026-09-14T23:36:36.260	processor:50020	rx	81 09 04 35 FF	inquiry	WhiteBalance	
2026-09-14T23:36:36.263	processor:50020	tx	90 50 00 FF	reply		
2026-09-14T23:36:36.270	processor:50020	rx	81 09 04 38 FF	inquiry	AutoFocus	
2026-09-14T23:36:36.270	processor:50020	tx	90 50 02 FF	reply		
2026-09-14T23:36:36.278	processor:50020	rx	81 09 04 33 FF	inquiry	Backlight	
2026-09-14T23:36:36.278	processor:50020	tx	90 50 03 FF	reply		
2026-09-14T23:36:36.290	processor:50020	rx	81 09 04 62 FF	inquiry	FreezeFrame	
2026-09-14T23:36:36.290	processor:50020	tx	90 50 03 FF	reply		
2026-09-14T23:36:39.313	processor:50020	rx	81 09 04 00 FF	inquiry	Power	
2026-09-14T23:36:39.313	processor:50020	tx	90 50 02 FF	reply		
2026-09-14T23:36:39.328	processor:50020	rx	81 09 08 01 FF	inquiry	TrackingFraming	
2026-09-14T23:36:39.328	processor:50020	tx	90 50 03 FF	reply		
2026-09-14T23:36:39.336	processor:50020	rx	81 09 04 39 FF	inquiry	AutoExposure	
2026-09-14T23:36:39.338	processor:50020	tx	90 50 00 FF	reply		
2026-09-14T23:36:39.347	processor:50020	rx	81 09 04 35 FF	inquiry	WhiteBalance	
2026-09-14T23:36:39.347	processor:50020	tx	90 50 00 FF	reply		
2026-09-14T23:36:39.357	processor:50020	rx	81 09 04 38 FF	inquiry	AutoFocus	
2026-09-14T23:36:39.357	processor:50020	tx	90 50 02 FF	reply		
2026-09-14T23:36:39.365	processor:50020	rx	81 09 04 33 FF	inquiry	Backlight	
2026-09-14T23:36:39.367	processor:50020	tx	90 50 03 FF	reply		
2026-09-14T23:36:39.379	processor:50020	rx	81 09 04 62 FF	inquiry	FreezeFrame	
2026-09-14T23:36:39.381	processor:50020	tx	90 50 03 FF	reply		
2026-09-14T23:36:42.387	processor:50020	rx	81 09 04 00 FF	inquiry	Power	
2026-09-14T23:36:42.387	processor:50020	tx	90 50 02 FF	reply		
2026-09-14T23:36:42.404	processor:50020	rx	81 09 08 01 FF	inquiry	TrackingFraming	
2026-09-14T23:36:42.404	processor:50020	tx	90 50 03 FF	reply		
2026-09-14T23:36:42.407	processor:50020	rx	81 09 04 39 FF	inquiry	AutoExposure	
2026-09-14T23:36:42.407	processor:50020	tx	90 50 00 FF	reply		
2026-09-14T23:36:42.421	processor:50020	rx	81 09 04 35 FF	inquiry	WhiteBalance	
2026-09-14T23:36:42.421	processor:50020	tx	90 50 00 FF	reply		
2026-09-14T23:36:42.434	processor:50020	rx	81 09 04 38 FF	inquiry	AutoFocus	
2026-09-14T23:36:42.434	processor:50020	tx	90 50 02 FF	reply		
2026-09-14T23:36:42.438	processor:50020	rx	81 09 04 33 FF	inquiry	Backlight	
2026-09-14T23:36:42.438	processor:50020	tx	90 50 03 FF	reply		
2026-09-14T23:36:42.455	processor:50020	rx	81 09 04 62 FF	inquiry	FreezeFrame	
2026-09-14T23:36:42.455	processor:50020	tx	90 50 03 FF	reply		
2026-09-14T23:36:45.461	processor:50020	rx	81 09 04 00 FF	inquiry	Power	
2026-09-14T23:36:45.461	processor:50020	tx	90 50 02 FF	reply		
2026-09-14T23:36:45.469	processor:50020	rx	81 09 08 01 FF	inquiry	TrackingFraming	
2026-09-14T23:36:45.469	processor:50020	tx	90 50 03 FF	reply		
2026-09-14T23:36:45.477	processor:50020	rx	81 09 04 39 FF	inquiry	AutoExposure	
2026-09-14T23:36:45.477	processor:50020	tx	90 50 00 FF	reply		
2026-09-14T23:36:45.493	processor:50020	rx	81 09 04 35 FF	inquiry	WhiteBalance	
2026-09-14T23:36:45.494	processor:50020	tx	90 50 00 FF	reply		
2026-09-14T23:36:45.503	processor:50020	rx	81 09 04 38 FF	inquiry	AutoFocus	
2026-09-14T23:36:45.503	processor:50020	tx	90 50 02 FF	reply		
2026-09-14T23:36:45.509	processor:50020	rx	81 09 04 33 FF	inquiry	Backlight	
2026-09-14T23:36:45.509	processor:50020	tx	90 50 03 FF	reply		
2026-09-14T23:36:45.520	processor:50020	rx	81 09 04 62 FF	inquiry	FreezeFrame	
2026-09-14T23:36:45.520	processor:50020	tx	90 50 03 FF	reply		
2026-09-14T23:36:48.530	processor:50020	rx	81 09 04 00 FF	inquiry	Power	
2026-09-14T23:36:48.530	processor:50020	tx	90 50 02 FF	reply		
2026-09-14T23:36:48.549	processor:50020	rx	81 09 08 01 FF	inquiry	TrackingFraming	
2026-09-14T23:36:48.549	processor:50020	tx	90 50 03 FF	reply		
2026-09-14T23:36:48.578	processor:50020	rx	81 09 04 39 FF	inquiry	AutoExposure	
2026-09-14T23:36:48.578	processor:50020	tx	90 50 00 FF	reply		
2026-09-14T23:36:48.599	processor:50020	rx	81 09 04 35 FF	inquiry	WhiteBalance	
2026-09-14T23:36:48.599	processor:50020	tx	90 50 00 FF	reply		
2026-09-14T23:36:48.618	processor:50020	rx	81 09 04 38 FF	inquiry	AutoFocus	
2026-09-14T23:36:48.618	processor:50020	tx	90 50 02 FF	reply		
2026-09-14T23:36:48.627	processor:50020	rx	81 09 04 33 FF	inquiry	Backlight	
2026-09-14T23:36:48.627	processor:50020	tx	90 50 03 FF	reply		
2026-09-14T23:36:48.633	processor:50020	rx	81 09 04 62 FF	inquiry	FreezeFrame	
2026-09-14T23:36:48.633	processor:50020	tx	90 50 03 FF	reply		
2026-09-14T23:36:51.598	processor:50020	rx	81 09 04 00 FF	inquiry	Power	
2026-09-14T23:36:51.598	processor:50020	tx	90 50 02 FF	reply		
2026-09-14T23:36:51.617	processor:50020	rx	81 09 08 01 FF	inquiry	TrackingFraming	
2026-09-14T23:36:51.617	processor:50020	tx	90 50 03 FF	reply		
2026-09-14T23:36:51.629	processor:50020	rx	81 09 04 39 FF	inquiry	AutoExposure	
2026-09-14T23:36:51.629	processor:50020	tx	90 50 00 FF	reply		
2026-09-14T23:36:51.637	processor:50020	rx	81 09 04 35 FF	inquiry	WhiteBalance	
2026-09-14T23:36:51.637	processor:50020	tx	90 50 00 FF	reply		
2026-09-14T23:36:51.646	processor:50020	rx	81 09 04 38 FF	inquiry	AutoFocus	
2026-09-14T23:36:51.646	processor:50020	tx	90 50 02 FF	reply		
2026-09-14T23:36:51.658	processor:50020	rx	81 09 04 33 FF	inquiry	Backlight	
2026-09-14T23:36:51.658	processor:50020	tx	90 50 03 FF	reply		
2026-09-14T23:36:51.663	processor:50020	rx	81 09 04 62 FF	inquiry	FreezeFrame	
2026-09-14T23:36:51.663	processor:50020	tx	90 50 03 FF	reply		
2026-09-14T23:36:54.682	processor:50020	rx	81 09 04 00 FF	inquiry	Power	
2026-09-14T23:36:54.682	processor:50020	tx	90 50 02 FF	reply		
2026-09-14T23:36:54.689	processor:50020	rx	81 09 08 01 FF	inquiry	TrackingFraming	
2026-09-14T23:36:54.689	processor:50020	tx	90 50 03 FF	reply		
2026-09-14T23:36:54.703	processor:50020	rx	81 09 04 39 FF	inquiry	AutoExposure	
2026-09-14T23:36:54.703	processor:50020	tx	90 50 00 FF	reply		
2026-09-14T23:36:54.716	processor:50020	rx	81 09 04 35 FF	inquiry	WhiteBalance	
2026-09-14T23:36:54.716	processor:50020	tx	90 50 00 FF	reply		
2026-09-14T23:36:54.721	processor:50020	rx	81 09 04 38 FF	inquiry	AutoFocus	
2026-09-14T23:36:54.721	processor:50020	tx	90 50 02 FF	reply		
2026-09-14T23:36:54.736	processor:50020	rx	81 09 04 33 FF	inquiry	Backlight	
2026-09-14T23:36:54.737	processor:50020	tx	90 50 03 FF	reply		
2026-09-14T23:36:54.737	processor:50020	rx	81 09 04 62 FF	inquiry	FreezeFrame	
2026-09-14T23:36:54.737	processor:50020	tx	90 50 03 FF	reply		
2026-09-14T23:36:57.753	processor:50020	rx	81 09 04 00 FF	inquiry	Power	
2026-09-14T23:36:57.753	processor:50020	tx	90 50 02 FF	reply		
2026-09-14T23:36:57.766	processor:50020	rx	81 09 08 01 FF	inquiry	TrackingFraming	
2026-09-14T23:36:57.766	processor:50020	tx	90 50 03 FF	reply		
2026-09-14T23:36:57.779	processor:50020	rx	81 09 04 39 FF	inquiry	AutoExposure	
2026-09-14T23:36:57.779	processor:50020	tx	90 50 00 FF	reply		
2026-09-14T23:36:57.788	processor:50020	rx	81 09 04 35 FF	inquiry	WhiteBalance	
2026-09-14T23:36:57.788	processor:50020	tx	90 50 00 FF	reply		
2026-09-14T23:36:57.800	processor:50020	rx	81 09 04 38 FF	inquiry	AutoFocus	
2026-09-14T23:36:57.800	processor:50020	tx	90 50 02 FF	reply		
2026-09-14T23:36:57.810	processor:50020	rx	81 09 04 33 FF	inquiry	Backlight	
2026-09-14T23:36:57.810	processor:50020	tx	90 50 03 FF	reply		
2026-09-14T23:36:57.817	processor:50020	rx	81 09 04 62 FF	inquiry	FreezeFrame	
2026-09-14T23:36:57.817	processor:50020	tx	90 50 03 FF	reply		
2026-09-14T23:37:00.816	processor:50020	rx	81 09 04 00 FF	inquiry	Power	
2026-09-14T23:37:00.816	processor:50020	tx	90 50 02 FF	reply		
2026-09-14T23:37:00.833	processor:50020	rx	81 09 08 01 FF	inquiry	TrackingFraming	
2026-09-14T23:37:00.833	processor:50020	tx	90 50 03 FF	reply		
2026-09-14T23:37:00.849	processor:50020	rx	81 09 04 39 FF	inquiry	AutoExposure	
2026-09-14T23:37:00.849	processor:50020	tx	90 50 00 FF	reply		
2026-09-14T23:37:00.858	processor:50020	rx	81 09 04 35 FF	inquiry	WhiteBalance	
2026-09-14T23:37:00.860	processor:50020	tx	90 50 00 FF	reply		
2026-09-14T23:37:00.866	processor:50020	rx	81 09 04 38 FF	inquiry	AutoFocus	
2026-09-14T23:37:00.866	processor:50020	tx	90 50 02 FF	reply		
2026-09-14T23:37:00.879	processor:50020	rx	81 09 04 33 FF	inquiry	Backlight	
2026-09-14T23:37:00.879	processor:50020	tx	90 50 03 FF	reply		
2026-09-14T23:37:00.883	processor:50020	rx	81 09 04 62 FF	inquiry	FreezeFrame	
2026-09-14T23:37:00.883	processor:50020	tx	90 50 03 FF	reply		
2026-09-14T23:37:03.900	processor:50020	rx	81 09 04 00 FF	inquiry	Power	
2026-09-14T23:37:03.900	processor:50020	tx	90 50 02 FF	reply		
2026-09-14T23:37:03.907	processor:50020	rx	81 09 08 01 FF	inquiry	TrackingFraming	
2026-09-14T23:37:03.907	processor:50020	tx	90 50 03 FF	reply		
2026-09-14T23:37:03.920	processor:50020	rx	81 09 04 39 FF	inquiry	AutoExposure	
2026-09-14T23:37:03.920	processor:50020	tx	90 50 00 FF	reply		
2026-09-14T23:37:03.936	processor:50020	rx	81 09 04 35 FF	inquiry	WhiteBalance	
2026-09-14T23:37:03.936	processor:50020	tx	90 50 00 FF	reply		
2026-09-14T23:37:03.938	processor:50020	rx	81 09 04 38 FF	inquiry	AutoFocus	
2026-09-14T23:37:03.938	processor:50020	tx	90 50 02 FF	reply		
2026-09-14T23:37:03.951	processor:50020	rx	81 09 04 33 FF	inquiry	Backlight	
2026-09-14T23:37:03.951	processor:50020	tx	90 50 03 FF	reply		
2026-09-14T23:37:03.951	processor:50020	rx	81 09 04 62 FF	inquiry	FreezeFrame	
2026-09-14T23:37:03.951	processor:50020	tx	90 50 03 FF	reply		
2026-09-14T23:37:06.972	processor:50020	rx	81 09 04 00 FF	inquiry	Power	
2026-09-14T23:37:06.972	processor:50020	tx	90 50 02 FF	reply		
2026-09-14T23:37:06.981	processor:50020	rx	81 09 08 01 FF	inquiry	TrackingFraming	
2026-09-14T23:37:06.981	processor:50020	tx	90 50 03 FF	reply		
2026-09-14T23:37:06.994	processor:50020	rx	81 09 04 39 FF	inquiry	AutoExposure	
2026-09-14T23:37:06.994	processor:50020	tx	90 50 00 FF	reply		
2026-09-14T23:37:07.004	processor:50020	rx	81 09 04 35 FF	inquiry	WhiteBalance	
2026-09-14T23:37:07.004	processor:50020	tx	90 50 00 FF	reply		
2026-09-14T23:37:07.009	processor:50020	rx	81 09 04 38 FF	inquiry	AutoFocus	
2026-09-14T23:37:07.009	processor:50020	tx	90 50 02 FF	reply		
2026-09-14T23:37:07.026	processor:50020	rx	81 09 04 33 FF	inquiry	Backlight	
2026-09-14T23:37:07.026	processor:50020	tx	90 50 03 FF	reply		
2026-09-14T23:37:07.032	processor:50020	rx	81 09 04 62 FF	inquiry	FreezeFrame	
2026-09-14T23:37:07.032	processor:50020	tx	90 50 03 FF	reply		
2026-09-14T23:37:10.048	processor:50020	rx	81 09 04 00 FF	inquiry	Power	
2026-09-14T23:37:10.048	processor:50020	tx	90 50 02 FF	reply		
2026-09-14T23:37:10.063	processor:50020	rx	81 09 08 01 FF	inquiry	TrackingFraming	
2026-09-14T23:37:10.063	processor:50020	tx	90 50 03 FF	reply		
2026-09-14T23:37:10.073	processor:50020	rx	81 09 04 39 FF	inquiry	AutoExposure	
2026-09-14T23:37:10.073	processor:50020	tx	90 50 00 FF	reply		
2026-09-14T23:37:10.077	processor:50020	rx	81 09 04 35 FF	inquiry	WhiteBalance	
2026-09-14T23:37:10.077	processor:50020	tx	90 50 00 FF	reply		
2026-09-14T23:37:10.094	processor:50020	rx	81 09 04 38 FF	inquiry	AutoFocus	
2026-09-14T23:37:10.094	processor:50020	tx	90 50 02 FF	reply		
2026-09-14T23:37:10.094	processor:50020	rx	81 09 04 33 FF	inquiry	Backlight	
2026-09-14T23:37:10.094	processor:50020	tx	90 50 03 FF	reply		
2026-09-14T23:37:10.110	processor:50020	rx	81 09 04 62 FF	inquiry	FreezeFrame	
2026-09-14T23:37:10.114	processor:50020	tx	90 50 03 FF	reply		
2026-09-14T23:37:13.123	processor:50020	rx	81 09 04 00 FF	inquiry	Power	
2026-09-14T23:37:13.123	processor:50020	tx	90 50 02 FF	reply		
2026-09-14T23:37:13.140	processor:50020	rx	81 09 08 01 FF	inquiry	TrackingFraming	
2026-09-14T23:37:13.140	processor:50020	tx	90 50 03 FF	reply		
2026-09-14T23:37:13.151	processor:50020	rx	81 09 04 39 FF	inquiry	AutoExposure	
2026-09-14T23:37:13.153	processor:50020	tx	90 50 00 FF	reply		
2026-09-14T23:37:13.158	processor:50020	rx	81 09 04 35 FF	inquiry	WhiteBalance	
2026-09-14T23:37:13.158	processor:50020	tx	90 50 00 FF	reply		
2026-09-14T23:37:13.178	processor:50020	rx	81 09 04 38 FF	inquiry	AutoFocus	
2026-09-14T23:37:13.178	processor:50020	tx	90 50 02 FF	reply		
2026-09-14T23:37:13.183	processor:50020	rx	81 09 04 33 FF	inquiry	Backlight	
2026-09-14T23:37:13.183	processor:50020	tx	90 50 03 FF	reply		
2026-09-14T23:37:13.197	processor:50020	rx	81 09 04 62 FF	inquiry	FreezeFrame	
2026-09-14T23:37:13.197	processor:50020	tx	90 50 03 FF	reply		
2026-09-14T23:37:16.196	processor:50020	rx	81 09 04 00 FF	inquiry	Power	
2026-09-14T23:37:16.196	processor:50020	tx	90 50 02 FF	reply		
2026-09-14T23:37:16.212	processor:50020	rx	81 09 08 01 FF	inquiry	TrackingFraming	
2026-09-14T23:37:16.214	processor:50020	tx	90 50 03 FF	reply		
2026-09-14T23:37:16.217	processor:50020	rx	81 09 04 39 FF	inquiry	AutoExposure	
2026-09-14T23:37:16.217	processor:50020	tx	90 50 00 FF	reply		
2026-09-14T23:37:16.227	processor:50020	rx	81 09 04 35 FF	inquiry	WhiteBalance	
2026-09-14T23:37:16.227	processor:50020	tx	90 50 00 FF	reply		
2026-09-14T23:37:16.243	processor:50020	rx	81 09 04 38 FF	inquiry	AutoFocus	
2026-09-14T23:37:16.243	processor:50020	tx	90 50 02 FF	reply		
2026-09-14T23:37:16.259	processor:50020	rx	81 09 04 33 FF	inquiry	Backlight	
2026-09-14T23:37:16.259	processor:50020	tx	90 50 03 FF	reply		
2026-09-14T23:37:16.292	processor:50020	rx	81 09 04 62 FF	inquiry	FreezeFrame	
2026-09-14T23:37:16.292	processor:50020	tx	90 50 03 FF	reply		
2026-09-14T23:37:19.307	processor:50020	rx	81 09 04 00 FF	inquiry	Power	
2026-09-14T23:37:19.307	processor:50020	tx	90 50 02 FF	reply		
2026-09-14T23:37:19.319	processor:50020	rx	81 09 08 01 FF	inquiry	TrackingFraming	
2026-09-14T23:37:19.319	processor:50020	tx	90 50 03 FF	reply		
2026-09-14T23:37:19.329	processor:50020	rx	81 09 04 39 FF	inquiry	AutoExposure	
2026-09-14T23:37:19.329	processor:50020	tx	90 50 00 FF	reply		
2026-09-14T23:37:19.341	processor:50020	rx	81 09 04 35 FF	inquiry	WhiteBalance	
2026-09-14T23:37:19.341	processor:50020	tx	90 50 00 FF	reply		
2026-09-14T23:37:19.345	processor:50020	rx	81 09 04 38 FF	inquiry	AutoFocus	
2026-09-14T23:37:19.345	processor:50020	tx	90 50 02 FF	reply		
2026-09-14T23:37:19.361	processor:50020	rx	81 09 04 33 FF	inquiry	Backlight	
2026-09-14T23:37:19.361	processor:50020	tx	90 50 03 FF	reply		
2026-09-14T23:37:19.363	processor:50020	rx	81 09 04 62 FF	inquiry	FreezeFrame	
2026-09-14T23:37:19.363	processor:50020	tx	90 50 03 FF	reply		
2026-09-14T23:37:22.379	processor:50020	rx	81 09 04 00 FF	inquiry	Power	
2026-09-14T23:37:22.379	processor:50020	tx	90 50 02 FF	reply		
2026-09-14T23:37:22.396	processor:50020	rx	81 09 08 01 FF	inquiry	TrackingFraming	
2026-09-14T23:37:22.396	processor:50020	tx	90 50 03 FF	reply		
2026-09-14T23:37:22.404	processor:50020	rx	81 09 04 39 FF	inquiry	AutoExposure	
2026-09-14T23:37:22.404	processor:50020	tx	90 50 00 FF	reply		
2026-09-14T23:37:22.413	processor:50020	rx	81 09 04 35 FF	inquiry	WhiteBalance	
2026-09-14T23:37:22.420	processor:50020	tx	90 50 00 FF	reply		
2026-09-14T23:37:22.420	processor:50020	rx	81 09 04 38 FF	inquiry	AutoFocus	
2026-09-14T23:37:22.420	processor:50020	tx	90 50 02 FF	reply		
2026-09-14T23:37:22.436	processor:50020	rx	81 09 04 33 FF	inquiry	Backlight	
2026-09-14T23:37:22.436	processor:50020	tx	90 50 03 FF	reply		
2026-09-14T23:37:22.447	processor:50020	rx	81 09 04 62 FF	inquiry	FreezeFrame	
2026-09-14T23:37:22.447	processor:50020	tx	90 50 03 FF	reply		
2026-09-14T23:37:25.470	processor:50020	rx	81 09 04 00 FF	inquiry	Power	
2026-09-14T23:37:25.470	processor:50020	tx	90 50 02 FF	reply		
2026-09-14T23:37:25.485	processor:50020	rx	81 09 08 01 FF	inquiry	TrackingFraming	
2026-09-14T23:37:25.485	processor:50020	tx	90 50 03 FF	reply		
2026-09-14T23:37:25.495	processor:50020	rx	81 09 04 39 FF	inquiry	AutoExposure	
2026-09-14T23:37:25.495	processor:50020	tx	90 50 00 FF	reply		
2026-09-14T23:37:25.504	processor:50020	rx	81 09 04 35 FF	inquiry	WhiteBalance	
2026-09-14T23:37:25.504	processor:50020	tx	90 50 00 FF	reply		
2026-09-14T23:37:25.511	processor:50020	rx	81 09 04 38 FF	inquiry	AutoFocus	
2026-09-14T23:37:25.511	processor:50020	tx	90 50 02 FF	reply		
2026-09-14T23:37:25.528	processor:50020	rx	81 09 04 33 FF	inquiry	Backlight	
2026-09-14T23:37:25.528	processor:50020	tx	90 50 03 FF	reply		
2026-09-14T23:37:25.536	processor:50020	rx	81 09 04 62 FF	inquiry	FreezeFrame	
2026-09-14T23:37:25.536	processor:50020	tx	90 50 03 FF	reply		
2026-09-14T23:37:28.524	processor:50020	rx	81 09 04 00 FF	inquiry	Power	
2026-09-14T23:37:28.524	processor:50020	tx	90 50 02 FF	reply		
2026-09-14T23:37:28.541	processor:50020	rx	81 09 08 01 FF	inquiry	TrackingFraming	
2026-09-14T23:37:28.541	processor:50020	tx	90 50 03 FF	reply		
2026-09-14T23:37:28.552	processor:50020	rx	81 09 04 39 FF	inquiry	AutoExposure	
2026-09-14T23:37:28.552	processor:50020	tx	90 50 00 FF	reply		
2026-09-14T23:37:28.566	processor:50020	rx	81 09 04 35 FF	inquiry	WhiteBalance	
2026-09-14T23:37:28.566	processor:50020	tx	90 50 00 FF	reply		
2026-09-14T23:37:28.575	processor:50020	rx	81 09 04 38 FF	inquiry	AutoFocus	
2026-09-14T23:37:28.575	processor:50020	tx	90 50 02 FF	reply		
2026-09-14T23:37:28.585	processor:50020	rx	81 09 04 33 FF	inquiry	Backlight	
2026-09-14T23:37:28.585	processor:50020	tx	90 50 03 FF	reply		
2026-09-14T23:37:28.592	processor:50020	rx	81 09 04 62 FF	inquiry	FreezeFrame	
2026-09-14T23:37:28.592	processor:50020	tx	90 50 03 FF	reply		
2026-09-14T23:37:31.597	processor:50020	rx	81 09 04 00 FF	inquiry	Power	
2026-09-14T23:37:31.597	processor:50020	tx	90 50 02 FF	reply		
2026-09-14T23:37:31.614	processor:50020	rx	81 09 08 01 FF	inquiry	TrackingFraming	
2026-09-14T23:37:31.614	processor:50020	tx	90 50 03 FF	reply		
2026-09-14T23:37:31.614	processor:50020	rx	81 09 04 39 FF	inquiry	AutoExposure	
2026-09-14T23:37:31.614	processor:50020	tx	90 50 00 FF	reply		
2026-09-14T23:37:31.631	processor:50020	rx	81 09 04 35 FF	inquiry	WhiteBalance	
2026-09-14T23:37:31.631	processor:50020	tx	90 50 00 FF	reply		
2026-09-14T23:37:31.644	processor:50020	rx	81 09 04 38 FF	inquiry	AutoFocus	
2026-09-14T23:37:31.646	processor:50020	tx	90 50 02 FF	reply		
2026-09-14T23:37:31.655	processor:50020	rx	81 09 04 33 FF	inquiry	Backlight	
2026-09-14T23:37:31.655	processor:50020	tx	90 50 03 FF	reply		
2026-09-14T23:37:31.665	processor:50020	rx	81 09 04 62 FF	inquiry	FreezeFrame	
2026-09-14T23:37:31.665	processor:50020	tx	90 50 03 FF	reply		
2026-09-14T23:37:34.667	processor:50020	rx	81 09 04 00 FF	inquiry	Power	
2026-09-14T23:37:34.667	processor:50020	tx	90 50 02 FF	reply		
2026-09-14T23:37:34.684	processor:50020	rx	81 09 08 01 FF	inquiry	TrackingFraming	
2026-09-14T23:37:34.684	processor:50020	tx	90 50 03 FF	reply		
2026-09-14T23:37:34.697	processor:50020	rx	81 09 04 39 FF	inquiry	AutoExposure	
2026-09-14T23:37:34.697	processor:50020	tx	90 50 00 FF	reply		
2026-09-14T23:37:34.701	processor:50020	rx	81 09 04 35 FF	inquiry	WhiteBalance	
2026-09-14T23:37:34.701	processor:50020	tx	90 50 00 FF	reply		
2026-09-14T23:37:34.718	processor:50020	rx	81 09 04 38 FF	inquiry	AutoFocus	
2026-09-14T23:37:34.718	processor:50020	tx	90 50 02 FF	reply		
2026-09-14T23:37:34.728	processor:50020	rx	81 09 04 33 FF	inquiry	Backlight	
2026-09-14T23:37:34.728	processor:50020	tx	90 50 03 FF	reply		
2026-09-14T23:37:34.735	processor:50020	rx	81 09 04 62 FF	inquiry	FreezeFrame	
2026-09-14T23:37:34.735	processor:50020	tx	90 50 03 FF	reply		
2026-09-14T23:37:37.718	processor:50020	close				
2026-09-14T23:38:28.976	processor:50066	open				
2026-09-14T23:38:32.595	processor:50066	rx	81 09 04 00 FF	inquiry	Power	
2026-09-14T23:38:32.595	processor:50066	tx	90 50 02 FF	reply		
2026-09-14T23:38:35.688	processor:50066	rx	81 09 04 00 FF	inquiry	Power	
2026-09-14T23:38:35.688	processor:50066	tx	90 50 02 FF	reply		
2026-09-14T23:38:35.713	processor:50066	rx	81 09 08 01 FF	inquiry	TrackingFraming	
2026-09-14T23:38:35.713	processor:50066	tx	90 50 03 FF	reply		
2026-09-14T23:38:35.745	processor:50066	rx	81 09 04 39 FF	inquiry	AutoExposure	
2026-09-14T23:38:35.746	processor:50066	tx	90 50 00 FF	reply		
2026-09-14T23:38:35.768	processor:50066	rx	81 09 04 35 FF	inquiry	WhiteBalance	
2026-09-14T23:38:35.768	processor:50066	tx	90 50 00 FF	reply		
2026-09-14T23:38:35.817	processor:50066	rx	81 09 04 38 FF	inquiry	AutoFocus	
2026-09-14T23:38:35.817	processor:50066	tx	90 50 02 FF	reply		
2026-09-14T23:38:35.847	processor:50066	rx	81 09 04 33 FF	inquiry	Backlight	
2026-09-14T23:38:35.847	processor:50066	tx	90 50 03 FF	reply		
2026-09-14T23:38:35.894	processor:50066	rx	81 09 04 62 FF	inquiry	FreezeFrame	
2026-09-14T23:38:35.894	processor:50066	tx	90 50 03 FF	reply		
2026-09-14T23:38:39.168	processor:50066	rx	81 09 04 00 FF	inquiry	Power	
2026-09-14T23:38:39.168	processor:50066	tx	90 50 02 FF	reply		
2026-09-14T23:38:39.179	processor:50066	rx	81 09 08 01 FF	inquiry	TrackingFraming	
2026-09-14T23:38:39.179	processor:50066	tx	90 50 03 FF	reply		
2026-09-14T23:38:39.192	processor:50066	rx	81 09 04 39 FF	inquiry	AutoExposure	
2026-09-14T23:38:39.192	processor:50066	tx	90 50 00 FF	reply		
2026-09-14T23:38:39.201	processor:50066	rx	81 09 04 35 FF	inquiry	WhiteBalance	
2026-09-14T23:38:39.202	processor:50066	tx	90 50 00 FF	reply		
2026-09-14T23:38:39.212	processor:50066	rx	81 09 04 38 FF	inquiry	AutoFocus	
2026-09-14T23:38:39.212	processor:50066	tx	90 50 02 FF	reply		
2026-09-14T23:38:39.221	processor:50066	rx	81 09 04 33 FF	inquiry	Backlight	
2026-09-14T23:38:39.221	processor:50066	tx	90 50 03 FF	reply		
2026-09-14T23:38:39.230	processor:50066	rx	81 09 04 62 FF	inquiry	FreezeFrame	
2026-09-14T23:38:39.230	processor:50066	tx	90 50 03 FF	reply		
2026-09-14T23:38:42.244	processor:50066	rx	81 09 04 00 FF	inquiry	Power	
2026-09-14T23:38:42.244	processor:50066	tx	90 50 02 FF	reply		
2026-09-14T23:38:42.260	processor:50066	rx	81 09 08 01 FF	inquiry	TrackingFraming	
2026-09-14T23:38:42.261	processor:50066	tx	90 50 03 FF	reply		
2026-09-14T23:38:42.272	processor:50066	rx	81 09 04 39 FF	inquiry	AutoExposure	
2026-09-14T23:38:42.272	processor:50066	tx	90 50 00 FF	reply		
2026-09-14T23:38:42.279	processor:50066	rx	81 09 04 35 FF	inquiry	WhiteBalance	
2026-09-14T23:38:42.282	processor:50066	tx	90 50 00 FF	reply		
2026-09-14T23:38:42.287	processor:50066	rx	81 09 04 38 FF	inquiry	AutoFocus	
2026-09-14T23:38:42.287	processor:50066	tx	90 50 02 FF	reply		
2026-09-14T23:38:42.300	processor:50066	rx	81 09 04 33 FF	inquiry	Backlight	
2026-09-14T23:38:42.300	processor:50066	tx	90 50 03 FF	reply		
2026-09-14T23:38:42.312	processor:50066	rx	81 09 04 62 FF	inquiry	FreezeFrame	
2026-09-14T23:38:42.312	processor:50066	tx	90 50 03 FF	reply		
2026-09-14T23:38:45.401	processor:50066	rx	81 09 04 00 FF	inquiry	Power	
2026-09-14T23:38:45.401	processor:50066	tx	90 50 02 FF	reply		
2026-09-14T23:38:45.411	processor:50066	rx	81 09 08 01 FF	inquiry	TrackingFraming	
2026-09-14T23:38:45.411	processor:50066	tx	90 50 03 FF	reply		
2026-09-14T23:38:45.422	processor:50066	rx	81 09 04 39 FF	inquiry	AutoExposure	
2026-09-14T23:38:45.425	processor:50066	tx	90 50 00 FF	reply		
2026-09-14T23:38:45.433	processor:50066	rx	81 09 04 35 FF	inquiry	WhiteBalance	
2026-09-14T23:38:45.435	processor:50066	tx	90 50 00 FF	reply		
2026-09-14T23:38:45.444	processor:50066	rx	81 09 04 38 FF	inquiry	AutoFocus	
2026-09-14T23:38:45.444	processor:50066	tx	90 50 02 FF	reply		
2026-09-14T23:38:45.454	processor:50066	rx	81 09 04 33 FF	inquiry	Backlight	
2026-09-14T23:38:45.455	processor:50066	tx	90 50 03 FF	reply		
2026-09-14T23:38:45.468	processor:50066	rx	81 09 04 62 FF	inquiry	FreezeFrame	
2026-09-14T23:38:45.468	processor:50066	tx	90 50 03 FF	reply		
2026-09-14T23:38:48.480	processor:50066	rx	81 09 04 00 FF	inquiry	Power	
2026-09-14T23:38:48.480	processor:50066	tx	90 50 02 FF	reply		
2026-09-14T23:38:48.493	processor:50066	rx	81 09 08 01 FF	inquiry	TrackingFraming	
2026-09-14T23:38:48.494	processor:50066	tx	90 50 03 FF	reply		
2026-09-14T23:38:48.524	processor:50066	rx	81 09 04 39 FF	inquiry	AutoExposure	
2026-09-14T23:38:48.524	processor:50066	tx	90 50 00 FF	reply		
2026-09-14T23:38:48.541	processor:50066	rx	81 09 04 35 FF	inquiry	WhiteBalance	
2026-09-14T23:38:48.550	processor:50066	tx	90 50 00 FF	reply		
2026-09-14T23:38:48.568	processor:50066	rx	81 09 04 38 FF	inquiry	AutoFocus	
2026-09-14T23:38:48.569	processor:50066	tx	90 50 02 FF	reply		
2026-09-14T23:38:48.584	processor:50066	rx	81 09 04 33 FF	inquiry	Backlight	
2026-09-14T23:38:48.584	processor:50066	tx	90 50 03 FF	reply		
2026-09-14T23:38:48.611	processor:50066	rx	81 09 04 62 FF	inquiry	FreezeFrame	
2026-09-14T23:38:48.611	processor:50066	tx	90 50 03 FF	reply		
2026-09-14T23:38:51.598	processor:50066	rx	81 09 04 00 FF	inquiry	Power	
2026-09-14T23:38:51.598	processor:50066	tx	90 50 02 FF	reply		
2026-09-14T23:38:51.612	processor:50066	rx	81 09 08 01 FF	inquiry	TrackingFraming	
2026-09-14T23:38:51.612	processor:50066	tx	90 50 03 FF	reply		
2026-09-14T23:38:51.622	processor:50066	rx	81 09 04 39 FF	inquiry	AutoExposure	
2026-09-14T23:38:51.622	processor:50066	tx	90 50 00 FF	reply		
2026-09-14T23:38:51.630	processor:50066	rx	81 09 04 35 FF	inquiry	WhiteBalance	
2026-09-14T23:38:51.630	processor:50066	tx	90 50 00 FF	reply		
2026-09-14T23:38:51.640	processor:50066	rx	81 09 04 38 FF	inquiry	AutoFocus	
2026-09-14T23:38:51.640	processor:50066	tx	90 50 02 FF	reply		
2026-09-14T23:38:51.651	processor:50066	rx	81 09 04 33 FF	inquiry	Backlight	
2026-09-14T23:38:51.651	processor:50066	tx	90 50 03 FF	reply		
2026-09-14T23:38:51.661	processor:50066	rx	81 09 04 62 FF	inquiry	FreezeFrame	
2026-09-14T23:38:51.661	processor:50066	tx	90 50 03 FF	reply		
2026-09-14T23:38:54.678	processor:50066	rx	81 09 04 00 FF	inquiry	Power	
2026-09-14T23:38:54.678	processor:50066	tx	90 50 02 FF	reply		
2026-09-14T23:38:54.692	processor:50066	rx	81 09 08 01 FF	inquiry	TrackingFraming	
2026-09-14T23:38:54.692	processor:50066	tx	90 50 03 FF	reply		
2026-09-14T23:38:54.702	processor:50066	rx	81 09 04 39 FF	inquiry	AutoExposure	
2026-09-14T23:38:54.703	processor:50066	tx	90 50 00 FF	reply		
2026-09-14T23:38:54.713	processor:50066	rx	81 09 04 35 FF	inquiry	WhiteBalance	
2026-09-14T23:38:54.713	processor:50066	tx	90 50 00 FF	reply		
2026-09-14T23:38:54.723	processor:50066	rx	81 09 04 38 FF	inquiry	AutoFocus	
2026-09-14T23:38:54.723	processor:50066	tx	90 50 02 FF	reply		
2026-09-14T23:38:54.732	processor:50066	rx	81 09 04 33 FF	inquiry	Backlight	
2026-09-14T23:38:54.732	processor:50066	tx	90 50 03 FF	reply		
2026-09-14T23:38:54.742	processor:50066	rx	81 09 04 62 FF	inquiry	FreezeFrame	
2026-09-14T23:38:54.742	processor:50066	tx	90 50 03 FF	reply		
2026-09-14T23:38:57.793	processor:50066	rx	81 09 04 00 FF	inquiry	Power	
2026-09-14T23:38:57.793	processor:50066	tx	90 50 02 FF	reply		
2026-09-14T23:38:57.805	processor:50066	rx	81 09 08 01 FF	inquiry	TrackingFraming	
2026-09-14T23:38:57.805	processor:50066	tx	90 50 03 FF	reply		
2026-09-14T23:38:57.814	processor:50066	rx	81 09 04 39 FF	inquiry	AutoExposure	
2026-09-14T23:38:57.814	processor:50066	tx	90 50 00 FF	reply		
2026-09-14T23:38:57.823	processor:50066	rx	81 09 04 35 FF	inquiry	WhiteBalance	
2026-09-14T23:38:57.823	processor:50066	tx	90 50 00 FF	reply		
2026-09-14T23:38:57.831	processor:50066	rx	81 09 04 38 FF	inquiry	AutoFocus	
2026-09-14T23:38:57.831	processor:50066	tx	90 50 02 FF	reply		
2026-09-14T23:38:57.843	processor:50066	rx	81 09 04 33 FF	inquiry	Backlight	
2026-09-14T23:38:57.844	processor:50066	tx	90 50 03 FF	reply		
2026-09-14T23:38:57.856	processor:50066	rx	81 09 04 62 FF	inquiry	FreezeFrame	
2026-09-14T23:38:57.856	processor:50066	tx	90 50 03 FF	reply		
2026-09-14T23:39:00.864	processor:50066	rx	81 09 04 00 FF	inquiry	Power	
2026-09-14T23:39:00.864	processor:50066	tx	90 50 02 FF	reply		
2026-09-14T23:39:00.876	processor:50066	rx	81 09 08 01 FF	inquiry	TrackingFraming	
2026-09-14T23:39:00.876	processor:50066	tx	90 50 03 FF	reply		
2026-09-14T23:39:00.886	processor:50066	rx	81 09 04 39 FF	inquiry	AutoExposure	
2026-09-14T23:39:00.886	processor:50066	tx	90 50 00 FF	reply		
2026-09-14T23:39:00.896	processor:50066	rx	81 09 04 35 FF	inquiry	WhiteBalance	
2026-09-14T23:39:00.897	processor:50066	tx	90 50 00 FF	reply		
2026-09-14T23:39:00.906	processor:50066	rx	81 09 04 38 FF	inquiry	AutoFocus	
2026-09-14T23:39:00.906	processor:50066	tx	90 50 02 FF	reply		
2026-09-14T23:39:00.917	processor:50066	rx	81 09 04 33 FF	inquiry	Backlight	
2026-09-14T23:39:00.917	processor:50066	tx	90 50 03 FF	reply		
2026-09-14T23:39:00.926	processor:50066	rx	81 09 04 62 FF	inquiry	FreezeFrame	
2026-09-14T23:39:00.926	processor:50066	tx	90 50 03 FF	reply		
2026-09-14T23:39:03.942	processor:50066	rx	81 09 04 00 FF	inquiry	Power	
2026-09-14T23:39:03.943	processor:50066	tx	90 50 02 FF	reply		
2026-09-14T23:39:03.943	processor:50066	rx	81 09 08 01 FF	inquiry	TrackingFraming	
2026-09-14T23:39:03.943	processor:50066	tx	90 50 03 FF	reply		
2026-09-14T23:39:03.964	processor:50066	rx	81 09 04 39 FF	inquiry	AutoExposure	
2026-09-14T23:39:03.964	processor:50066	tx	90 50 00 FF	reply		
2026-09-14T23:39:03.974	processor:50066	rx	81 09 04 35 FF	inquiry	WhiteBalance	
2026-09-14T23:39:03.974	processor:50066	tx	90 50 00 FF	reply		
2026-09-14T23:39:03.984	processor:50066	rx	81 09 04 38 FF	inquiry	AutoFocus	
2026-09-14T23:39:03.984	processor:50066	tx	90 50 02 FF	reply		
2026-09-14T23:39:03.991	processor:50066	rx	81 09 04 33 FF	inquiry	Backlight	
2026-09-14T23:39:03.991	processor:50066	tx	90 50 03 FF	reply		
2026-09-14T23:39:04.001	processor:50066	rx	81 09 04 62 FF	inquiry	FreezeFrame	
2026-09-14T23:39:04.005	processor:50066	tx	90 50 03 FF	reply		
2026-09-14T23:39:07.020	processor:50066	rx	81 09 04 00 FF	inquiry	Power	
2026-09-14T23:39:07.020	processor:50066	tx	90 50 02 FF	reply		
2026-09-14T23:39:07.028	processor:50066	rx	81 09 08 01 FF	inquiry	TrackingFraming	
2026-09-14T23:39:07.028	processor:50066	tx	90 50 03 FF	reply		
2026-09-14T23:39:07.041	processor:50066	rx	81 09 04 39 FF	inquiry	AutoExposure	
2026-09-14T23:39:07.041	processor:50066	tx	90 50 00 FF	reply		
2026-09-14T23:39:07.042	processor:50066	rx	81 09 04 35 FF	inquiry	WhiteBalance	
2026-09-14T23:39:07.042	processor:50066	tx	90 50 00 FF	reply		
2026-09-14T23:39:07.056	processor:50066	rx	81 09 04 38 FF	inquiry	AutoFocus	
2026-09-14T23:39:07.056	processor:50066	tx	90 50 02 FF	reply		
2026-09-14T23:39:07.069	processor:50066	rx	81 09 04 33 FF	inquiry	Backlight	
2026-09-14T23:39:07.069	processor:50066	tx	90 50 03 FF	reply		
2026-09-14T23:39:07.073	processor:50066	rx	81 09 04 62 FF	inquiry	FreezeFrame	
2026-09-14T23:39:07.073	processor:50066	tx	90 50 03 FF	reply		
2026-09-14T23:39:10.090	processor:50066	rx	81 09 04 00 FF	inquiry	Power	
2026-09-14T23:39:10.090	processor:50066	tx	90 50 02 FF	reply		
2026-09-14T23:39:10.101	processor:50066	rx	81 09 08 01 FF	inquiry	TrackingFraming	
2026-09-14T23:39:10.102	processor:50066	tx	90 50 03 FF	reply		
2026-09-14T23:39:10.111	processor:50066	rx	81 09 04 39 FF	inquiry	AutoExposure	
2026-09-14T23:39:10.111	processor:50066	tx	90 50 00 FF	reply		
2026-09-14T23:39:10.121	processor:50066	rx	81 09 04 35 FF	inquiry	WhiteBalance	
2026-09-14T23:39:10.121	processor:50066	tx	90 50 00 FF	reply		
2026-09-14T23:39:10.131	processor:50066	rx	81 09 04 38 FF	inquiry	AutoFocus	
2026-09-14T23:39:10.131	processor:50066	tx	90 50 02 FF	reply		
2026-09-14T23:39:10.134	processor:50066	rx	81 09 04 33 FF	inquiry	Backlight	
2026-09-14T23:39:10.134	processor:50066	tx	90 50 03 FF	reply		
2026-09-14T23:39:10.147	processor:50066	rx	81 09 04 62 FF	inquiry	FreezeFrame	
2026-09-14T23:39:10.147	processor:50066	tx	90 50 03 FF	reply		
2026-09-14T23:39:13.172	processor:50066	rx	81 09 04 00 FF	inquiry	Power	
2026-09-14T23:39:13.172	processor:50066	tx	90 50 02 FF	reply		
2026-09-14T23:39:13.192	processor:50066	rx	81 09 08 01 FF	inquiry	TrackingFraming	
2026-09-14T23:39:13.192	processor:50066	tx	90 50 03 FF	reply		
2026-09-14T23:39:13.200	processor:50066	rx	81 09 04 39 FF	inquiry	AutoExposure	
2026-09-14T23:39:13.200	processor:50066	tx	90 50 00 FF	reply		
2026-09-14T23:39:13.206	processor:50066	rx	81 09 04 35 FF	inquiry	WhiteBalance	
2026-09-14T23:39:13.206	processor:50066	tx	90 50 00 FF	reply		
2026-09-14T23:39:13.223	processor:50066	rx	81 09 04 38 FF	inquiry	AutoFocus	
2026-09-14T23:39:13.223	processor:50066	tx	90 50 02 FF	reply		
2026-09-14T23:39:13.234	processor:50066	rx	81 09 04 33 FF	inquiry	Backlight	
2026-09-14T23:39:13.234	processor:50066	tx	90 50 03 FF	reply		
2026-09-14T23:39:13.244	processor:50066	rx	81 09 04 62 FF	inquiry	FreezeFrame	
2026-09-14T23:39:13.244	processor:50066	tx	90 50 03 FF	reply		
2026-09-14T23:39:16.332	processor:50066	rx	81 09 04 00 FF	inquiry	Power	
2026-09-14T23:39:16.332	processor:50066	tx	90 50 02 FF	reply		
2026-09-14T23:39:16.360	processor:50066	rx	81 09 08 01 FF	inquiry	TrackingFraming	
2026-09-14T23:39:16.360	processor:50066	tx	90 50 03 FF	reply		
2026-09-14T23:39:16.374	processor:50066	rx	81 09 04 39 FF	inquiry	AutoExposure	
2026-09-14T23:39:16.374	processor:50066	tx	90 50 00 FF	reply		
2026-09-14T23:39:16.394	processor:50066	rx	81 09 04 35 FF	inquiry	WhiteBalance	
2026-09-14T23:39:16.394	processor:50066	tx	90 50 00 FF	reply		
2026-09-14T23:39:16.423	processor:50066	rx	81 09 04 38 FF	inquiry	AutoFocus	
2026-09-14T23:39:16.423	processor:50066	tx	90 50 02 FF	reply		
2026-09-14T23:39:16.433	processor:50066	rx	81 09 04 33 FF	inquiry	Backlight	
2026-09-14T23:39:16.433	processor:50066	tx	90 50 03 FF	reply		
2026-09-14T23:39:16.448	processor:50066	rx	81 09 04 62 FF	inquiry	FreezeFrame	
2026-09-14T23:39:16.449	processor:50066	tx	90 50 03 FF	reply		
2026-09-14T23:39:19.422	processor:50066	rx	81 09 04 00 FF	inquiry	Power	
2026-09-14T23:39:19.423	processor:50066	tx	90 50 02 FF	reply		
2026-09-14T23:39:19.436	processor:50066	rx	81 09 08 01 FF	inquiry	TrackingFraming	
2026-09-14T23:39:19.437	processor:50066	tx	90 50 03 FF	reply		
2026-09-14T23:39:19.445	processor:50066	rx	81 09 04 39 FF	inquiry	AutoExposure	
2026-09-14T23:39:19.445	processor:50066	tx	90 50 00 FF	reply		
2026-09-14T23:39:19.466	processor:50066	rx	81 09 04 35 FF	inquiry	WhiteBalance	
2026-09-14T23:39:19.466	processor:50066	tx	90 50 00 FF	reply		
2026-09-14T23:39:19.483	processor:50066	rx	81 09 04 38 FF	inquiry	AutoFocus	
2026-09-14T23:39:19.483	processor:50066	tx	90 50 02 FF	reply		
2026-09-14T23:39:19.505	processor:50066	rx	81 09 04 33 FF	inquiry	Backlight	
2026-09-14T23:39:19.505	processor:50066	tx	90 50 03 FF	reply		
2026-09-14T23:39:19.527	processor:50066	rx	81 09 04 62 FF	inquiry	FreezeFrame	
2026-09-14T23:39:19.527	processor:50066	tx	90 50 03 FF	reply		
2026-09-14T23:39:22.520	processor:50066	rx	81 09 04 00 FF	inquiry	Power	
2026-09-14T23:39:22.520	processor:50066	tx	90 50 02 FF	reply		
2026-09-14T23:39:22.539	processor:50066	rx	81 09 08 01 FF	inquiry	TrackingFraming	
2026-09-14T23:39:22.539	processor:50066	tx	90 50 03 FF	reply		
2026-09-14T23:39:22.550	processor:50066	rx	81 09 04 39 FF	inquiry	AutoExposure	
2026-09-14T23:39:22.550	processor:50066	tx	90 50 00 FF	reply		
2026-09-14T23:39:22.558	processor:50066	rx	81 09 04 35 FF	inquiry	WhiteBalance	
2026-09-14T23:39:22.558	processor:50066	tx	90 50 00 FF	reply		
2026-09-14T23:39:22.570	processor:50066	rx	81 09 04 38 FF	inquiry	AutoFocus	
2026-09-14T23:39:22.570	processor:50066	tx	90 50 02 FF	reply		
2026-09-14T23:39:22.581	processor:50066	rx	81 09 04 33 FF	inquiry	Backlight	
2026-09-14T23:39:22.581	processor:50066	tx	90 50 03 FF	reply		
2026-09-14T23:39:22.591	processor:50066	rx	81 09 04 62 FF	inquiry	FreezeFrame	
2026-09-14T23:39:22.592	processor:50066	tx	90 50 03 FF	reply		
2026-09-14T23:39:25.601	processor:50066	rx	81 09 04 00 FF	inquiry	Power	
2026-09-14T23:39:25.601	processor:50066	tx	90 50 02 FF	reply		
2026-09-14T23:39:25.613	processor:50066	rx	81 09 08 01 FF	inquiry	TrackingFraming	
2026-09-14T23:39:25.614	processor:50066	tx	90 50 03 FF	reply		
2026-09-14T23:39:25.622	processor:50066	rx	81 09 04 39 FF	inquiry	AutoExposure	
2026-09-14T23:39:25.622	processor:50066	tx	90 50 00 FF	reply		
2026-09-14T23:39:25.633	processor:50066	rx	81 09 04 35 FF	inquiry	WhiteBalance	
2026-09-14T23:39:25.633	processor:50066	tx	90 50 00 FF	reply		
2026-09-14T23:39:25.643	processor:50066	rx	81 09 04 38 FF	inquiry	AutoFocus	
2026-09-14T23:39:25.643	processor:50066	tx	90 50 02 FF	reply		
2026-09-14T23:39:25.654	processor:50066	rx	81 09 04 33 FF	inquiry	Backlight	
2026-09-14T23:39:25.654	processor:50066	tx	90 50 03 FF	reply		
2026-09-14T23:39:25.665	processor:50066	rx	81 09 04 62 FF	inquiry	FreezeFrame	
2026-09-14T23:39:25.665	processor:50066	tx	90 50 03 FF	reply		
2026-09-14T23:39:28.677	processor:50066	rx	81 09 04 00 FF	inquiry	Power	
2026-09-14T23:39:28.677	processor:50066	tx	90 50 02 FF	reply		
2026-09-14T23:39:28.692	processor:50066	rx	81 09 08 01 FF	inquiry	TrackingFraming	
2026-09-14T23:39:28.692	processor:50066	tx	90 50 03 FF	reply		
2026-09-14T23:39:28.704	processor:50066	rx	81 09 04 39 FF	inquiry	AutoExposure	
2026-09-14T23:39:28.704	processor:50066	tx	90 50 00 FF	reply		
2026-09-14T23:39:28.717	processor:50066	rx	81 09 04 35 FF	inquiry	WhiteBalance	
2026-09-14T23:39:28.717	processor:50066	tx	90 50 00 FF	reply		
2026-09-14T23:39:28.732	processor:50066	rx	81 09 04 38 FF	inquiry	AutoFocus	
2026-09-14T23:39:28.732	processor:50066	tx	90 50 02 FF	reply		
2026-09-14T23:39:28.743	processor:50066	rx	81 09 04 33 FF	inquiry	Backlight	
2026-09-14T23:39:28.743	processor:50066	tx	90 50 03 FF	reply		
2026-09-14T23:39:28.756	processor:50066	rx	81 09 04 62 FF	inquiry	FreezeFrame	
2026-09-14T23:39:28.756	processor:50066	tx	90 50 03 FF	reply		
2026-09-14T23:39:31.769	processor:50066	rx	81 09 04 00 FF	inquiry	Power	
2026-09-14T23:39:31.769	processor:50066	tx	90 50 02 FF	reply		
2026-09-14T23:39:31.784	processor:50066	rx	81 09 08 01 FF	inquiry	TrackingFraming	
2026-09-14T23:39:31.784	processor:50066	tx	90 50 03 FF	reply		
2026-09-14T23:39:31.792	processor:50066	rx	81 09 04 39 FF	inquiry	AutoExposure	
2026-09-14T23:39:31.792	processor:50066	tx	90 50 00 FF	reply		
2026-09-14T23:39:31.801	processor:50066	rx	81 09 04 35 FF	inquiry	WhiteBalance	
2026-09-14T23:39:31.801	processor:50066	tx	90 50 00 FF	reply		
2026-09-14T23:39:31.805	processor:50066	rx	81 09 04 38 FF	inquiry	AutoFocus	
2026-09-14T23:39:31.805	processor:50066	tx	90 50 02 FF	reply		
2026-09-14T23:39:31.822	processor:50066	rx	81 09 04 33 FF	inquiry	Backlight	
2026-09-14T23:39:31.822	processor:50066	tx	90 50 03 FF	reply		
2026-09-14T23:39:31.834	processor:50066	rx	81 09 04 62 FF	inquiry	FreezeFrame	
2026-09-14T23:39:31.834	processor:50066	tx	90 50 03 FF	reply		
2026-09-14T23:39:34.836	processor:50066	rx	81 09 04 00 FF	inquiry	Power	
2026-09-14T23:39:34.836	processor:50066	tx	90 50 02 FF	reply		
2026-09-14T23:39:34.854	processor:50066	rx	81 09 08 01 FF	inquiry	TrackingFraming	
2026-09-14T23:39:34.854	processor:50066	tx	90 50 03 FF	reply		
2026-09-14T23:39:34.862	processor:50066	rx	81 09 04 39 FF	inquiry	AutoExposure	
2026-09-14T23:39:34.862	processor:50066	tx	90 50 00 FF	reply		
2026-09-14T23:39:34.874	processor:50066	rx	81 09 04 35 FF	inquiry	WhiteBalance	
2026-09-14T23:39:34.876	processor:50066	tx	90 50 00 FF	reply		
2026-09-14T23:39:34.885	processor:50066	rx	81 09 04 38 FF	inquiry	AutoFocus	
2026-09-14T23:39:34.885	processor:50066	tx	90 50 02 FF	reply		
2026-09-14T23:39:34.894	processor:50066	rx	81 09 04 33 FF	inquiry	Backlight	
2026-09-14T23:39:34.894	processor:50066	tx	90 50 03 FF	reply		
2026-09-14T23:39:34.905	processor:50066	rx	81 09 04 62 FF	inquiry	FreezeFrame	
2026-09-14T23:39:34.907	processor:50066	tx	90 50 03 FF	reply		
2026-09-14T23:39:37.923	processor:50066	rx	81 09 04 00 FF	inquiry	Power	
2026-09-14T23:39:37.923	processor:50066	tx	90 50 02 FF	reply		
2026-09-14T23:39:37.938	processor:50066	rx	81 09 08 01 FF	inquiry	TrackingFraming	
2026-09-14T23:39:37.938	processor:50066	tx	90 50 03 FF	reply		
2026-09-14T23:39:37.949	processor:50066	rx	81 09 04 39 FF	inquiry	AutoExposure	
2026-09-14T23:39:37.949	processor:50066	tx	90 50 00 FF	reply		
2026-09-14T23:39:37.958	processor:50066	rx	81 09 04 35 FF	inquiry	WhiteBalance	
2026-09-14T23:39:37.961	processor:50066	tx	90 50 00 FF	reply		
2026-09-14T23:39:37.970	processor:50066	rx	81 09 04 38 FF	inquiry	AutoFocus	
2026-09-14T23:39:37.970	processor:50066	tx	90 50 02 FF	reply		
2026-09-14T23:39:37.978	processor:50066	rx	81 09 04 33 FF	inquiry	Backlight	
2026-09-14T23:39:37.978	processor:50066	tx	90 50 03 FF	reply		
2026-09-14T23:39:37.986	processor:50066	rx	81 09 04 62 FF	inquiry	FreezeFrame	
2026-09-14T23:39:37.986	processor:50066	tx	90 50 03 FF	reply		
2026-09-14T23:39:41.012	processor:50066	rx	81 09 04 00 FF	inquiry	Power	
2026-09-14T23:39:41.012	processor:50066	tx	90 50 02 FF	reply		
2026-09-14T23:39:41.036	processor:50066	rx	81 09 08 01 FF	inquiry	TrackingFraming	
2026-09-14T23:39:41.036	processor:50066	tx	90 50 03 FF	reply		
2026-09-14T23:39:41.050	processor:50066	rx	81 09 04 39 FF	inquiry	AutoExposure	
2026-09-14T23:39:41.050	processor:50066	tx	90 50 00 FF	reply		
2026-09-14T23:39:41.060	processor:50066	rx	81 09 04 35 FF	inquiry	WhiteBalance	
2026-09-14T23:39:41.060	processor:50066	tx	90 50 00 FF	reply		
2026-09-14T23:39:41.071	processor:50066	rx	81 09 04 38 FF	inquiry	AutoFocus	
2026-09-14T23:39:41.071	processor:50066	tx	90 50 02 FF	reply		
2026-09-14T23:39:41.079	processor:50066	rx	81 09 04 33 FF	inquiry	Backlight	
2026-09-14T23:39:41.079	processor:50066	tx	90 50 03 FF	reply		
2026-09-14T23:39:41.086	processor:50066	rx	81 09 04 62 FF	inquiry	FreezeFrame	
2026-09-14T23:39:41.086	processor:50066	tx	90 50 03 FF	reply		
2026-09-14T23:39:44.096	processor:50066	rx	81 09 04 00 FF	inquiry	Power	
2026-09-14T23:39:44.096	processor:50066	tx	90 50 02 FF	reply		
2026-09-14T23:39:44.134	processor:50066	rx	81 09 08 01 FF	inquiry	TrackingFraming	
2026-09-14T23:39:44.136	processor:50066	tx	90 50 03 FF	reply		
2026-09-14T23:39:44.168	processor:50066	rx	81 09 04 39 FF	inquiry	AutoExposure	
2026-09-14T23:39:44.168	processor:50066	tx	90 50 00 FF	reply		
2026-09-14T23:39:44.198	processor:50066	rx	81 09 04 35 FF	inquiry	WhiteBalance	
2026-09-14T23:39:44.198	processor:50066	tx	90 50 00 FF	reply		
2026-09-14T23:39:44.214	processor:50066	rx	81 09 04 38 FF	inquiry	AutoFocus	
2026-09-14T23:39:44.214	processor:50066	tx	90 50 02 FF	reply		
2026-09-14T23:39:44.223	processor:50066	rx	81 09 04 33 FF	inquiry	Backlight	
2026-09-14T23:39:44.223	processor:50066	tx	90 50 03 FF	reply		
2026-09-14T23:39:44.235	processor:50066	rx	81 09 04 62 FF	inquiry	FreezeFrame	
2026-09-14T23:39:44.235	processor:50066	tx	90 50 03 FF	reply		
2026-09-14T23:39:47.199	processor:50066	rx	81 09 04 00 FF	inquiry	Power	
2026-09-14T23:39:47.199	processor:50066	tx	90 50 02 FF	reply		
2026-09-14T23:39:47.210	processor:50066	rx	81 09 08 01 FF	inquiry	TrackingFraming	
2026-09-14T23:39:47.212	processor:50066	tx	90 50 03 FF	reply		
2026-09-14T23:39:47.220	processor:50066	rx	81 09 04 39 FF	inquiry	AutoExposure	
2026-09-14T23:39:47.220	processor:50066	tx	90 50 00 FF	reply		
2026-09-14T23:39:47.227	processor:50066	rx	81 09 04 35 FF	inquiry	WhiteBalance	
2026-09-14T23:39:47.227	processor:50066	tx	90 50 00 FF	reply		
2026-09-14T23:39:47.227	processor:50066	rx	81 09 04 38 FF	inquiry	AutoFocus	
2026-09-14T23:39:47.227	processor:50066	tx	90 50 02 FF	reply		
2026-09-14T23:39:47.251	processor:50066	rx	81 09 04 33 FF	inquiry	Backlight	
2026-09-14T23:39:47.251	processor:50066	tx	90 50 03 FF	reply		
2026-09-14T23:39:47.259	processor:50066	rx	81 09 04 62 FF	inquiry	FreezeFrame	
2026-09-14T23:39:47.259	processor:50066	tx	90 50 03 FF	reply		
2026-09-14T23:39:50.271	processor:50066	rx	81 09 04 00 FF	inquiry	Power	
2026-09-14T23:39:50.271	processor:50066	tx	90 50 02 FF	reply		
2026-09-14T23:39:50.282	processor:50066	rx	81 09 08 01 FF	inquiry	TrackingFraming	
2026-09-14T23:39:50.282	processor:50066	tx	90 50 03 FF	reply		
2026-09-14T23:39:50.293	processor:50066	rx	81 09 04 39 FF	inquiry	AutoExposure	
2026-09-14T23:39:50.293	processor:50066	tx	90 50 00 FF	reply		
2026-09-14T23:39:50.305	processor:50066	rx	81 09 04 35 FF	inquiry	WhiteBalance	
2026-09-14T23:39:50.305	processor:50066	tx	90 50 00 FF	reply		
2026-09-14T23:39:50.313	processor:50066	rx	81 09 04 38 FF	inquiry	AutoFocus	
2026-09-14T23:39:50.313	processor:50066	tx	90 50 02 FF	reply		
2026-09-14T23:39:50.327	processor:50066	rx	81 09 04 33 FF	inquiry	Backlight	
2026-09-14T23:39:50.327	processor:50066	tx	90 50 03 FF	reply		
2026-09-14T23:39:50.332	processor:50066	rx	81 09 04 62 FF	inquiry	FreezeFrame	
2026-09-14T23:39:50.332	processor:50066	tx	90 50 03 FF	reply		
2026-09-14T23:39:53.347	processor:50066	rx	81 09 04 00 FF	inquiry	Power	
2026-09-14T23:39:53.347	processor:50066	tx	90 50 02 FF	reply		
2026-09-14T23:39:53.359	processor:50066	rx	81 09 08 01 FF	inquiry	TrackingFraming	
2026-09-14T23:39:53.359	processor:50066	tx	90 50 03 FF	reply		
2026-09-14T23:39:53.369	processor:50066	rx	81 09 04 39 FF	inquiry	AutoExposure	
2026-09-14T23:39:53.369	processor:50066	tx	90 50 00 FF	reply		
2026-09-14T23:39:53.376	processor:50066	rx	81 09 04 35 FF	inquiry	WhiteBalance	
2026-09-14T23:39:53.376	processor:50066	tx	90 50 00 FF	reply		
2026-09-14T23:39:53.391	processor:50066	rx	81 09 04 38 FF	inquiry	AutoFocus	
2026-09-14T23:39:53.391	processor:50066	tx	90 50 02 FF	reply		
2026-09-14T23:39:53.393	processor:50066	rx	81 09 04 33 FF	inquiry	Backlight	
2026-09-14T23:39:53.393	processor:50066	tx	90 50 03 FF	reply		
2026-09-14T23:39:53.412	processor:50066	rx	81 09 04 62 FF	inquiry	FreezeFrame	
2026-09-14T23:39:53.412	processor:50066	tx	90 50 03 FF	reply		
2026-09-14T23:39:56.438	processor:50066	rx	81 09 04 00 FF	inquiry	Power	
2026-09-14T23:39:56.439	processor:50066	tx	90 50 02 FF	reply		
2026-09-14T23:39:56.450	processor:50066	rx	81 09 08 01 FF	inquiry	TrackingFraming	
2026-09-14T23:39:56.450	processor:50066	tx	90 50 03 FF	reply		
2026-09-14T23:39:56.460	processor:50066	rx	81 09 04 39 FF	inquiry	AutoExposure	
2026-09-14T23:39:56.461	processor:50066	tx	90 50 00 FF	reply		
2026-09-14T23:39:56.468	processor:50066	rx	81 09 04 35 FF	inquiry	WhiteBalance	
2026-09-14T23:39:56.470	processor:50066	tx	90 50 00 FF	reply		
2026-09-14T23:39:56.480	processor:50066	rx	81 09 04 38 FF	inquiry	AutoFocus	
2026-09-14T23:39:56.480	processor:50066	tx	90 50 02 FF	reply		
2026-09-14T23:39:56.491	processor:50066	rx	81 09 04 33 FF	inquiry	Backlight	
2026-09-14T23:39:56.491	processor:50066	tx	90 50 03 FF	reply		
2026-09-14T23:39:56.499	processor:50066	rx	81 09 04 62 FF	inquiry	FreezeFrame	
2026-09-14T23:39:56.499	processor:50066	tx	90 50 03 FF	reply		
2026-09-14T23:39:59.508	processor:50066	rx	81 09 04 00 FF	inquiry	Power	
2026-09-14T23:39:59.508	processor:50066	tx	90 50 02 FF	reply		
2026-09-14T23:39:59.519	processor:50066	rx	81 09 08 01 FF	inquiry	TrackingFraming	
2026-09-14T23:39:59.519	processor:50066	tx	90 50 03 FF	reply		
2026-09-14T23:39:59.519	processor:50066	rx	81 09 04 39 FF	inquiry	AutoExposure	
2026-09-14T23:39:59.519	processor:50066	tx	90 50 00 FF	reply		
2026-09-14T23:39:59.539	processor:50066	rx	81 09 04 35 FF	inquiry	WhiteBalance	
2026-09-14T23:39:59.540	processor:50066	tx	90 50 00 FF	reply		
2026-09-14T23:39:59.548	processor:50066	rx	81 09 04 38 FF	inquiry	AutoFocus	
2026-09-14T23:39:59.548	processor:50066	tx	90 50 02 FF	reply		
2026-09-14T23:39:59.553	processor:50066	rx	81 09 04 33 FF	inquiry	Backlight	
2026-09-14T23:39:59.553	processor:50066	tx	90 50 03 FF	reply		
2026-09-14T23:39:59.570	processor:50066	rx	81 09 04 62 FF	inquiry	FreezeFrame	
2026-09-14T23:39:59.570	processor:50066	tx	90 50 03 FF	reply		
2026-09-14T23:40:02.584	processor:50066	rx	81 09 04 00 FF	inquiry	Power	
2026-09-14T23:40:02.584	processor:50066	tx	90 50 02 FF	reply		
2026-09-14T23:40:02.597	processor:50066	rx	81 09 08 01 FF	inquiry	TrackingFraming	
2026-09-14T23:40:02.597	processor:50066	tx	90 50 03 FF	reply		
2026-09-14T23:40:02.608	processor:50066	rx	81 09 04 39 FF	inquiry	AutoExposure	
2026-09-14T23:40:02.608	processor:50066	tx	90 50 00 FF	reply		
2026-09-14T23:40:02.619	processor:50066	rx	81 09 04 35 FF	inquiry	WhiteBalance	
2026-09-14T23:40:02.619	processor:50066	tx	90 50 00 FF	reply		
2026-09-14T23:40:02.627	processor:50066	rx	81 09 04 38 FF	inquiry	AutoFocus	
2026-09-14T23:40:02.627	processor:50066	tx	90 50 02 FF	reply		
2026-09-14T23:40:02.639	processor:50066	rx	81 09 04 33 FF	inquiry	Backlight	
2026-09-14T23:40:02.639	processor:50066	tx	90 50 03 FF	reply		
2026-09-14T23:40:02.642	processor:50066	rx	81 09 04 62 FF	inquiry	FreezeFrame	
2026-09-14T23:40:02.649	processor:50066	tx	90 50 03 FF	reply		
2026-09-14T23:40:05.646	processor:50066	rx	81 09 04 00 FF	inquiry	Power	
2026-09-14T23:40:05.646	processor:50066	tx	90 50 02 FF	reply		
2026-09-14T23:40:05.665	processor:50066	rx	81 09 08 01 FF	inquiry	TrackingFraming	
2026-09-14T23:40:05.665	processor:50066	tx	90 50 03 FF	reply		
2026-09-14T23:40:05.676	processor:50066	rx	81 09 04 39 FF	inquiry	AutoExposure	
2026-09-14T23:40:05.676	processor:50066	tx	90 50 00 FF	reply		
2026-09-14T23:40:05.680	processor:50066	rx	81 09 04 35 FF	inquiry	WhiteBalance	
2026-09-14T23:40:05.680	processor:50066	tx	90 50 00 FF	reply		
2026-09-14T23:40:05.697	processor:50066	rx	81 09 04 38 FF	inquiry	AutoFocus	
2026-09-14T23:40:05.697	processor:50066	tx	90 50 02 FF	reply		
2026-09-14T23:40:05.708	processor:50066	rx	81 09 04 33 FF	inquiry	Backlight	
2026-09-14T23:40:05.708	processor:50066	tx	90 50 03 FF	reply		
2026-09-14T23:40:05.714	processor:50066	rx	81 09 04 62 FF	inquiry	FreezeFrame	
2026-09-14T23:40:05.719	processor:50066	tx	90 50 03 FF	reply		
2026-09-14T23:40:08.744	processor:50066	rx	81 09 04 00 FF	inquiry	Power	
2026-09-14T23:40:08.745	processor:50066	tx	90 50 02 FF	reply		
2026-09-14T23:40:08.760	processor:50066	rx	81 09 08 01 FF	inquiry	TrackingFraming	
2026-09-14T23:40:08.760	processor:50066	tx	90 50 03 FF	reply		
2026-09-14T23:40:08.781	processor:50066	rx	81 09 04 39 FF	inquiry	AutoExposure	
2026-09-14T23:40:08.781	processor:50066	tx	90 50 00 FF	reply		
2026-09-14T23:40:08.806	processor:50066	rx	81 09 04 35 FF	inquiry	WhiteBalance	
2026-09-14T23:40:08.806	processor:50066	tx	90 50 00 FF	reply		
2026-09-14T23:40:08.817	processor:50066	rx	81 09 04 38 FF	inquiry	AutoFocus	
2026-09-14T23:40:08.817	processor:50066	tx	90 50 02 FF	reply		
2026-09-14T23:40:08.826	processor:50066	rx	81 09 04 33 FF	inquiry	Backlight	
2026-09-14T23:40:08.828	processor:50066	tx	90 50 03 FF	reply		
2026-09-14T23:40:08.839	processor:50066	rx	81 09 04 62 FF	inquiry	FreezeFrame	
2026-09-14T23:40:08.839	processor:50066	tx	90 50 03 FF	reply		
2026-09-14T23:40:11.812	processor:50066	rx	81 09 04 00 FF	inquiry	Power	
2026-09-14T23:40:11.812	processor:50066	tx	90 50 02 FF	reply		
2026-09-14T23:40:11.826	processor:50066	rx	81 09 08 01 FF	inquiry	TrackingFraming	
2026-09-14T23:40:11.826	processor:50066	tx	90 50 03 FF	reply		
2026-09-14T23:40:11.835	processor:50066	rx	81 09 04 39 FF	inquiry	AutoExposure	
2026-09-14T23:40:11.835	processor:50066	tx	90 50 00 FF	reply		
2026-09-14T23:40:11.848	processor:50066	rx	81 09 04 35 FF	inquiry	WhiteBalance	
2026-09-14T23:40:11.848	processor:50066	tx	90 50 00 FF	reply		
2026-09-14T23:40:11.857	processor:50066	rx	81 09 04 38 FF	inquiry	AutoFocus	
2026-09-14T23:40:11.858	processor:50066	tx	90 50 02 FF	reply		
2026-09-14T23:40:11.867	processor:50066	rx	81 09 04 33 FF	inquiry	Backlight	
2026-09-14T23:40:11.867	processor:50066	tx	90 50 03 FF	reply		
2026-09-14T23:40:11.877	processor:50066	rx	81 09 04 62 FF	inquiry	FreezeFrame	
2026-09-14T23:40:11.877	processor:50066	tx	90 50 03 FF	reply		
2026-09-14T23:40:14.890	processor:50066	rx	81 09 04 00 FF	inquiry	Power	
2026-09-14T23:40:14.890	processor:50066	tx	90 50 02 FF	reply		
2026-09-14T23:40:14.902	processor:50066	rx	81 09 08 01 FF	inquiry	TrackingFraming	
2026-09-14T23:40:14.902	processor:50066	tx	90 50 03 FF	reply		
2026-09-14T23:40:14.910	processor:50066	rx	81 09 04 39 FF	inquiry	AutoExposure	
2026-09-14T23:40:14.910	processor:50066	tx	90 50 00 FF	reply		
2026-09-14T23:40:14.922	processor:50066	rx	81 09 04 35 FF	inquiry	WhiteBalance	
2026-09-14T23:40:14.922	processor:50066	tx	90 50 00 FF	reply		
2026-09-14T23:40:14.928	processor:50066	rx	81 09 04 38 FF	inquiry	AutoFocus	
2026-09-14T23:40:14.928	processor:50066	tx	90 50 02 FF	reply		
2026-09-14T23:40:14.938	processor:50066	rx	81 09 04 33 FF	inquiry	Backlight	
2026-09-14T23:40:14.938	processor:50066	tx	90 50 03 FF	reply		
2026-09-14T23:40:14.953	processor:50066	rx	81 09 04 62 FF	inquiry	FreezeFrame	
2026-09-14T23:40:14.953	processor:50066	tx	90 50 03 FF	reply		
2026-09-14T23:40:17.964	processor:50066	rx	81 09 04 00 FF	inquiry	Power	
2026-09-14T23:40:17.964	processor:50066	tx	90 50 02 FF	reply		
2026-09-14T23:40:17.972	processor:50066	rx	81 09 08 01 FF	inquiry	TrackingFraming	
2026-09-14T23:40:17.972	processor:50066	tx	90 50 03 FF	reply		
2026-09-14T23:40:17.987	processor:50066	rx	81 09 04 39 FF	inquiry	AutoExposure	
2026-09-14T23:40:17.987	processor:50066	tx	90 50 00 FF	reply		
2026-09-14T23:40:17.995	processor:50066	rx	81 09 04 35 FF	inquiry	WhiteBalance	
2026-09-14T23:40:17.995	processor:50066	tx	90 50 00 FF	reply		
2026-09-14T23:40:18.001	processor:50066	rx	81 09 04 38 FF	inquiry	AutoFocus	
2026-09-14T23:40:18.001	processor:50066	tx	90 50 02 FF	reply		
2026-09-14T23:40:18.017	processor:50066	rx	81 09 04 33 FF	inquiry	Backlight	
2026-09-14T23:40:18.017	processor:50066	tx	90 50 03 FF	reply		
2026-09-14T23:40:18.028	processor:50066	rx	81 09 04 62 FF	inquiry	FreezeFrame	
2026-09-14T23:40:18.028	processor:50066	tx	90 50 03 FF	reply		
2026-09-14T23:40:21.032	processor:50066	rx	81 09 04 00 FF	inquiry	Power	
2026-09-14T23:40:21.032	processor:50066	tx	90 50 02 FF	reply		
2026-09-14T23:40:21.049	processor:50066	rx	81 09 08 01 FF	inquiry	TrackingFraming	
2026-09-14T23:40:21.049	processor:50066	tx	90 50 03 FF	reply		
2026-09-14T23:40:21.058	processor:50066	rx	81 09 04 39 FF	inquiry	AutoExposure	
2026-09-14T23:40:21.058	processor:50066	tx	90 50 00 FF	reply		
2026-09-14T23:40:21.065	processor:50066	rx	81 09 04 35 FF	inquiry	WhiteBalance	
2026-09-14T23:40:21.065	processor:50066	tx	90 50 00 FF	reply		
2026-09-14T23:40:21.079	processor:50066	rx	81 09 04 38 FF	inquiry	AutoFocus	
2026-09-14T23:40:21.079	processor:50066	tx	90 50 02 FF	reply		
2026-09-14T23:40:21.083	processor:50066	rx	81 09 04 33 FF	inquiry	Backlight	
2026-09-14T23:40:21.083	processor:50066	tx	90 50 03 FF	reply		
2026-09-14T23:40:21.097	processor:50066	rx	81 09 04 62 FF	inquiry	FreezeFrame	
2026-09-14T23:40:21.097	processor:50066	tx	90 50 03 FF	reply		
2026-09-14T23:40:24.126	processor:50066	rx	81 09 04 00 FF	inquiry	Power	
2026-09-14T23:40:24.126	processor:50066	tx	90 50 02 FF	reply		
2026-09-14T23:40:24.140	processor:50066	rx	81 09 08 01 FF	inquiry	TrackingFraming	
2026-09-14T23:40:24.140	processor:50066	tx	90 50 03 FF	reply		
2026-09-14T23:40:24.140	processor:50066	rx	81 09 04 39 FF	inquiry	AutoExposure	
2026-09-14T23:40:24.140	processor:50066	tx	90 50 00 FF	reply		
2026-09-14T23:40:24.157	processor:50066	rx	81 09 04 35 FF	inquiry	WhiteBalance	
2026-09-14T23:40:24.157	processor:50066	tx	90 50 00 FF	reply		
2026-09-14T23:40:24.171	processor:50066	rx	81 09 04 38 FF	inquiry	AutoFocus	
2026-09-14T23:40:24.171	processor:50066	tx	90 50 02 FF	reply		
2026-09-14T23:40:24.171	processor:50066	rx	81 09 04 33 FF	inquiry	Backlight	
2026-09-14T23:40:24.171	processor:50066	tx	90 50 03 FF	reply		
2026-09-14T23:40:24.189	processor:50066	rx	81 09 04 62 FF	inquiry	FreezeFrame	
2026-09-14T23:40:24.189	processor:50066	tx	90 50 03 FF	reply		
2026-09-14T23:40:27.198	processor:50066	rx	81 09 04 00 FF	inquiry	Power	
2026-09-14T23:40:27.200	processor:50066	tx	90 50 02 FF	reply		
2026-09-14T23:40:27.209	processor:50066	rx	81 09 08 01 FF	inquiry	TrackingFraming	
2026-09-14T23:40:27.209	processor:50066	tx	90 50 03 FF	reply		
2026-09-14T23:40:27.222	processor:50066	rx	81 09 04 39 FF	inquiry	AutoExposure	
2026-09-14T23:40:27.222	processor:50066	tx	90 50 00 FF	reply		
2026-09-14T23:40:27.227	processor:50066	rx	81 09 04 35 FF	inquiry	WhiteBalance	
2026-09-14T23:40:27.227	processor:50066	tx	90 50 00 FF	reply		
2026-09-14T23:40:27.242	processor:50066	rx	81 09 04 38 FF	inquiry	AutoFocus	
2026-09-14T23:40:27.242	processor:50066	tx	90 50 02 FF	reply		
2026-09-14T23:40:27.253	processor:50066	rx	81 09 04 33 FF	inquiry	Backlight	
2026-09-14T23:40:27.254	processor:50066	tx	90 50 03 FF	reply		
2026-09-14T23:40:27.265	processor:50066	rx	81 09 04 62 FF	inquiry	FreezeFrame	
2026-09-14T23:40:27.265	processor:50066	tx	90 50 03 FF	reply		
2026-09-14T23:40:30.284	processor:50066	rx	81 09 04 00 FF	inquiry	Power	
2026-09-14T23:40:30.284	processor:50066	tx	90 50 02 FF	reply		
2026-09-14T23:40:30.299	processor:50066	rx	81 09 08 01 FF	inquiry	TrackingFraming	
2026-09-14T23:40:30.299	processor:50066	tx	90 50 03 FF	reply		
2026-09-14T23:40:30.309	processor:50066	rx	81 09 04 39 FF	inquiry	AutoExposure	
2026-09-14T23:40:30.313	processor:50066	tx	90 50 00 FF	reply		
2026-09-14T23:40:30.317	processor:50066	rx	81 09 04 35 FF	inquiry	WhiteBalance	
2026-09-14T23:40:30.317	processor:50066	tx	90 50 00 FF	reply		
2026-09-14T23:40:30.333	processor:50066	rx	81 09 04 38 FF	inquiry	AutoFocus	
2026-09-14T23:40:30.333	processor:50066	tx	90 50 02 FF	reply		
2026-09-14T23:40:30.343	processor:50066	rx	81 09 04 33 FF	inquiry	Backlight	
2026-09-14T23:40:30.343	processor:50066	tx	90 50 03 FF	reply		
2026-09-14T23:40:30.350	processor:50066	rx	81 09 04 62 FF	inquiry	FreezeFrame	
2026-09-14T23:40:30.350	processor:50066	tx	90 50 03 FF	reply		
2026-09-14T23:40:33.378	processor:50066	rx	81 09 04 00 FF	inquiry	Power	
2026-09-14T23:40:33.378	processor:50066	tx	90 50 02 FF	reply		
2026-09-14T23:40:33.410	processor:50066	rx	81 09 08 01 FF	inquiry	TrackingFraming	
2026-09-14T23:40:33.410	processor:50066	tx	90 50 03 FF	reply		
2026-09-14T23:40:33.419	processor:50066	rx	81 09 04 39 FF	inquiry	AutoExposure	
2026-09-14T23:40:33.420	processor:50066	tx	90 50 00 FF	reply		
2026-09-14T23:40:33.446	processor:50066	rx	81 09 04 35 FF	inquiry	WhiteBalance	
2026-09-14T23:40:33.446	processor:50066	tx	90 50 00 FF	reply		
2026-09-14T23:40:33.455	processor:50066	rx	81 09 04 38 FF	inquiry	AutoFocus	
2026-09-14T23:40:33.455	processor:50066	tx	90 50 02 FF	reply		
2026-09-14T23:40:33.460	processor:50066	rx	81 09 04 33 FF	inquiry	Backlight	
2026-09-14T23:40:33.460	processor:50066	tx	90 50 03 FF	reply		
2026-09-14T23:40:33.475	processor:50066	rx	81 09 04 62 FF	inquiry	FreezeFrame	
2026-09-14T23:40:33.475	processor:50066	tx	90 50 03 FF	reply		
2026-09-14T23:40:36.552	processor:50066	rx	81 09 04 00 FF	inquiry	Power	
2026-09-14T23:40:36.552	processor:50066	tx	90 50 02 FF	reply		
2026-09-14T23:40:36.567	processor:50066	rx	81 09 08 01 FF	inquiry	TrackingFraming	
2026-09-14T23:40:36.567	processor:50066	tx	90 50 03 FF	reply		
2026-09-14T23:40:36.578	processor:50066	rx	81 09 04 39 FF	inquiry	AutoExposure	
2026-09-14T23:40:36.578	processor:50066	tx	90 50 00 FF	reply		
2026-09-14T23:40:36.585	processor:50066	rx	81 09 04 35 FF	inquiry	WhiteBalance	
2026-09-14T23:40:36.585	processor:50066	tx	90 50 00 FF	reply		
2026-09-14T23:40:36.599	processor:50066	rx	81 09 04 38 FF	inquiry	AutoFocus	
2026-09-14T23:40:36.599	processor:50066	tx	90 50 02 FF	reply		
2026-09-14T23:40:36.601	processor:50066	rx	81 09 04 33 FF	inquiry	Backlight	
2026-09-14T23:40:36.601	processor:50066	tx	90 50 03 FF	reply		
2026-09-14T23:40:36.617	processor:50066	rx	81 09 04 62 FF	inquiry	FreezeFrame	
2026-09-14T23:40:36.617	processor:50066	tx	90 50 03 FF	reply		
2026-09-14T23:40:39.634	processor:50066	rx	81 09 04 00 FF	inquiry	Power	
2026-09-14T23:40:39.634	processor:50066	tx	90 50 02 FF	reply		
2026-09-14T23:40:39.651	processor:50066	rx	81 09 08 01 FF	inquiry	TrackingFraming	
2026-09-14T23:40:39.651	processor:50066	tx	90 50 03 FF	reply		
2026-09-14T23:40:39.662	processor:50066	rx	81 09 04 39 FF	inquiry	AutoExposure	
2026-09-14T23:40:39.662	processor:50066	tx	90 50 00 FF	reply		
2026-09-14T23:40:39.668	processor:50066	rx	81 09 04 35 FF	inquiry	WhiteBalance	
2026-09-14T23:40:39.668	processor:50066	tx	90 50 00 FF	reply		
2026-09-14T23:40:39.674	processor:50066	rx	81 09 04 38 FF	inquiry	AutoFocus	
2026-09-14T23:40:39.674	processor:50066	tx	90 50 02 FF	reply		
2026-09-14T23:40:39.689	processor:50066	rx	81 09 04 33 FF	inquiry	Backlight	
2026-09-14T23:40:39.689	processor:50066	tx	90 50 03 FF	reply		
2026-09-14T23:40:39.696	processor:50066	rx	81 09 04 62 FF	inquiry	FreezeFrame	
2026-09-14T23:40:39.696	processor:50066	tx	90 50 03 FF	reply		
2026-09-14T23:40:42.877	processor:50066	rx	81 09 04 00 FF	inquiry	Power	
2026-09-14T23:40:42.877	processor:50066	tx	90 50 02 FF	reply		
2026-09-14T23:40:42.890	processor:50066	rx	81 09 08 01 FF	inquiry	TrackingFraming	
2026-09-14T23:40:42.890	processor:50066	tx	90 50 03 FF	reply		
2026-09-14T23:40:42.899	processor:50066	rx	81 09 04 39 FF	inquiry	AutoExposure	
2026-09-14T23:40:42.899	processor:50066	tx	90 50 00 FF	reply		
2026-09-14T23:40:42.909	processor:50066	rx	81 09 04 35 FF	inquiry	WhiteBalance	
2026-09-14T23:40:42.909	processor:50066	tx	90 50 00 FF	reply		
2026-09-14T23:40:42.916	processor:50066	rx	81 09 04 38 FF	inquiry	AutoFocus	
2026-09-14T23:40:42.916	processor:50066	tx	90 50 02 FF	reply		
2026-09-14T23:40:42.928	processor:50066	rx	81 09 04 33 FF	inquiry	Backlight	
2026-09-14T23:40:42.928	processor:50066	tx	90 50 03 FF	reply		
2026-09-14T23:40:42.953	processor:50066	rx	81 09 04 62 FF	inquiry	FreezeFrame	
2026-09-14T23:40:42.959	processor:50066	tx	90 50 03 FF	reply		
2026-09-14T23:40:45.971	processor:50066	rx	81 09 04 00 FF	inquiry	Power	
2026-09-14T23:40:45.971	processor:50066	tx	90 50 02 FF	reply		
2026-09-14T23:40:45.983	processor:50066	rx	81 09 08 01 FF	inquiry	TrackingFraming	
2026-09-14T23:40:45.983	processor:50066	tx	90 50 03 FF	reply		
2026-09-14T23:40:45.993	processor:50066	rx	81 09 04 39 FF	inquiry	AutoExposure	
2026-09-14T23:40:45.995	processor:50066	tx	90 50 00 FF	reply		
2026-09-14T23:40:46.004	processor:50066	rx	81 09 04 35 FF	inquiry	WhiteBalance	
2026-09-14T23:40:46.004	processor:50066	tx	90 50 00 FF	reply		
2026-09-14T23:40:46.007	processor:50066	rx	81 09 04 38 FF	inquiry	AutoFocus	
2026-09-14T23:40:46.007	processor:50066	tx	90 50 02 FF	reply		
2026-09-14T23:40:46.025	processor:50066	rx	81 09 04 33 FF	inquiry	Backlight	
2026-09-14T23:40:46.025	processor:50066	tx	90 50 03 FF	reply		
2026-09-14T23:40:46.032	processor:50066	rx	81 09 04 62 FF	inquiry	FreezeFrame	
2026-09-14T23:40:46.032	processor:50066	tx	90 50 03 FF	reply		
2026-09-14T23:40:49.032	processor:50066	rx	81 09 04 00 FF	inquiry	Power	
2026-09-14T23:40:49.032	processor:50066	tx	90 50 02 FF	reply		
2026-09-14T23:40:49.041	processor:50066	rx	81 09 08 01 FF	inquiry	TrackingFraming	
2026-09-14T23:40:49.041	processor:50066	tx	90 50 03 FF	reply		
2026-09-14T23:40:49.059	processor:50066	rx	81 09 04 39 FF	inquiry	AutoExposure	
2026-09-14T23:40:49.059	processor:50066	tx	90 50 00 FF	reply		
2026-09-14T23:40:49.064	processor:50066	rx	81 09 04 35 FF	inquiry	WhiteBalance	
2026-09-14T23:40:49.064	processor:50066	tx	90 50 00 FF	reply		
2026-09-14T23:40:49.079	processor:50066	rx	81 09 04 38 FF	inquiry	AutoFocus	
2026-09-14T23:40:49.079	processor:50066	tx	90 50 02 FF	reply		
2026-09-14T23:40:49.087	processor:50066	rx	81 09 04 33 FF	inquiry	Backlight	
2026-09-14T23:40:49.087	processor:50066	tx	90 50 03 FF	reply		
2026-09-14T23:40:49.095	processor:50066	rx	81 09 04 62 FF	inquiry	FreezeFrame	
2026-09-14T23:40:49.095	processor:50066	tx	90 50 03 FF	reply		
2026-09-14T23:40:52.108	processor:50066	rx	81 09 04 00 FF	inquiry	Power	
2026-09-14T23:40:52.108	processor:50066	tx	90 50 02 FF	reply		
2026-09-14T23:40:52.121	processor:50066	rx	81 09 08 01 FF	inquiry	TrackingFraming	
2026-09-14T23:40:52.121	processor:50066	tx	90 50 03 FF	reply		
2026-09-14T23:40:52.128	processor:50066	rx	81 09 04 39 FF	inquiry	AutoExposure	
2026-09-14T23:40:52.128	processor:50066	tx	90 50 00 FF	reply		
2026-09-14T23:40:52.137	processor:50066	rx	81 09 04 35 FF	inquiry	WhiteBalance	
2026-09-14T23:40:52.137	processor:50066	tx	90 50 00 FF	reply		
2026-09-14T23:40:52.152	processor:50066	rx	81 09 04 38 FF	inquiry	AutoFocus	
2026-09-14T23:40:52.152	processor:50066	tx	90 50 02 FF	reply		
2026-09-14T23:40:52.162	processor:50066	rx	81 09 04 33 FF	inquiry	Backlight	
2026-09-14T23:40:52.162	processor:50066	tx	90 50 03 FF	reply		
2026-09-14T23:40:52.168	processor:50066	rx	81 09 04 62 FF	inquiry	FreezeFrame	
2026-09-14T23:40:52.168	processor:50066	tx	90 50 03 FF	reply		
2026-09-14T23:40:55.189	processor:50066	rx	81 09 04 00 FF	inquiry	Power	
2026-09-14T23:40:55.189	processor:50066	tx	90 50 02 FF	reply		
2026-09-14T23:40:55.200	processor:50066	rx	81 09 08 01 FF	inquiry	TrackingFraming	
2026-09-14T23:40:55.200	processor:50066	tx	90 50 03 FF	reply		
2026-09-14T23:40:55.200	processor:50066	rx	81 09 04 39 FF	inquiry	AutoExposure	
2026-09-14T23:40:55.200	processor:50066	tx	90 50 00 FF	reply		
2026-09-14T23:40:55.220	processor:50066	rx	81 09 04 35 FF	inquiry	WhiteBalance	
2026-09-14T23:40:55.220	processor:50066	tx	90 50 00 FF	reply		
2026-09-14T23:40:55.232	processor:50066	rx	81 09 04 38 FF	inquiry	AutoFocus	
2026-09-14T23:40:55.232	processor:50066	tx	90 50 02 FF	reply		
2026-09-14T23:40:55.234	processor:50066	rx	81 09 04 33 FF	inquiry	Backlight	
2026-09-14T23:40:55.234	processor:50066	tx	90 50 03 FF	reply		
2026-09-14T23:40:55.251	processor:50066	rx	81 09 04 62 FF	inquiry	FreezeFrame	
2026-09-14T23:40:55.251	processor:50066	tx	90 50 03 FF	reply		
2026-09-14T23:40:58.257	processor:50066	rx	81 09 04 00 FF	inquiry	Power	
2026-09-14T23:40:58.257	processor:50066	tx	90 50 02 FF	reply		
2026-09-14T23:40:58.264	processor:50066	rx	81 09 08 01 FF	inquiry	TrackingFraming	
2026-09-14T23:40:58.274	processor:50066	tx	90 50 03 FF	reply		
2026-09-14T23:40:58.282	processor:50066	rx	81 09 04 39 FF	inquiry	AutoExposure	
2026-09-14T23:40:58.282	processor:50066	tx	90 50 00 FF	reply		
2026-09-14T23:40:58.291	processor:50066	rx	81 09 04 35 FF	inquiry	WhiteBalance	
2026-09-14T23:40:58.291	processor:50066	tx	90 50 00 FF	reply		
2026-09-14T23:40:58.302	processor:50066	rx	81 09 04 38 FF	inquiry	AutoFocus	
2026-09-14T23:40:58.302	processor:50066	tx	90 50 02 FF	reply		
2026-09-14T23:40:58.313	processor:50066	rx	81 09 04 33 FF	inquiry	Backlight	
2026-09-14T23:40:58.313	processor:50066	tx	90 50 03 FF	reply		
2026-09-14T23:40:58.313	processor:50066	rx	81 09 04 62 FF	inquiry	FreezeFrame	
2026-09-14T23:40:58.313	processor:50066	tx	90 50 03 FF	reply		
2026-09-14T23:41:01.313	processor:50066	rx	81 09 04 00 FF	inquiry	Power	
2026-09-14T23:41:01.313	processor:50066	tx	90 50 02 FF	reply		
2026-09-14T23:41:01.332	processor:50066	rx	81 09 08 01 FF	inquiry	TrackingFraming	
2026-09-14T23:41:01.334	processor:50066	tx	90 50 03 FF	reply		
2026-09-14T23:41:01.344	processor:50066	rx	81 09 04 39 FF	inquiry	AutoExposure	
2026-09-14T23:41:01.344	processor:50066	tx	90 50 00 FF	reply		
2026-09-14T23:41:01.354	processor:50066	rx	81 09 04 35 FF	inquiry	WhiteBalance	
2026-09-14T23:41:01.354	processor:50066	tx	90 50 00 FF	reply		
2026-09-14T23:41:01.365	processor:50066	rx	81 09 04 38 FF	inquiry	AutoFocus	
2026-09-14T23:41:01.365	processor:50066	tx	90 50 02 FF	reply		
2026-09-14T23:41:01.378	processor:50066	rx	81 09 04 33 FF	inquiry	Backlight	
2026-09-14T23:41:01.378	processor:50066	tx	90 50 03 FF	reply		
2026-09-14T23:41:01.422	processor:50066	rx	81 09 04 62 FF	inquiry	FreezeFrame	
2026-09-14T23:41:01.422	processor:50066	tx	90 50 03 FF	reply		
2026-09-14T23:41:04.421	processor:50066	rx	81 09 04 00 FF	inquiry	Power	
2026-09-14T23:41:04.421	processor:50066	tx	90 50 02 FF	reply		
2026-09-14T23:41:04.434	processor:50066	rx	81 09 08 01 FF	inquiry	TrackingFraming	
2026-09-14T23:41:04.434	processor:50066	tx	90 50 03 FF	reply		
2026-09-14T23:41:04.444	processor:50066	rx	81 09 04 39 FF	inquiry	AutoExposure	
2026-09-14T23:41:04.444	processor:50066	tx	90 50 00 FF	reply		
2026-09-14T23:41:04.455	processor:50066	rx	81 09 04 35 FF	inquiry	WhiteBalance	
2026-09-14T23:41:04.455	processor:50066	tx	90 50 00 FF	reply		
2026-09-14T23:41:04.464	processor:50066	rx	81 09 04 38 FF	inquiry	AutoFocus	
2026-09-14T23:41:04.464	processor:50066	tx	90 50 02 FF	reply		
2026-09-14T23:41:04.474	processor:50066	rx	81 09 04 33 FF	inquiry	Backlight	
2026-09-14T23:41:04.474	processor:50066	tx	90 50 03 FF	reply		
2026-09-14T23:41:04.483	processor:50066	rx	81 09 04 62 FF	inquiry	FreezeFrame	
2026-09-14T23:41:04.483	processor:50066	tx	90 50 03 FF	reply		
2026-09-14T23:41:07.491	processor:50066	rx	81 09 04 00 FF	inquiry	Power	
2026-09-14T23:41:07.491	processor:50066	tx	90 50 02 FF	reply		
2026-09-14T23:41:07.506	processor:50066	rx	81 09 08 01 FF	inquiry	TrackingFraming	
2026-09-14T23:41:07.506	processor:50066	tx	90 50 03 FF	reply		
2026-09-14T23:41:07.511	processor:50066	rx	81 09 04 39 FF	inquiry	AutoExposure	
2026-09-14T23:41:07.511	processor:50066	tx	90 50 00 FF	reply		
2026-09-14T23:41:07.517	processor:50066	rx	81 09 04 35 FF	inquiry	WhiteBalance	
2026-09-14T23:41:07.517	processor:50066	tx	90 50 00 FF	reply		
2026-09-14T23:41:07.532	processor:50066	rx	81 09 04 38 FF	inquiry	AutoFocus	
2026-09-14T23:41:07.532	processor:50066	tx	90 50 02 FF	reply		
2026-09-14T23:41:07.544	processor:50066	rx	81 09 04 33 FF	inquiry	Backlight	
2026-09-14T23:41:07.544	processor:50066	tx	90 50 03 FF	reply		
2026-09-14T23:41:07.554	processor:50066	rx	81 09 04 62 FF	inquiry	FreezeFrame	
2026-09-14T23:41:07.554	processor:50066	tx	90 50 03 FF	reply		
2026-09-14T23:41:10.563	processor:50066	rx	81 09 04 00 FF	inquiry	Power	
2026-09-14T23:41:10.563	processor:50066	tx	90 50 02 FF	reply		
2026-09-14T23:41:10.576	processor:50066	rx	81 09 08 01 FF	inquiry	TrackingFraming	
2026-09-14T23:41:10.576	processor:50066	tx	90 50 03 FF	reply		
2026-09-14T23:41:10.585	processor:50066	rx	81 09 04 39 FF	inquiry	AutoExposure	
2026-09-14T23:41:10.585	processor:50066	tx	90 50 00 FF	reply		
2026-09-14T23:41:10.597	processor:50066	rx	81 09 04 35 FF	inquiry	WhiteBalance	
2026-09-14T23:41:10.597	processor:50066	tx	90 50 00 FF	reply		
2026-09-14T23:41:10.605	processor:50066	rx	81 09 04 38 FF	inquiry	AutoFocus	
2026-09-14T23:41:10.606	processor:50066	tx	90 50 02 FF	reply		
2026-09-14T23:41:10.616	processor:50066	rx	81 09 04 33 FF	inquiry	Backlight	
2026-09-14T23:41:10.616	processor:50066	tx	90 50 03 FF	reply		
2026-09-14T23:41:10.626	processor:50066	rx	81 09 04 62 FF	inquiry	FreezeFrame	
2026-09-14T23:41:10.626	processor:50066	tx	90 50 03 FF	reply		
2026-09-14T23:41:13.655	processor:50066	rx	81 09 04 00 FF	inquiry	Power	
2026-09-14T23:41:13.655	processor:50066	tx	90 50 02 FF	reply		
2026-09-14T23:41:13.661	processor:50066	rx	81 09 08 01 FF	inquiry	TrackingFraming	
2026-09-14T23:41:13.661	processor:50066	tx	90 50 03 FF	reply		
2026-09-14T23:41:13.675	processor:50066	rx	81 09 04 39 FF	inquiry	AutoExposure	
2026-09-14T23:41:13.675	processor:50066	tx	90 50 00 FF	reply		
2026-09-14T23:41:13.681	processor:50066	rx	81 09 04 35 FF	inquiry	WhiteBalance	
2026-09-14T23:41:13.681	processor:50066	tx	90 50 00 FF	reply		
2026-09-14T23:41:13.693	processor:50066	rx	81 09 04 38 FF	inquiry	AutoFocus	
2026-09-14T23:41:13.693	processor:50066	tx	90 50 02 FF	reply		
2026-09-14T23:41:13.707	processor:50066	rx	81 09 04 33 FF	inquiry	Backlight	
2026-09-14T23:41:13.707	processor:50066	tx	90 50 03 FF	reply		
2026-09-14T23:41:13.713	processor:50066	rx	81 09 04 62 FF	inquiry	FreezeFrame	
2026-09-14T23:41:13.713	processor:50066	tx	90 50 03 FF	reply		
2026-09-14T23:41:16.722	processor:50066	rx	81 09 04 00 FF	inquiry	Power	
2026-09-14T23:41:16.722	processor:50066	tx	90 50 02 FF	reply		
2026-09-14T23:41:16.737	processor:50066	rx	81 09 08 01 FF	inquiry	TrackingFraming	
2026-09-14T23:41:16.737	processor:50066	tx	90 50 03 FF	reply		
2026-09-14T23:41:16.743	processor:50066	rx	81 09 04 39 FF	inquiry	AutoExposure	
2026-09-14T23:41:16.743	processor:50066	tx	90 50 00 FF	reply		
2026-09-14T23:41:16.754	processor:50066	rx	81 09 04 35 FF	inquiry	WhiteBalance	
2026-09-14T23:41:16.754	processor:50066	tx	90 50 00 FF	reply		
2026-09-14T23:41:16.754	processor:50066	rx	81 09 04 38 FF	inquiry	AutoFocus	
2026-09-14T23:41:16.754	processor:50066	tx	90 50 02 FF	reply		
2026-09-14T23:41:16.776	processor:50066	rx	81 09 04 33 FF	inquiry	Backlight	
2026-09-14T23:41:16.776	processor:50066	tx	90 50 03 FF	reply		
2026-09-14T23:41:16.786	processor:50066	rx	81 09 04 62 FF	inquiry	FreezeFrame	
2026-09-14T23:41:16.786	processor:50066	tx	90 50 03 FF	reply		
2026-09-14T23:41:19.802	processor:50066	rx	81 09 04 00 FF	inquiry	Power	
2026-09-14T23:41:19.802	processor:50066	tx	90 50 02 FF	reply		
2026-09-14T23:41:19.819	processor:50066	rx	81 09 08 01 FF	inquiry	TrackingFraming	
2026-09-14T23:41:19.819	processor:50066	tx	90 50 03 FF	reply		
2026-09-14T23:41:19.828	processor:50066	rx	81 09 04 39 FF	inquiry	AutoExposure	
2026-09-14T23:41:19.828	processor:50066	tx	90 50 00 FF	reply		
2026-09-14T23:41:19.837	processor:50066	rx	81 09 04 35 FF	inquiry	WhiteBalance	
2026-09-14T23:41:19.837	processor:50066	tx	90 50 00 FF	reply		
2026-09-14T23:41:19.848	processor:50066	rx	81 09 04 38 FF	inquiry	AutoFocus	
2026-09-14T23:41:19.848	processor:50066	tx	90 50 02 FF	reply		
2026-09-14T23:41:19.853	processor:50066	rx	81 09 04 33 FF	inquiry	Backlight	
2026-09-14T23:41:19.853	processor:50066	tx	90 50 03 FF	reply		
2026-09-14T23:41:19.867	processor:50066	rx	81 09 04 62 FF	inquiry	FreezeFrame	
2026-09-14T23:41:19.867	processor:50066	tx	90 50 03 FF	reply		
2026-09-14T23:41:22.884	processor:50066	rx	81 09 04 00 FF	inquiry	Power	
2026-09-14T23:41:22.884	processor:50066	tx	90 50 02 FF	reply		
2026-09-14T23:41:22.899	processor:50066	rx	81 09 08 01 FF	inquiry	TrackingFraming	
2026-09-14T23:41:22.899	processor:50066	tx	90 50 03 FF	reply		
2026-09-14T23:41:22.926	processor:50066	rx	81 09 04 39 FF	inquiry	AutoExposure	
2026-09-14T23:41:22.926	processor:50066	tx	90 50 00 FF	reply		
2026-09-14T23:41:22.942	processor:50066	rx	81 09 04 35 FF	inquiry	WhiteBalance	
2026-09-14T23:41:22.944	processor:50066	tx	90 50 00 FF	reply		
2026-09-14T23:41:22.959	processor:50066	rx	81 09 04 38 FF	inquiry	AutoFocus	
2026-09-14T23:41:22.959	processor:50066	tx	90 50 02 FF	reply		
2026-09-14T23:41:22.970	processor:50066	rx	81 09 04 33 FF	inquiry	Backlight	
2026-09-14T23:41:22.970	processor:50066	tx	90 50 03 FF	reply		
2026-09-14T23:41:22.975	processor:50066	rx	81 09 04 62 FF	inquiry	FreezeFrame	
2026-09-14T23:41:22.975	processor:50066	tx	90 50 03 FF	reply		
2026-09-14T23:41:25.953	processor:50066	rx	81 09 04 00 FF	inquiry	Power	
2026-09-14T23:41:25.953	processor:50066	tx	90 50 02 FF	reply		
2026-09-14T23:41:25.970	processor:50066	rx	81 09 08 01 FF	inquiry	TrackingFraming	
2026-09-14T23:41:25.970	processor:50066	tx	90 50 03 FF	reply		
2026-09-14T23:41:25.979	processor:50066	rx	81 09 04 39 FF	inquiry	AutoExposure	
2026-09-14T23:41:25.979	processor:50066	tx	90 50 00 FF	reply		
2026-09-14T23:41:25.989	processor:50066	rx	81 09 04 35 FF	inquiry	WhiteBalance	
2026-09-14T23:41:25.989	processor:50066	tx	90 50 00 FF	reply		
2026-09-14T23:41:25.995	processor:50066	rx	81 09 04 38 FF	inquiry	AutoFocus	
2026-09-14T23:41:25.995	processor:50066	tx	90 50 02 FF	reply		
2026-09-14T23:41:26.011	processor:50066	rx	81 09 04 33 FF	inquiry	Backlight	
2026-09-14T23:41:26.011	processor:50066	tx	90 50 03 FF	reply		
2026-09-14T23:41:26.021	processor:50066	rx	81 09 04 62 FF	inquiry	FreezeFrame	
2026-09-14T23:41:26.021	processor:50066	tx	90 50 03 FF	reply		
2026-09-14T23:41:29.024	processor:50066	rx	81 09 04 00 FF	inquiry	Power	
2026-09-14T23:41:29.024	processor:50066	tx	90 50 02 FF	reply		
2026-09-14T23:41:29.036	processor:50066	rx	81 09 08 01 FF	inquiry	TrackingFraming	
2026-09-14T23:41:29.038	processor:50066	tx	90 50 03 FF	reply		
2026-09-14T23:41:29.046	processor:50066	rx	81 09 04 39 FF	inquiry	AutoExposure	
2026-09-14T23:41:29.048	processor:50066	tx	90 50 00 FF	reply		
2026-09-14T23:41:29.057	processor:50066	rx	81 09 04 35 FF	inquiry	WhiteBalance	
2026-09-14T23:41:29.057	processor:50066	tx	90 50 00 FF	reply		
2026-09-14T23:41:29.065	processor:50066	rx	81 09 04 38 FF	inquiry	AutoFocus	
2026-09-14T23:41:29.065	processor:50066	tx	90 50 02 FF	reply		
2026-09-14T23:41:29.075	processor:50066	rx	81 09 04 33 FF	inquiry	Backlight	
2026-09-14T23:41:29.075	processor:50066	tx	90 50 03 FF	reply		
2026-09-14T23:41:29.075	processor:50066	rx	81 09 04 62 FF	inquiry	FreezeFrame	
2026-09-14T23:41:29.075	processor:50066	tx	90 50 03 FF	reply		
2026-09-14T23:41:32.092	processor:50066	rx	81 09 04 00 FF	inquiry	Power	
2026-09-14T23:41:32.092	processor:50066	tx	90 50 02 FF	reply		
2026-09-14T23:41:32.103	processor:50066	rx	81 09 08 01 FF	inquiry	TrackingFraming	
2026-09-14T23:41:32.103	processor:50066	tx	90 50 03 FF	reply		
2026-09-14T23:41:32.112	processor:50066	rx	81 09 04 39 FF	inquiry	AutoExposure	
2026-09-14T23:41:32.112	processor:50066	tx	90 50 00 FF	reply		
2026-09-14T23:41:32.129	processor:50066	rx	81 09 04 35 FF	inquiry	WhiteBalance	
2026-09-14T23:41:32.129	processor:50066	tx	90 50 00 FF	reply		
2026-09-14T23:41:32.136	processor:50066	rx	81 09 04 38 FF	inquiry	AutoFocus	
2026-09-14T23:41:32.136	processor:50066	tx	90 50 02 FF	reply		
2026-09-14T23:41:32.147	processor:50066	rx	81 09 04 33 FF	inquiry	Backlight	
2026-09-14T23:41:32.147	processor:50066	tx	90 50 03 FF	reply		
2026-09-14T23:41:32.152	processor:50066	rx	81 09 04 62 FF	inquiry	FreezeFrame	
2026-09-14T23:41:32.152	processor:50066	tx	90 50 03 FF	reply		
2026-09-14T23:41:35.166	processor:50066	rx	81 09 04 00 FF	inquiry	Power	
2026-09-14T23:41:35.166	processor:50066	tx	90 50 02 FF	reply		
2026-09-14T23:41:35.168	processor:50066	rx	81 09 08 01 FF	inquiry	TrackingFraming	
2026-09-14T23:41:35.168	processor:50066	tx	90 50 03 FF	reply		
2026-09-14T23:41:35.183	processor:50066	rx	81 09 04 39 FF	inquiry	AutoExposure	
2026-09-14T23:41:35.183	processor:50066	tx	90 50 00 FF	reply		
2026-09-14T23:41:35.198	processor:50066	rx	81 09 04 35 FF	inquiry	WhiteBalance	
2026-09-14T23:41:35.199	processor:50066	tx	90 50 00 FF	reply		
2026-09-14T23:41:35.199	processor:50066	rx	81 09 04 38 FF	inquiry	AutoFocus	
2026-09-14T23:41:35.199	processor:50066	tx	90 50 02 FF	reply		
2026-09-14T23:41:35.217	processor:50066	rx	81 09 04 33 FF	inquiry	Backlight	
2026-09-14T23:41:35.217	processor:50066	tx	90 50 03 FF	reply		
2026-09-14T23:41:35.217	processor:50066	rx	81 09 04 62 FF	inquiry	FreezeFrame	
2026-09-14T23:41:35.217	processor:50066	tx	90 50 03 FF	reply		
2026-09-14T23:41:38.233	processor:50066	rx	81 09 04 00 FF	inquiry	Power	
2026-09-14T23:41:38.233	processor:50066	tx	90 50 02 FF	reply		
2026-09-14T23:41:38.238	processor:50066	rx	81 09 08 01 FF	inquiry	TrackingFraming	
2026-09-14T23:41:38.238	processor:50066	tx	90 50 03 FF	reply		
2026-09-14T23:41:38.255	processor:50066	rx	81 09 04 39 FF	inquiry	AutoExposure	
2026-09-14T23:41:38.255	processor:50066	tx	90 50 00 FF	reply		
2026-09-14T23:41:38.265	processor:50066	rx	81 09 04 35 FF	inquiry	WhiteBalance	
2026-09-14T23:41:38.265	processor:50066	tx	90 50 00 FF	reply		
2026-09-14T23:41:38.276	processor:50066	rx	81 09 04 38 FF	inquiry	AutoFocus	
2026-09-14T23:41:38.276	processor:50066	tx	90 50 02 FF	reply		
2026-09-14T23:41:38.283	processor:50066	rx	81 09 04 33 FF	inquiry	Backlight	
2026-09-14T23:41:38.283	processor:50066	tx	90 50 03 FF	reply		
2026-09-14T23:41:38.289	processor:50066	rx	81 09 04 62 FF	inquiry	FreezeFrame	
2026-09-14T23:41:38.289	processor:50066	tx	90 50 03 FF	reply		
2026-09-14T23:41:41.301	processor:50066	rx	81 09 04 00 FF	inquiry	Power	
2026-09-14T23:41:41.301	processor:50066	tx	90 50 02 FF	reply		
2026-09-14T23:41:41.318	processor:50066	rx	81 09 08 01 FF	inquiry	TrackingFraming	
2026-09-14T23:41:41.318	processor:50066	tx	90 50 03 FF	reply		
2026-09-14T23:41:41.326	processor:50066	rx	81 09 04 39 FF	inquiry	AutoExposure	
2026-09-14T23:41:41.326	processor:50066	tx	90 50 00 FF	reply		
2026-09-14T23:41:41.335	processor:50066	rx	81 09 04 35 FF	inquiry	WhiteBalance	
2026-09-14T23:41:41.335	processor:50066	tx	90 50 00 FF	reply		
2026-09-14T23:41:41.343	processor:50066	rx	81 09 04 38 FF	inquiry	AutoFocus	
2026-09-14T23:41:41.343	processor:50066	tx	90 50 02 FF	reply		
2026-09-14T23:41:41.359	processor:50066	rx	81 09 04 33 FF	inquiry	Backlight	
2026-09-14T23:41:41.359	processor:50066	tx	90 50 03 FF	reply		
2026-09-14T23:41:41.359	processor:50066	rx	81 09 04 62 FF	inquiry	FreezeFrame	
2026-09-14T23:41:41.359	processor:50066	tx	90 50 03 FF	reply		
2026-09-14T23:41:44.373	processor:50066	rx	81 09 04 00 FF	inquiry	Power	
2026-09-14T23:41:44.373	processor:50066	tx	90 50 02 FF	reply		
2026-09-14T23:41:44.379	processor:50066	rx	81 09 08 01 FF	inquiry	TrackingFraming	
2026-09-14T23:41:44.379	processor:50066	tx	90 50 03 FF	reply		
2026-09-14T23:41:44.396	processor:50066	rx	81 09 04 39 FF	inquiry	AutoExposure	
2026-09-14T23:41:44.396	processor:50066	tx	90 50 00 FF	reply		
2026-09-14T23:41:44.408	processor:50066	rx	81 09 04 35 FF	inquiry	WhiteBalance	
2026-09-14T23:41:44.408	processor:50066	tx	90 50 00 FF	reply		
2026-09-14T23:41:44.420	processor:50066	rx	81 09 04 38 FF	inquiry	AutoFocus	
2026-09-14T23:41:44.421	processor:50066	tx	90 50 02 FF	reply		
2026-09-14T23:41:44.430	processor:50066	rx	81 09 04 33 FF	inquiry	Backlight	
2026-09-14T23:41:44.430	processor:50066	tx	90 50 03 FF	reply		
2026-09-14T23:41:44.440	processor:50066	rx	81 09 04 62 FF	inquiry	FreezeFrame	
2026-09-14T23:41:44.441	processor:50066	tx	90 50 03 FF	reply		
2026-09-14T23:41:47.468	processor:50066	rx	81 09 04 00 FF	inquiry	Power	
2026-09-14T23:41:47.468	processor:50066	tx	90 50 02 FF	reply		
2026-09-14T23:41:47.491	processor:50066	rx	81 09 08 01 FF	inquiry	TrackingFraming	
2026-09-14T23:41:47.491	processor:50066	tx	90 50 03 FF	reply		
2026-09-14T23:41:47.507	processor:50066	rx	81 09 04 39 FF	inquiry	AutoExposure	
2026-09-14T23:41:47.507	processor:50066	tx	90 50 00 FF	reply		
2026-09-14T23:41:47.524	processor:50066	rx	81 09 04 35 FF	inquiry	WhiteBalance	
2026-09-14T23:41:47.524	processor:50066	tx	90 50 00 FF	reply		
2026-09-14T23:41:47.534	processor:50066	rx	81 09 04 38 FF	inquiry	AutoFocus	
2026-09-14T23:41:47.534	processor:50066	tx	90 50 02 FF	reply		
2026-09-14T23:41:47.541	processor:50066	rx	81 09 04 33 FF	inquiry	Backlight	
2026-09-14T23:41:47.541	processor:50066	tx	90 50 03 FF	reply		
2026-09-14T23:41:47.554	processor:50066	rx	81 09 04 62 FF	inquiry	FreezeFrame	
2026-09-14T23:41:47.554	processor:50066	tx	90 50 03 FF	reply		
2026-09-14T23:41:50.552	processor:50066	rx	81 09 04 00 FF	inquiry	Power	
2026-09-14T23:41:50.552	processor:50066	tx	90 50 02 FF	reply		
2026-09-14T23:41:50.564	processor:50066	rx	81 09 08 01 FF	inquiry	TrackingFraming	
2026-09-14T23:41:50.573	processor:50066	tx	90 50 03 FF	reply		
2026-09-14T23:41:50.600	processor:50066	rx	81 09 04 39 FF	inquiry	AutoExposure	
2026-09-14T23:41:50.600	processor:50066	tx	90 50 00 FF	reply		
2026-09-14T23:41:50.615	processor:50066	rx	81 09 04 35 FF	inquiry	WhiteBalance	
2026-09-14T23:41:50.615	processor:50066	tx	90 50 00 FF	reply		
2026-09-14T23:41:50.626	processor:50066	rx	81 09 04 38 FF	inquiry	AutoFocus	
2026-09-14T23:41:50.627	processor:50066	tx	90 50 02 FF	reply		
2026-09-14T23:41:50.629	processor:50066	rx	81 09 04 33 FF	inquiry	Backlight	
2026-09-14T23:41:50.629	processor:50066	tx	90 50 03 FF	reply		
2026-09-14T23:41:50.658	processor:50066	rx	81 09 04 62 FF	inquiry	FreezeFrame	
2026-09-14T23:41:50.658	processor:50066	tx	90 50 03 FF	reply		
2026-09-14T23:41:53.645	processor:50066	rx	81 09 04 00 FF	inquiry	Power	
2026-09-14T23:41:53.645	processor:50066	tx	90 50 02 FF	reply		
2026-09-14T23:41:53.658	processor:50066	rx	81 09 08 01 FF	inquiry	TrackingFraming	
2026-09-14T23:41:53.658	processor:50066	tx	90 50 03 FF	reply		
2026-09-14T23:41:53.662	processor:50066	rx	81 09 04 39 FF	inquiry	AutoExposure	
2026-09-14T23:41:53.662	processor:50066	tx	90 50 00 FF	reply		
2026-09-14T23:41:53.679	processor:50066	rx	81 09 04 35 FF	inquiry	WhiteBalance	
2026-09-14T23:41:53.679	processor:50066	tx	90 50 00 FF	reply		
2026-09-14T23:41:53.696	processor:50066	rx	81 09 04 38 FF	inquiry	AutoFocus	
2026-09-14T23:41:53.696	processor:50066	tx	90 50 02 FF	reply		
2026-09-14T23:41:53.713	processor:50066	rx	81 09 04 33 FF	inquiry	Backlight	
2026-09-14T23:41:53.720	processor:50066	tx	90 50 03 FF	reply		
2026-09-14T23:41:53.748	processor:50066	rx	81 09 04 62 FF	inquiry	FreezeFrame	
2026-09-14T23:41:53.751	processor:50066	tx	90 50 03 FF	reply		
2026-09-14T23:41:56.730	processor:50066	rx	81 09 04 00 FF	inquiry	Power	
2026-09-14T23:41:56.730	processor:50066	tx	90 50 02 FF	reply		
2026-09-14T23:41:56.736	processor:50066	rx	81 09 08 01 FF	inquiry	TrackingFraming	
2026-09-14T23:41:56.736	processor:50066	tx	90 50 03 FF	reply		
2026-09-14T23:41:56.752	processor:50066	rx	81 09 04 39 FF	inquiry	AutoExposure	
2026-09-14T23:41:56.752	processor:50066	tx	90 50 00 FF	reply		
2026-09-14T23:41:56.764	processor:50066	rx	81 09 04 35 FF	inquiry	WhiteBalance	
2026-09-14T23:41:56.764	processor:50066	tx	90 50 00 FF	reply		
2026-09-14T23:41:56.773	processor:50066	rx	81 09 04 38 FF	inquiry	AutoFocus	
2026-09-14T23:41:56.773	processor:50066	tx	90 50 02 FF	reply		
2026-09-14T23:41:56.783	processor:50066	rx	81 09 04 33 FF	inquiry	Backlight	
2026-09-14T23:41:56.783	processor:50066	tx	90 50 03 FF	reply		
2026-09-14T23:41:56.792	processor:50066	rx	81 09 04 62 FF	inquiry	FreezeFrame	
2026-09-14T23:41:56.793	processor:50066	tx	90 50 03 FF	reply		
2026-09-14T23:41:59.816	processor:50066	rx	81 09 04 00 FF	inquiry	Power	
2026-09-14T23:41:59.816	processor:50066	tx	90 50 02 FF	reply		
2026-09-14T23:41:59.818	processor:50066	rx	81 09 08 01 FF	inquiry	TrackingFraming	
2026-09-14T23:41:59.818	processor:50066	tx	90 50 03 FF	reply		
2026-09-14T23:41:59.837	processor:50066	rx	81 09 04 39 FF	inquiry	AutoExposure	
2026-09-14T23:41:59.837	processor:50066	tx	90 50 00 FF	reply		
2026-09-14T23:41:59.848	processor:50066	rx	81 09 04 35 FF	inquiry	WhiteBalance	
2026-09-14T23:41:59.848	processor:50066	tx	90 50 00 FF	reply		
2026-09-14T23:41:59.852	processor:50066	rx	81 09 04 38 FF	inquiry	AutoFocus	
2026-09-14T23:41:59.852	processor:50066	tx	90 50 02 FF	reply		
2026-09-14T23:41:59.866	processor:50066	rx	81 09 04 33 FF	inquiry	Backlight	
2026-09-14T23:41:59.869	processor:50066	tx	90 50 03 FF	reply		
2026-09-14T23:41:59.876	processor:50066	rx	81 09 04 62 FF	inquiry	FreezeFrame	
2026-09-14T23:41:59.876	processor:50066	tx	90 50 03 FF	reply		
2026-09-14T23:42:02.887	processor:50066	rx	81 09 04 00 FF	inquiry	Power	
2026-09-14T23:42:02.887	processor:50066	tx	90 50 02 FF	reply		
2026-09-14T23:42:02.904	processor:50066	rx	81 09 08 01 FF	inquiry	TrackingFraming	
2026-09-14T23:42:02.907	processor:50066	tx	90 50 03 FF	reply		
2026-09-14T23:42:02.914	processor:50066	rx	81 09 04 39 FF	inquiry	AutoExposure	
2026-09-14T23:42:02.914	processor:50066	tx	90 50 00 FF	reply		
2026-09-14T23:42:02.921	processor:50066	rx	81 09 04 35 FF	inquiry	WhiteBalance	
2026-09-14T23:42:02.921	processor:50066	tx	90 50 00 FF	reply		
2026-09-14T23:42:02.930	processor:50066	rx	81 09 04 38 FF	inquiry	AutoFocus	
2026-09-14T23:42:02.930	processor:50066	tx	90 50 02 FF	reply		
2026-09-14T23:42:02.945	processor:50066	rx	81 09 04 33 FF	inquiry	Backlight	
2026-09-14T23:42:02.945	processor:50066	tx	90 50 03 FF	reply		
2026-09-14T23:42:02.955	processor:50066	rx	81 09 04 62 FF	inquiry	FreezeFrame	
2026-09-14T23:42:02.955	processor:50066	tx	90 50 03 FF	reply		
2026-09-14T23:42:05.961	processor:50066	rx	81 09 04 00 FF	inquiry	Power	
2026-09-14T23:42:05.961	processor:50066	tx	90 50 02 FF	reply		
2026-09-14T23:42:05.973	processor:50066	rx	81 09 08 01 FF	inquiry	TrackingFraming	
2026-09-14T23:42:05.974	processor:50066	tx	90 50 03 FF	reply		
2026-09-14T23:42:05.977	processor:50066	rx	81 09 04 39 FF	inquiry	AutoExposure	
2026-09-14T23:42:05.977	processor:50066	tx	90 50 00 FF	reply		
2026-09-14T23:42:05.993	processor:50066	rx	81 09 04 35 FF	inquiry	WhiteBalance	
2026-09-14T23:42:05.993	processor:50066	tx	90 50 00 FF	reply		
2026-09-14T23:42:06.003	processor:50066	rx	81 09 04 38 FF	inquiry	AutoFocus	
2026-09-14T23:42:06.003	processor:50066	tx	90 50 02 FF	reply		
2026-09-14T23:42:06.009	processor:50066	rx	81 09 04 33 FF	inquiry	Backlight	
2026-09-14T23:42:06.009	processor:50066	tx	90 50 03 FF	reply		
2026-09-14T23:42:06.027	processor:50066	rx	81 09 04 62 FF	inquiry	FreezeFrame	
2026-09-14T23:42:06.027	processor:50066	tx	90 50 03 FF	reply		
2026-09-14T23:42:09.027	processor:50066	rx	81 09 04 00 FF	inquiry	Power	
2026-09-14T23:42:09.027	processor:50066	tx	90 50 02 FF	reply		
2026-09-14T23:42:09.040	processor:50066	rx	81 09 08 01 FF	inquiry	TrackingFraming	
2026-09-14T23:42:09.040	processor:50066	tx	90 50 03 FF	reply		
2026-09-14T23:42:09.044	processor:50066	rx	81 09 04 39 FF	inquiry	AutoExposure	
2026-09-14T23:42:09.044	processor:50066	tx	90 50 00 FF	reply		
2026-09-14T23:42:09.061	processor:50066	rx	81 09 04 35 FF	inquiry	WhiteBalance	
2026-09-14T23:42:09.061	processor:50066	tx	90 50 00 FF	reply		
2026-09-14T23:42:09.072	processor:50066	rx	81 09 04 38 FF	inquiry	AutoFocus	
2026-09-14T23:42:09.072	processor:50066	tx	90 50 02 FF	reply		
2026-09-14T23:42:09.088	processor:50066	rx	81 09 04 33 FF	inquiry	Backlight	
2026-09-14T23:42:09.088	processor:50066	tx	90 50 03 FF	reply		
2026-09-14T23:42:09.111	processor:50066	rx	81 09 04 62 FF	inquiry	FreezeFrame	
2026-09-14T23:42:09.111	processor:50066	tx	90 50 03 FF	reply		
2026-09-14T23:42:12.110	processor:50066	rx	81 09 04 00 FF	inquiry	Power	
2026-09-14T23:42:12.110	processor:50066	tx	90 50 02 FF	reply		
2026-09-14T23:42:12.122	processor:50066	rx	81 09 08 01 FF	inquiry	TrackingFraming	
2026-09-14T23:42:12.124	processor:50066	tx	90 50 03 FF	reply		
2026-09-14T23:42:12.127	processor:50066	rx	81 09 04 39 FF	inquiry	AutoExposure	
2026-09-14T23:42:12.127	processor:50066	tx	90 50 00 FF	reply		
2026-09-14T23:42:12.141	processor:50066	rx	81 09 04 35 FF	inquiry	WhiteBalance	
2026-09-14T23:42:12.141	processor:50066	tx	90 50 00 FF	reply		
2026-09-14T23:42:12.148	processor:50066	rx	81 09 04 38 FF	inquiry	AutoFocus	
2026-09-14T23:42:12.148	processor:50066	tx	90 50 02 FF	reply		
2026-09-14T23:42:12.161	processor:50066	rx	81 09 04 33 FF	inquiry	Backlight	
2026-09-14T23:42:12.161	processor:50066	tx	90 50 03 FF	reply		
2026-09-14T23:42:12.170	processor:50066	rx	81 09 04 62 FF	inquiry	FreezeFrame	
2026-09-14T23:42:12.170	processor:50066	tx	90 50 03 FF	reply		
2026-09-14T23:42:15.192	processor:50066	rx	81 09 04 00 FF	inquiry	Power	
2026-09-14T23:42:15.192	processor:50066	tx	90 50 02 FF	reply		
2026-09-14T23:42:15.209	processor:50066	rx	81 09 08 01 FF	inquiry	TrackingFraming	
2026-09-14T23:42:15.209	processor:50066	tx	90 50 03 FF	reply		
2026-09-14T23:42:15.225	processor:50066	rx	81 09 04 39 FF	inquiry	AutoExposure	
2026-09-14T23:42:15.225	processor:50066	tx	90 50 00 FF	reply		
2026-09-14T23:42:15.242	processor:50066	rx	81 09 04 35 FF	inquiry	WhiteBalance	
2026-09-14T23:42:15.242	processor:50066	tx	90 50 00 FF	reply		
2026-09-14T23:42:15.253	processor:50066	rx	81 09 04 38 FF	inquiry	AutoFocus	
2026-09-14T23:42:15.254	processor:50066	tx	90 50 02 FF	reply		
2026-09-14T23:42:15.263	processor:50066	rx	81 09 04 33 FF	inquiry	Backlight	
2026-09-14T23:42:15.263	processor:50066	tx	90 50 03 FF	reply		
2026-09-14T23:42:15.272	processor:50066	rx	81 09 04 62 FF	inquiry	FreezeFrame	
2026-09-14T23:42:15.272	processor:50066	tx	90 50 03 FF	reply		
2026-09-14T23:42:18.273	processor:50066	rx	81 09 04 00 FF	inquiry	Power	
2026-09-14T23:42:18.273	processor:50066	tx	90 50 02 FF	reply		
2026-09-14T23:42:18.288	processor:50066	rx	81 09 08 01 FF	inquiry	TrackingFraming	
2026-09-14T23:42:18.288	processor:50066	tx	90 50 03 FF	reply		
2026-09-14T23:42:18.294	processor:50066	rx	81 09 04 39 FF	inquiry	AutoExposure	
2026-09-14T23:42:18.294	processor:50066	tx	90 50 00 FF	reply		
2026-09-14T23:42:18.305	processor:50066	rx	81 09 04 35 FF	inquiry	WhiteBalance	
2026-09-14T23:42:18.305	processor:50066	tx	90 50 00 FF	reply		
2026-09-14T23:42:18.319	processor:50066	rx	81 09 04 38 FF	inquiry	AutoFocus	
2026-09-14T23:42:18.319	processor:50066	tx	90 50 02 FF	reply		
2026-09-14T23:42:18.330	processor:50066	rx	81 09 04 33 FF	inquiry	Backlight	
2026-09-14T23:42:18.330	processor:50066	tx	90 50 03 FF	reply		
2026-09-14T23:42:18.338	processor:50066	rx	81 09 04 62 FF	inquiry	FreezeFrame	
2026-09-14T23:42:18.338	processor:50066	tx	90 50 03 FF	reply		
2026-09-14T23:42:21.355	processor:50066	rx	81 09 04 00 FF	inquiry	Power	
2026-09-14T23:42:21.355	processor:50066	tx	90 50 02 FF	reply		
2026-09-14T23:42:21.367	processor:50066	rx	81 09 08 01 FF	inquiry	TrackingFraming	
2026-09-14T23:42:21.367	processor:50066	tx	90 50 03 FF	reply		
2026-09-14T23:42:21.372	processor:50066	rx	81 09 04 39 FF	inquiry	AutoExposure	
2026-09-14T23:42:21.372	processor:50066	tx	90 50 00 FF	reply		
2026-09-14T23:42:21.384	processor:50066	rx	81 09 04 35 FF	inquiry	WhiteBalance	
2026-09-14T23:42:21.384	processor:50066	tx	90 50 00 FF	reply		
2026-09-14T23:42:21.389	processor:50066	rx	81 09 04 38 FF	inquiry	AutoFocus	
2026-09-14T23:42:21.389	processor:50066	tx	90 50 02 FF	reply		
2026-09-14T23:42:21.408	processor:50066	rx	81 09 04 33 FF	inquiry	Backlight	
2026-09-14T23:42:21.408	processor:50066	tx	90 50 03 FF	reply		
2026-09-14T23:42:21.417	processor:50066	rx	81 09 04 62 FF	inquiry	FreezeFrame	
2026-09-14T23:42:21.417	processor:50066	tx	90 50 03 FF	reply		
2026-09-14T23:42:24.425	processor:50066	rx	81 09 04 00 FF	inquiry	Power	
2026-09-14T23:42:24.425	processor:50066	tx	90 50 02 FF	reply		
2026-09-14T23:42:24.437	processor:50066	rx	81 09 08 01 FF	inquiry	TrackingFraming	
2026-09-14T23:42:24.437	processor:50066	tx	90 50 03 FF	reply		
2026-09-14T23:42:24.448	processor:50066	rx	81 09 04 39 FF	inquiry	AutoExposure	
2026-09-14T23:42:24.448	processor:50066	tx	90 50 00 FF	reply		
2026-09-14T23:42:24.458	processor:50066	rx	81 09 04 35 FF	inquiry	WhiteBalance	
2026-09-14T23:42:24.459	processor:50066	tx	90 50 00 FF	reply		
2026-09-14T23:42:24.468	processor:50066	rx	81 09 04 38 FF	inquiry	AutoFocus	
2026-09-14T23:42:24.468	processor:50066	tx	90 50 02 FF	reply		
2026-09-14T23:42:24.476	processor:50066	rx	81 09 04 33 FF	inquiry	Backlight	
2026-09-14T23:42:24.476	processor:50066	tx	90 50 03 FF	reply		
2026-09-14T23:42:24.485	processor:50066	rx	81 09 04 62 FF	inquiry	FreezeFrame	
2026-09-14T23:42:24.485	processor:50066	tx	90 50 03 FF	reply		
2026-09-14T23:42:27.505	processor:50066	rx	81 09 04 00 FF	inquiry	Power	
2026-09-14T23:42:27.505	processor:50066	tx	90 50 02 FF	reply		
2026-09-14T23:42:27.519	processor:50066	rx	81 09 08 01 FF	inquiry	TrackingFraming	
2026-09-14T23:42:27.519	processor:50066	tx	90 50 03 FF	reply		
2026-09-14T23:42:27.527	processor:50066	rx	81 09 04 39 FF	inquiry	AutoExposure	
2026-09-14T23:42:27.527	processor:50066	tx	90 50 00 FF	reply		
2026-09-14T23:42:27.534	processor:50066	rx	81 09 04 35 FF	inquiry	WhiteBalance	
2026-09-14T23:42:27.534	processor:50066	tx	90 50 00 FF	reply		
2026-09-14T23:42:27.544	processor:50066	rx	81 09 04 38 FF	inquiry	AutoFocus	
2026-09-14T23:42:27.544	processor:50066	tx	90 50 02 FF	reply		
2026-09-14T23:42:27.550	processor:50066	rx	81 09 04 33 FF	inquiry	Backlight	
2026-09-14T23:42:27.550	processor:50066	tx	90 50 03 FF	reply		
2026-09-14T23:42:27.570	processor:50066	rx	81 09 04 62 FF	inquiry	FreezeFrame	
2026-09-14T23:42:27.570	processor:50066	tx	90 50 03 FF	reply		
2026-09-14T23:42:30.585	processor:50066	rx	81 09 04 00 FF	inquiry	Power	
2026-09-14T23:42:30.586	processor:50066	tx	90 50 02 FF	reply		
2026-09-14T23:42:30.597	processor:50066	rx	81 09 08 01 FF	inquiry	TrackingFraming	
2026-09-14T23:42:30.597	processor:50066	tx	90 50 03 FF	reply		
2026-09-14T23:42:30.608	processor:50066	rx	81 09 04 39 FF	inquiry	AutoExposure	
2026-09-14T23:42:30.608	processor:50066	tx	90 50 00 FF	reply		
2026-09-14T23:42:30.618	processor:50066	rx	81 09 04 35 FF	inquiry	WhiteBalance	
2026-09-14T23:42:30.619	processor:50066	tx	90 50 00 FF	reply		
2026-09-14T23:42:30.627	processor:50066	rx	81 09 04 38 FF	inquiry	AutoFocus	
2026-09-14T23:42:30.627	processor:50066	tx	90 50 02 FF	reply		
2026-09-14T23:42:30.630	processor:50066	rx	81 09 04 33 FF	inquiry	Backlight	
2026-09-14T23:42:30.630	processor:50066	tx	90 50 03 FF	reply		
2026-09-14T23:42:30.647	processor:50066	rx	81 09 04 62 FF	inquiry	FreezeFrame	
2026-09-14T23:42:30.647	processor:50066	tx	90 50 03 FF	reply		
2026-09-14T23:42:33.660	processor:50066	rx	81 09 04 00 FF	inquiry	Power	
2026-09-14T23:42:33.660	processor:50066	tx	90 50 02 FF	reply		
2026-09-14T23:42:33.662	processor:50066	rx	81 09 08 01 FF	inquiry	TrackingFraming	
2026-09-14T23:42:33.662	processor:50066	tx	90 50 03 FF	reply		
2026-09-14T23:42:33.681	processor:50066	rx	81 09 04 39 FF	inquiry	AutoExposure	
2026-09-14T23:42:33.683	processor:50066	tx	90 50 00 FF	reply		
2026-09-14T23:42:33.692	processor:50066	rx	81 09 04 35 FF	inquiry	WhiteBalance	
2026-09-14T23:42:33.692	processor:50066	tx	90 50 00 FF	reply		
2026-09-14T23:42:33.695	processor:50066	rx	81 09 04 38 FF	inquiry	AutoFocus	
2026-09-14T23:42:33.695	processor:50066	tx	90 50 02 FF	reply		
2026-09-14T23:42:33.712	processor:50066	rx	81 09 04 33 FF	inquiry	Backlight	
2026-09-14T23:42:33.712	processor:50066	tx	90 50 03 FF	reply		
2026-09-14T23:42:33.719	processor:50066	rx	81 09 04 62 FF	inquiry	FreezeFrame	
2026-09-14T23:42:33.719	processor:50066	tx	90 50 03 FF	reply		
2026-09-14T23:42:36.737	processor:50066	rx	81 09 04 00 FF	inquiry	Power	
2026-09-14T23:42:36.737	processor:50066	tx	90 50 02 FF	reply		
2026-09-14T23:42:36.751	processor:50066	rx	81 09 08 01 FF	inquiry	TrackingFraming	
2026-09-14T23:42:36.751	processor:50066	tx	90 50 03 FF	reply		
2026-09-14T23:42:36.768	processor:50066	rx	81 09 04 39 FF	inquiry	AutoExposure	
2026-09-14T23:42:36.768	processor:50066	tx	90 50 00 FF	reply		
2026-09-14T23:42:36.784	processor:50066	rx	81 09 04 35 FF	inquiry	WhiteBalance	
2026-09-14T23:42:36.784	processor:50066	tx	90 50 00 FF	reply		
2026-09-14T23:42:36.800	processor:50066	rx	81 09 04 38 FF	inquiry	AutoFocus	
2026-09-14T23:42:36.800	processor:50066	tx	90 50 02 FF	reply		
2026-09-14T23:42:36.830	processor:50066	rx	81 09 04 33 FF	inquiry	Backlight	
2026-09-14T23:42:36.832	processor:50066	tx	90 50 03 FF	reply		
2026-09-14T23:42:36.832	processor:50066	rx	81 09 04 62 FF	inquiry	FreezeFrame	
2026-09-14T23:42:36.832	processor:50066	tx	90 50 03 FF	reply		
2026-09-14T23:42:39.854	processor:50066	rx	81 09 04 00 FF	inquiry	Power	
2026-09-14T23:42:39.854	processor:50066	tx	90 50 02 FF	reply		
2026-09-14T23:42:39.871	processor:50066	rx	81 09 08 01 FF	inquiry	TrackingFraming	
2026-09-14T23:42:39.871	processor:50066	tx	90 50 03 FF	reply		
2026-09-14T23:42:39.881	processor:50066	rx	81 09 04 39 FF	inquiry	AutoExposure	
2026-09-14T23:42:39.881	processor:50066	tx	90 50 00 FF	reply		
2026-09-14T23:42:39.888	processor:50066	rx	81 09 04 35 FF	inquiry	WhiteBalance	
2026-09-14T23:42:39.888	processor:50066	tx	90 50 00 FF	reply		
2026-09-14T23:42:39.896	processor:50066	rx	81 09 04 38 FF	inquiry	AutoFocus	
2026-09-14T23:42:39.896	processor:50066	tx	90 50 02 FF	reply		
2026-09-14T23:42:39.907	processor:50066	rx	81 09 04 33 FF	inquiry	Backlight	
2026-09-14T23:42:39.907	processor:50066	tx	90 50 03 FF	reply		
2026-09-14T23:42:39.920	processor:50066	rx	81 09 04 62 FF	inquiry	FreezeFrame	
2026-09-14T23:42:39.922	processor:50066	tx	90 50 03 FF	reply		
2026-09-14T23:42:42.941	processor:50066	rx	81 09 04 00 FF	inquiry	Power	
2026-09-14T23:42:42.941	processor:50066	tx	90 50 02 FF	reply		
2026-09-14T23:42:42.946	processor:50066	rx	81 09 08 01 FF	inquiry	TrackingFraming	
2026-09-14T23:42:42.946	processor:50066	tx	90 50 03 FF	reply		
2026-09-14T23:42:42.973	processor:50066	rx	81 09 04 39 FF	inquiry	AutoExposure	
2026-09-14T23:42:42.973	processor:50066	tx	90 50 00 FF	reply		
2026-09-14T23:42:43.008	processor:50066	rx	81 09 04 35 FF	inquiry	WhiteBalance	
2026-09-14T23:42:43.008	processor:50066	tx	90 50 00 FF	reply		
2026-09-14T23:42:43.034	processor:50066	rx	81 09 04 38 FF	inquiry	AutoFocus	
2026-09-14T23:42:43.034	processor:50066	tx	90 50 02 FF	reply		
2026-09-14T23:42:43.059	processor:50066	rx	81 09 04 33 FF	inquiry	Backlight	
2026-09-14T23:42:43.059	processor:50066	tx	90 50 03 FF	reply		
2026-09-14T23:42:43.077	processor:50066	rx	81 09 04 62 FF	inquiry	FreezeFrame	
2026-09-14T23:42:43.077	processor:50066	tx	90 50 03 FF	reply		
2026-09-14T23:42:46.064	processor:50066	rx	81 09 04 00 FF	inquiry	Power	
2026-09-14T23:42:46.064	processor:50066	tx	90 50 02 FF	reply		
2026-09-14T23:42:46.080	processor:50066	rx	81 09 08 01 FF	inquiry	TrackingFraming	
2026-09-14T23:42:46.083	processor:50066	tx	90 50 03 FF	reply		
2026-09-14T23:42:46.088	processor:50066	rx	81 09 04 39 FF	inquiry	AutoExposure	
2026-09-14T23:42:46.088	processor:50066	tx	90 50 00 FF	reply		
2026-09-14T23:42:46.096	processor:50066	rx	81 09 04 35 FF	inquiry	WhiteBalance	
2026-09-14T23:42:46.096	processor:50066	tx	90 50 00 FF	reply		
2026-09-14T23:42:46.105	processor:50066	rx	81 09 04 38 FF	inquiry	AutoFocus	
2026-09-14T23:42:46.105	processor:50066	tx	90 50 02 FF	reply		
2026-09-14T23:42:46.119	processor:50066	rx	81 09 04 33 FF	inquiry	Backlight	
2026-09-14T23:42:46.121	processor:50066	tx	90 50 03 FF	reply		
2026-09-14T23:42:46.130	processor:50066	rx	81 09 04 62 FF	inquiry	FreezeFrame	
2026-09-14T23:42:46.130	processor:50066	tx	90 50 03 FF	reply		
2026-09-14T23:42:49.138	processor:50066	rx	81 09 04 00 FF	inquiry	Power	
2026-09-14T23:42:49.140	processor:50066	tx	90 50 02 FF	reply		
2026-09-14T23:42:49.151	processor:50066	rx	81 09 08 01 FF	inquiry	TrackingFraming	
2026-09-14T23:42:49.151	processor:50066	tx	90 50 03 FF	reply		
2026-09-14T23:42:49.157	processor:50066	rx	81 09 04 39 FF	inquiry	AutoExposure	
2026-09-14T23:42:49.157	processor:50066	tx	90 50 00 FF	reply		
2026-09-14T23:42:49.167	processor:50066	rx	81 09 04 35 FF	inquiry	WhiteBalance	
2026-09-14T23:42:49.167	processor:50066	tx	90 50 00 FF	reply		
2026-09-14T23:42:49.167	processor:50066	rx	81 09 04 38 FF	inquiry	AutoFocus	
2026-09-14T23:42:49.167	processor:50066	tx	90 50 02 FF	reply		
2026-09-14T23:42:49.189	processor:50066	rx	81 09 04 33 FF	inquiry	Backlight	
2026-09-14T23:42:49.189	processor:50066	tx	90 50 03 FF	reply		
2026-09-14T23:42:49.202	processor:50066	rx	81 09 04 62 FF	inquiry	FreezeFrame	
2026-09-14T23:42:49.202	processor:50066	tx	90 50 03 FF	reply		
2026-09-14T23:42:52.199	processor:50066	rx	81 09 04 00 FF	inquiry	Power	
2026-09-14T23:42:52.199	processor:50066	tx	90 50 02 FF	reply		
2026-09-14T23:42:52.220	processor:50066	rx	81 09 08 01 FF	inquiry	TrackingFraming	
2026-09-14T23:42:52.220	processor:50066	tx	90 50 03 FF	reply		
2026-09-14T23:42:52.229	processor:50066	rx	81 09 04 39 FF	inquiry	AutoExposure	
2026-09-14T23:42:52.229	processor:50066	tx	90 50 00 FF	reply		
2026-09-14T23:42:52.234	processor:50066	rx	81 09 04 35 FF	inquiry	WhiteBalance	
2026-09-14T23:42:52.234	processor:50066	tx	90 50 00 FF	reply		
2026-09-14T23:42:52.251	processor:50066	rx	81 09 04 38 FF	inquiry	AutoFocus	
2026-09-14T23:42:52.251	processor:50066	tx	90 50 02 FF	reply		
2026-09-14T23:42:52.261	processor:50066	rx	81 09 04 33 FF	inquiry	Backlight	
2026-09-14T23:42:52.261	processor:50066	tx	90 50 03 FF	reply		
2026-09-14T23:42:52.268	processor:50066	rx	81 09 04 62 FF	inquiry	FreezeFrame	
2026-09-14T23:42:52.268	processor:50066	tx	90 50 03 FF	reply		
2026-09-14T23:42:55.287	processor:50066	rx	81 09 04 00 FF	inquiry	Power	
2026-09-14T23:42:55.287	processor:50066	tx	90 50 02 FF	reply		
2026-09-14T23:42:55.293	processor:50066	rx	81 09 08 01 FF	inquiry	TrackingFraming	
2026-09-14T23:42:55.293	processor:50066	tx	90 50 03 FF	reply		
2026-09-14T23:42:55.309	processor:50066	rx	81 09 04 39 FF	inquiry	AutoExposure	
2026-09-14T23:42:55.309	processor:50066	tx	90 50 00 FF	reply		
2026-09-14T23:42:55.321	processor:50066	rx	81 09 04 35 FF	inquiry	WhiteBalance	
2026-09-14T23:42:55.321	processor:50066	tx	90 50 00 FF	reply		
2026-09-14T23:42:55.325	processor:50066	rx	81 09 04 38 FF	inquiry	AutoFocus	
2026-09-14T23:42:55.325	processor:50066	tx	90 50 02 FF	reply		
2026-09-14T23:42:55.341	processor:50066	rx	81 09 04 33 FF	inquiry	Backlight	
2026-09-14T23:42:55.341	processor:50066	tx	90 50 03 FF	reply		
2026-09-14T23:42:55.347	processor:50066	rx	81 09 04 62 FF	inquiry	FreezeFrame	
2026-09-14T23:42:55.347	processor:50066	tx	90 50 03 FF	reply		
2026-09-14T23:42:58.365	processor:50066	rx	81 09 04 00 FF	inquiry	Power	
2026-09-14T23:42:58.365	processor:50066	tx	90 50 02 FF	reply		
2026-09-14T23:42:58.379	processor:50066	rx	81 09 08 01 FF	inquiry	TrackingFraming	
2026-09-14T23:42:58.379	processor:50066	tx	90 50 03 FF	reply		
2026-09-14T23:42:58.379	processor:50066	rx	81 09 04 39 FF	inquiry	AutoExposure	
2026-09-14T23:42:58.379	processor:50066	tx	90 50 00 FF	reply		
2026-09-14T23:42:58.391	processor:50066	rx	81 09 04 35 FF	inquiry	WhiteBalance	
2026-09-14T23:42:58.391	processor:50066	tx	90 50 00 FF	reply		
2026-09-14T23:42:58.408	processor:50066	rx	81 09 04 38 FF	inquiry	AutoFocus	
2026-09-14T23:42:58.408	processor:50066	tx	90 50 02 FF	reply		
2026-09-14T23:42:58.417	processor:50066	rx	81 09 04 33 FF	inquiry	Backlight	
2026-09-14T23:42:58.418	processor:50066	tx	90 50 03 FF	reply		
2026-09-14T23:42:58.429	processor:50066	rx	81 09 04 62 FF	inquiry	FreezeFrame	
2026-09-14T23:42:58.430	processor:50066	tx	90 50 03 FF	reply		
2026-09-14T23:43:01.437	processor:50066	rx	81 09 04 00 FF	inquiry	Power	
2026-09-14T23:43:01.438	processor:50066	tx	90 50 02 FF	reply		
2026-09-14T23:43:01.449	processor:50066	rx	81 09 08 01 FF	inquiry	TrackingFraming	
2026-09-14T23:43:01.449	processor:50066	tx	90 50 03 FF	reply		
2026-09-14T23:43:01.459	processor:50066	rx	81 09 04 39 FF	inquiry	AutoExposure	
2026-09-14T23:43:01.459	processor:50066	tx	90 50 00 FF	reply		
2026-09-14T23:43:01.471	processor:50066	rx	81 09 04 35 FF	inquiry	WhiteBalance	
2026-09-14T23:43:01.471	processor:50066	tx	90 50 00 FF	reply		
2026-09-14T23:43:01.478	processor:50066	rx	81 09 04 38 FF	inquiry	AutoFocus	
2026-09-14T23:43:01.480	processor:50066	tx	90 50 02 FF	reply		
2026-09-14T23:43:01.489	processor:50066	rx	81 09 04 33 FF	inquiry	Backlight	
2026-09-14T23:43:01.489	processor:50066	tx	90 50 03 FF	reply		
2026-09-14T23:43:01.499	processor:50066	rx	81 09 04 62 FF	inquiry	FreezeFrame	
2026-09-14T23:43:01.500	processor:50066	tx	90 50 03 FF	reply		
2026-09-14T23:43:04.509	processor:50066	rx	81 09 04 00 FF	inquiry	Power	
2026-09-14T23:43:04.509	processor:50066	tx	90 50 02 FF	reply		
2026-09-14T23:43:04.519	processor:50066	rx	81 09 08 01 FF	inquiry	TrackingFraming	
2026-09-14T23:43:04.519	processor:50066	tx	90 50 03 FF	reply		
2026-09-14T23:43:04.533	processor:50066	rx	81 09 04 39 FF	inquiry	AutoExposure	
2026-09-14T23:43:04.533	processor:50066	tx	90 50 00 FF	reply		
2026-09-14T23:43:04.544	processor:50066	rx	81 09 04 35 FF	inquiry	WhiteBalance	
2026-09-14T23:43:04.544	processor:50066	tx	90 50 00 FF	reply		
2026-09-14T23:43:04.552	processor:50066	rx	81 09 04 38 FF	inquiry	AutoFocus	
2026-09-14T23:43:04.552	processor:50066	tx	90 50 02 FF	reply		
2026-09-14T23:43:04.565	processor:50066	rx	81 09 04 33 FF	inquiry	Backlight	
2026-09-14T23:43:04.565	processor:50066	tx	90 50 03 FF	reply		
2026-09-14T23:43:04.569	processor:50066	rx	81 09 04 62 FF	inquiry	FreezeFrame	
2026-09-14T23:43:04.569	processor:50066	tx	90 50 03 FF	reply		
2026-09-14T23:43:07.598	processor:50066	rx	81 09 04 00 FF	inquiry	Power	
2026-09-14T23:43:07.598	processor:50066	tx	90 50 02 FF	reply		
2026-09-14T23:43:07.620	processor:50066	rx	81 09 08 01 FF	inquiry	TrackingFraming	
2026-09-14T23:43:07.622	processor:50066	tx	90 50 03 FF	reply		
2026-09-14T23:43:07.634	processor:50066	rx	81 09 04 39 FF	inquiry	AutoExposure	
2026-09-14T23:43:07.634	processor:50066	tx	90 50 00 FF	reply		
2026-09-14T23:43:07.665	processor:50066	rx	81 09 04 35 FF	inquiry	WhiteBalance	
2026-09-14T23:43:07.665	processor:50066	tx	90 50 00 FF	reply		
2026-09-14T23:43:07.673	processor:50066	rx	81 09 04 38 FF	inquiry	AutoFocus	
2026-09-14T23:43:07.673	processor:50066	tx	90 50 02 FF	reply		
2026-09-14T23:43:07.684	processor:50066	rx	81 09 04 33 FF	inquiry	Backlight	
2026-09-14T23:43:07.684	processor:50066	tx	90 50 03 FF	reply		
2026-09-14T23:43:07.694	processor:50066	rx	81 09 04 62 FF	inquiry	FreezeFrame	
2026-09-14T23:43:07.694	processor:50066	tx	90 50 03 FF	reply		
2026-09-14T23:43:10.678	processor:50066	rx	81 09 04 00 FF	inquiry	Power	
2026-09-14T23:43:10.678	processor:50066	tx	90 50 02 FF	reply		
2026-09-14T23:43:10.691	processor:50066	rx	81 09 08 01 FF	inquiry	TrackingFraming	
2026-09-14T23:43:10.691	processor:50066	tx	90 50 03 FF	reply		
2026-09-14T23:43:10.700	processor:50066	rx	81 09 04 39 FF	inquiry	AutoExposure	
2026-09-14T23:43:10.700	processor:50066	tx	90 50 00 FF	reply		
2026-09-14T23:43:10.711	processor:50066	rx	81 09 04 35 FF	inquiry	WhiteBalance	
2026-09-14T23:43:10.711	processor:50066	tx	90 50 00 FF	reply		
2026-09-14T23:43:10.723	processor:50066	rx	81 09 04 38 FF	inquiry	AutoFocus	
2026-09-14T23:43:10.724	processor:50066	tx	90 50 02 FF	reply		
2026-09-14T23:43:10.730	processor:50066	rx	81 09 04 33 FF	inquiry	Backlight	
2026-09-14T23:43:10.730	processor:50066	tx	90 50 03 FF	reply		
2026-09-14T23:43:10.739	processor:50066	rx	81 09 04 62 FF	inquiry	FreezeFrame	
2026-09-14T23:43:10.739	processor:50066	tx	90 50 03 FF	reply		
2026-09-14T23:43:13.756	processor:50066	rx	81 09 04 00 FF	inquiry	Power	
2026-09-14T23:43:13.756	processor:50066	tx	90 50 02 FF	reply		
2026-09-14T23:43:13.770	processor:50066	rx	81 09 08 01 FF	inquiry	TrackingFraming	
2026-09-14T23:43:13.770	processor:50066	tx	90 50 03 FF	reply		
2026-09-14T23:43:13.772	processor:50066	rx	81 09 04 39 FF	inquiry	AutoExposure	
2026-09-14T23:43:13.772	processor:50066	tx	90 50 00 FF	reply		
2026-09-14T23:43:13.791	processor:50066	rx	81 09 04 35 FF	inquiry	WhiteBalance	
2026-09-14T23:43:13.791	processor:50066	tx	90 50 00 FF	reply		
2026-09-14T23:43:13.799	processor:50066	rx	81 09 04 38 FF	inquiry	AutoFocus	
2026-09-14T23:43:13.801	processor:50066	tx	90 50 02 FF	reply		
2026-09-14T23:43:13.805	processor:50066	rx	81 09 04 33 FF	inquiry	Backlight	
2026-09-14T23:43:13.805	processor:50066	tx	90 50 03 FF	reply		
2026-09-14T23:43:13.816	processor:50066	rx	81 09 04 62 FF	inquiry	FreezeFrame	
2026-09-14T23:43:13.816	processor:50066	tx	90 50 03 FF	reply		
2026-09-14T23:43:16.828	processor:50066	rx	81 09 04 00 FF	inquiry	Power	
2026-09-14T23:43:16.828	processor:50066	tx	90 50 02 FF	reply		
2026-09-14T23:43:16.845	processor:50066	rx	81 09 08 01 FF	inquiry	TrackingFraming	
2026-09-14T23:43:16.845	processor:50066	tx	90 50 03 FF	reply		
2026-09-14T23:43:16.851	processor:50066	rx	81 09 04 39 FF	inquiry	AutoExposure	
2026-09-14T23:43:16.851	processor:50066	tx	90 50 00 FF	reply		
2026-09-14T23:43:16.864	processor:50066	rx	81 09 04 35 FF	inquiry	WhiteBalance	
2026-09-14T23:43:16.864	processor:50066	tx	90 50 00 FF	reply		
2026-09-14T23:43:16.864	processor:50066	rx	81 09 04 38 FF	inquiry	AutoFocus	
2026-09-14T23:43:16.864	processor:50066	tx	90 50 02 FF	reply		
2026-09-14T23:43:16.882	processor:50066	rx	81 09 04 33 FF	inquiry	Backlight	
2026-09-14T23:43:16.882	processor:50066	tx	90 50 03 FF	reply		
2026-09-14T23:43:16.893	processor:50066	rx	81 09 04 62 FF	inquiry	FreezeFrame	
2026-09-14T23:43:16.893	processor:50066	tx	90 50 03 FF	reply		
2026-09-14T23:43:20.004	processor:50066	rx	81 09 04 00 FF	inquiry	Power	
2026-09-14T23:43:20.005	processor:50066	tx	90 50 02 FF	reply		
2026-09-14T23:43:20.013	processor:50066	rx	81 09 08 01 FF	inquiry	TrackingFraming	
2026-09-14T23:43:20.013	processor:50066	tx	90 50 03 FF	reply		
2026-09-14T23:43:20.025	processor:50066	rx	81 09 04 39 FF	inquiry	AutoExposure	
2026-09-14T23:43:20.025	processor:50066	tx	90 50 00 FF	reply		
2026-09-14T23:43:20.039	processor:50066	rx	81 09 04 35 FF	inquiry	WhiteBalance	
2026-09-14T23:43:20.039	processor:50066	tx	90 50 00 FF	reply		
2026-09-14T23:43:20.050	processor:50066	rx	81 09 04 38 FF	inquiry	AutoFocus	
2026-09-14T23:43:20.050	processor:50066	tx	90 50 02 FF	reply		
2026-09-14T23:43:20.059	processor:50066	rx	81 09 04 33 FF	inquiry	Backlight	
2026-09-14T23:43:20.062	processor:50066	tx	90 50 03 FF	reply		
2026-09-14T23:43:20.070	processor:50066	rx	81 09 04 62 FF	inquiry	FreezeFrame	
2026-09-14T23:43:20.070	processor:50066	tx	90 50 03 FF	reply		
2026-09-14T23:43:23.082	processor:50066	rx	81 09 04 00 FF	inquiry	Power	
2026-09-14T23:43:23.082	processor:50066	tx	90 50 02 FF	reply		
2026-09-14T23:43:23.094	processor:50066	rx	81 09 08 01 FF	inquiry	TrackingFraming	
2026-09-14T23:43:23.094	processor:50066	tx	90 50 03 FF	reply		
2026-09-14T23:43:23.098	processor:50066	rx	81 09 04 39 FF	inquiry	AutoExposure	
2026-09-14T23:43:23.098	processor:50066	tx	90 50 00 FF	reply		
2026-09-14T23:43:23.115	processor:50066	rx	81 09 04 35 FF	inquiry	WhiteBalance	
2026-09-14T23:43:23.115	processor:50066	tx	90 50 00 FF	reply		
2026-09-14T23:43:23.126	processor:50066	rx	81 09 04 38 FF	inquiry	AutoFocus	
2026-09-14T23:43:23.126	processor:50066	tx	90 50 02 FF	reply		
2026-09-14T23:43:23.133	processor:50066	rx	81 09 04 33 FF	inquiry	Backlight	
2026-09-14T23:43:23.133	processor:50066	tx	90 50 03 FF	reply		
2026-09-14T23:43:23.145	processor:50066	rx	81 09 04 62 FF	inquiry	FreezeFrame	
2026-09-14T23:43:23.145	processor:50066	tx	90 50 03 FF	reply		
2026-09-14T23:43:26.155	processor:50066	rx	81 09 04 00 FF	inquiry	Power	
2026-09-14T23:43:26.156	processor:50066	tx	90 50 02 FF	reply		
2026-09-14T23:43:26.169	processor:50066	rx	81 09 08 01 FF	inquiry	TrackingFraming	
2026-09-14T23:43:26.169	processor:50066	tx	90 50 03 FF	reply		
2026-09-14T23:43:26.180	processor:50066	rx	81 09 04 39 FF	inquiry	AutoExposure	
2026-09-14T23:43:26.180	processor:50066	tx	90 50 00 FF	reply		
2026-09-14T23:43:26.193	processor:50066	rx	81 09 04 35 FF	inquiry	WhiteBalance	
2026-09-14T23:43:26.193	processor:50066	tx	90 50 00 FF	reply		
2026-09-14T23:43:26.202	processor:50066	rx	81 09 04 38 FF	inquiry	AutoFocus	
2026-09-14T23:43:26.202	processor:50066	tx	90 50 02 FF	reply		
2026-09-14T23:43:26.212	processor:50066	rx	81 09 04 33 FF	inquiry	Backlight	
2026-09-14T23:43:26.212	processor:50066	tx	90 50 03 FF	reply		
2026-09-14T23:43:26.222	processor:50066	rx	81 09 04 62 FF	inquiry	FreezeFrame	
2026-09-14T23:43:26.222	processor:50066	tx	90 50 03 FF	reply		
2026-09-14T23:43:29.234	processor:50066	rx	81 09 04 00 FF	inquiry	Power	
2026-09-14T23:43:29.234	processor:50066	tx	90 50 02 FF	reply		
2026-09-14T23:43:29.251	processor:50066	rx	81 09 08 01 FF	inquiry	TrackingFraming	
2026-09-14T23:43:29.251	processor:50066	tx	90 50 03 FF	reply		
2026-09-14T23:43:29.263	processor:50066	rx	81 09 04 39 FF	inquiry	AutoExposure	
2026-09-14T23:43:29.263	processor:50066	tx	90 50 00 FF	reply		
2026-09-14T23:43:29.273	processor:50066	rx	81 09 04 35 FF	inquiry	WhiteBalance	
2026-09-14T23:43:29.273	processor:50066	tx	90 50 00 FF	reply		
2026-09-14T23:43:29.282	processor:50066	rx	81 09 04 38 FF	inquiry	AutoFocus	
2026-09-14T23:43:29.282	processor:50066	tx	90 50 02 FF	reply		
2026-09-14T23:43:29.284	processor:50066	rx	81 09 04 33 FF	inquiry	Backlight	
2026-09-14T23:43:29.284	processor:50066	tx	90 50 03 FF	reply		
2026-09-14T23:43:29.302	processor:50066	rx	81 09 04 62 FF	inquiry	FreezeFrame	
2026-09-14T23:43:29.302	processor:50066	tx	90 50 03 FF	reply		
2026-09-14T23:43:32.342	processor:50066	rx	81 09 04 00 FF	inquiry	Power	
2026-09-14T23:43:32.344	processor:50066	tx	90 50 02 FF	reply		
2026-09-14T23:43:32.353	processor:50066	rx	81 09 08 01 FF	inquiry	TrackingFraming	
2026-09-14T23:43:32.353	processor:50066	tx	90 50 03 FF	reply		
2026-09-14T23:43:32.358	processor:50066	rx	81 09 04 39 FF	inquiry	AutoExposure	
2026-09-14T23:43:32.358	processor:50066	tx	90 50 00 FF	reply		
2026-09-14T23:43:32.376	processor:50066	rx	81 09 04 35 FF	inquiry	WhiteBalance	
2026-09-14T23:43:32.376	processor:50066	tx	90 50 00 FF	reply		
2026-09-14T23:43:32.386	processor:50066	rx	81 09 04 38 FF	inquiry	AutoFocus	
2026-09-14T23:43:32.386	processor:50066	tx	90 50 02 FF	reply		
2026-09-14T23:43:32.391	processor:50066	rx	81 09 04 33 FF	inquiry	Backlight	
2026-09-14T23:43:32.391	processor:50066	tx	90 50 03 FF	reply		
2026-09-14T23:43:32.405	processor:50066	rx	81 09 04 62 FF	inquiry	FreezeFrame	
2026-09-14T23:43:32.406	processor:50066	tx	90 50 03 FF	reply		
2026-09-14T23:43:35.405	processor:50066	rx	81 09 04 00 FF	inquiry	Power	
2026-09-14T23:43:35.405	processor:50066	tx	90 50 02 FF	reply		
2026-09-14T23:43:35.417	processor:50066	rx	81 09 08 01 FF	inquiry	TrackingFraming	
2026-09-14T23:43:35.417	processor:50066	tx	90 50 03 FF	reply		
2026-09-14T23:43:35.458	processor:50066	rx	81 09 04 39 FF	inquiry	AutoExposure	
2026-09-14T23:43:35.459	processor:50066	tx	90 50 00 FF	reply		
2026-09-14T23:43:35.481	processor:50066	rx	81 09 04 35 FF	inquiry	WhiteBalance	
2026-09-14T23:43:35.482	processor:50066	tx	90 50 00 FF	reply		
2026-09-14T23:43:35.502	processor:50066	rx	81 09 04 38 FF	inquiry	AutoFocus	
2026-09-14T23:43:35.502	processor:50066	tx	90 50 02 FF	reply		
2026-09-14T23:43:35.522	processor:50066	rx	81 09 04 33 FF	inquiry	Backlight	
2026-09-14T23:43:35.524	processor:50066	tx	90 50 03 FF	reply		
2026-09-14T23:43:35.537	processor:50066	rx	81 09 04 62 FF	inquiry	FreezeFrame	
2026-09-14T23:43:35.538	processor:50066	tx	90 50 03 FF	reply		
2026-09-14T23:43:38.521	processor:50066	rx	81 09 04 00 FF	inquiry	Power	
2026-09-14T23:43:38.521	processor:50066	tx	90 50 02 FF	reply		
2026-09-14T23:43:38.532	processor:50066	rx	81 09 08 01 FF	inquiry	TrackingFraming	
2026-09-14T23:43:38.532	processor:50066	tx	90 50 03 FF	reply		
2026-09-14T23:43:38.540	processor:50066	rx	81 09 04 39 FF	inquiry	AutoExposure	
2026-09-14T23:43:38.540	processor:50066	tx	90 50 00 FF	reply		
2026-09-14T23:43:38.552	processor:50066	rx	81 09 04 35 FF	inquiry	WhiteBalance	
2026-09-14T23:43:38.552	processor:50066	tx	90 50 00 FF	reply		
2026-09-14T23:43:38.552	processor:50066	rx	81 09 04 38 FF	inquiry	AutoFocus	
2026-09-14T23:43:38.552	processor:50066	tx	90 50 02 FF	reply		
2026-09-14T23:43:38.571	processor:50066	rx	81 09 04 33 FF	inquiry	Backlight	
2026-09-14T23:43:38.572	processor:50066	tx	90 50 03 FF	reply		
2026-09-14T23:43:38.581	processor:50066	rx	81 09 04 62 FF	inquiry	FreezeFrame	
2026-09-14T23:43:38.581	processor:50066	tx	90 50 03 FF	reply		
2026-09-14T23:43:41.599	processor:50066	rx	81 09 04 00 FF	inquiry	Power	
2026-09-14T23:43:41.601	processor:50066	tx	90 50 02 FF	reply		
2026-09-14T23:43:41.612	processor:50066	rx	81 09 08 01 FF	inquiry	TrackingFraming	
2026-09-14T23:43:41.613	processor:50066	tx	90 50 03 FF	reply		
2026-09-14T23:43:41.621	processor:50066	rx	81 09 04 39 FF	inquiry	AutoExposure	
2026-09-14T23:43:41.621	processor:50066	tx	90 50 00 FF	reply		
2026-09-14T23:43:41.628	processor:50066	rx	81 09 04 35 FF	inquiry	WhiteBalance	
2026-09-14T23:43:41.628	processor:50066	tx	90 50 00 FF	reply		
2026-09-14T23:43:41.640	processor:50066	rx	81 09 04 38 FF	inquiry	AutoFocus	
2026-09-14T23:43:41.640	processor:50066	tx	90 50 02 FF	reply		
2026-09-14T23:43:41.643	processor:50066	rx	81 09 04 33 FF	inquiry	Backlight	
2026-09-14T23:43:41.643	processor:50066	tx	90 50 03 FF	reply		
2026-09-14T23:43:41.660	processor:50066	rx	81 09 04 62 FF	inquiry	FreezeFrame	
2026-09-14T23:43:41.662	processor:50066	tx	90 50 03 FF	reply		
2026-09-14T23:43:44.667	processor:50066	rx	81 09 04 00 FF	inquiry	Power	
2026-09-14T23:43:44.667	processor:50066	tx	90 50 02 FF	reply		
2026-09-14T23:43:44.677	processor:50066	rx	81 09 08 01 FF	inquiry	TrackingFraming	
2026-09-14T23:43:44.677	processor:50066	tx	90 50 03 FF	reply		
2026-09-14T23:43:44.691	processor:50066	rx	81 09 04 39 FF	inquiry	AutoExposure	
2026-09-14T23:43:44.692	processor:50066	tx	90 50 00 FF	reply		
2026-09-14T23:43:44.702	processor:50066	rx	81 09 04 35 FF	inquiry	WhiteBalance	
2026-09-14T23:43:44.702	processor:50066	tx	90 50 00 FF	reply		
2026-09-14T23:43:44.711	processor:50066	rx	81 09 04 38 FF	inquiry	AutoFocus	
2026-09-14T23:43:44.711	processor:50066	tx	90 50 02 FF	reply		
2026-09-14T23:43:44.722	processor:50066	rx	81 09 04 33 FF	inquiry	Backlight	
2026-09-14T23:43:44.724	processor:50066	tx	90 50 03 FF	reply		
2026-09-14T23:43:44.729	processor:50066	rx	81 09 04 62 FF	inquiry	FreezeFrame	
2026-09-14T23:43:44.729	processor:50066	tx	90 50 03 FF	reply		
2026-09-14T23:43:47.753	processor:50066	rx	81 09 04 00 FF	inquiry	Power	
2026-09-14T23:43:47.754	processor:50066	tx	90 50 02 FF	reply		
2026-09-14T23:43:47.765	processor:50066	rx	81 09 08 01 FF	inquiry	TrackingFraming	
2026-09-14T23:43:47.765	processor:50066	tx	90 50 03 FF	reply		
2026-09-14T23:43:47.776	processor:50066	rx	81 09 04 39 FF	inquiry	AutoExposure	
2026-09-14T23:43:47.776	processor:50066	tx	90 50 00 FF	reply		
2026-09-14T23:43:47.786	processor:50066	rx	81 09 04 35 FF	inquiry	WhiteBalance	
2026-09-14T23:43:47.786	processor:50066	tx	90 50 00 FF	reply		
2026-09-14T23:43:47.796	processor:50066	rx	81 09 04 38 FF	inquiry	AutoFocus	
2026-09-14T23:43:47.796	processor:50066	tx	90 50 02 FF	reply		
2026-09-14T23:43:47.805	processor:50066	rx	81 09 04 33 FF	inquiry	Backlight	
2026-09-14T23:43:47.806	processor:50066	tx	90 50 03 FF	reply		
2026-09-14T23:43:47.815	processor:50066	rx	81 09 04 62 FF	inquiry	FreezeFrame	
2026-09-14T23:43:47.815	processor:50066	tx	90 50 03 FF	reply		
2026-09-14T23:43:50.833	processor:50066	rx	81 09 04 00 FF	inquiry	Power	
2026-09-14T23:43:50.834	processor:50066	tx	90 50 02 FF	reply		
2026-09-14T23:43:50.845	processor:50066	rx	81 09 08 01 FF	inquiry	TrackingFraming	
2026-09-14T23:43:50.845	processor:50066	tx	90 50 03 FF	reply		
2026-09-14T23:43:50.855	processor:50066	rx	81 09 04 39 FF	inquiry	AutoExposure	
2026-09-14T23:43:50.856	processor:50066	tx	90 50 00 FF	reply		
2026-09-14T23:43:50.865	processor:50066	rx	81 09 04 35 FF	inquiry	WhiteBalance	
2026-09-14T23:43:50.865	processor:50066	tx	90 50 00 FF	reply		
2026-09-14T23:43:50.875	processor:50066	rx	81 09 04 38 FF	inquiry	AutoFocus	
2026-09-14T23:43:50.875	processor:50066	tx	90 50 02 FF	reply		
2026-09-14T23:43:50.884	processor:50066	rx	81 09 04 33 FF	inquiry	Backlight	
2026-09-14T23:43:50.884	processor:50066	tx	90 50 03 FF	reply		
2026-09-14T23:43:50.894	processor:50066	rx	81 09 04 62 FF	inquiry	FreezeFrame	
2026-09-14T23:43:50.894	processor:50066	tx	90 50 03 FF	reply		
2026-09-14T23:43:53.911	processor:50066	rx	81 09 04 00 FF	inquiry	Power	
2026-09-14T23:43:53.911	processor:50066	tx	90 50 02 FF	reply		
2026-09-14T23:43:53.925	processor:50066	rx	81 09 08 01 FF	inquiry	TrackingFraming	
2026-09-14T23:43:53.926	processor:50066	tx	90 50 03 FF	reply		
2026-09-14T23:43:53.927	processor:50066	rx	81 09 04 39 FF	inquiry	AutoExposure	
2026-09-14T23:43:53.927	processor:50066	tx	90 50 00 FF	reply		
2026-09-14T23:43:53.944	processor:50066	rx	81 09 04 35 FF	inquiry	WhiteBalance	
2026-09-14T23:43:53.944	processor:50066	tx	90 50 00 FF	reply		
2026-09-14T23:43:53.944	processor:50066	rx	81 09 04 38 FF	inquiry	AutoFocus	
2026-09-14T23:43:53.944	processor:50066	tx	90 50 02 FF	reply		
2026-09-14T23:43:53.962	processor:50066	rx	81 09 04 33 FF	inquiry	Backlight	
2026-09-14T23:43:53.962	processor:50066	tx	90 50 03 FF	reply		
2026-09-14T23:43:53.973	processor:50066	rx	81 09 04 62 FF	inquiry	FreezeFrame	
2026-09-14T23:43:53.975	processor:50066	tx	90 50 03 FF	reply		
2026-09-14T23:43:56.981	processor:50066	rx	81 09 04 00 FF	inquiry	Power	
2026-09-14T23:43:56.981	processor:50066	tx	90 50 02 FF	reply		
2026-09-14T23:43:56.997	processor:50066	rx	81 09 08 01 FF	inquiry	TrackingFraming	
2026-09-14T23:43:56.997	processor:50066	tx	90 50 03 FF	reply		
2026-09-14T23:43:57.010	processor:50066	rx	81 09 04 39 FF	inquiry	AutoExposure	
2026-09-14T23:43:57.010	processor:50066	tx	90 50 00 FF	reply		
2026-09-14T23:43:57.016	processor:50066	rx	81 09 04 35 FF	inquiry	WhiteBalance	
2026-09-14T23:43:57.016	processor:50066	tx	90 50 00 FF	reply		
2026-09-14T23:43:57.029	processor:50066	rx	81 09 04 38 FF	inquiry	AutoFocus	
2026-09-14T23:43:57.029	processor:50066	tx	90 50 02 FF	reply		
2026-09-14T23:43:57.037	processor:50066	rx	81 09 04 33 FF	inquiry	Backlight	
2026-09-14T23:43:57.037	processor:50066	tx	90 50 03 FF	reply		
2026-09-14T23:43:57.052	processor:50066	rx	81 09 04 62 FF	inquiry	FreezeFrame	
2026-09-14T23:43:57.052	processor:50066	tx	90 50 03 FF	reply		
2026-09-14T23:43:57.224	processor:50066	rx	81 01 04 35 05 FF	command	WhiteBalance	Manual
2026-09-14T23:43:57.224	processor:50066	tx	90 41 FF	reply		
2026-09-14T23:43:57.224	processor:50066	tx	90 51 FF	reply		
2026-09-14T23:44:00.103	processor:50066	rx	81 09 04 00 FF	inquiry	Power	
2026-09-14T23:44:00.103	processor:50066	tx	90 50 02 FF	reply		
2026-09-14T23:44:00.117	processor:50066	rx	81 09 08 01 FF	inquiry	TrackingFraming	
2026-09-14T23:44:00.117	processor:50066	tx	90 50 03 FF	reply		
2026-09-14T23:44:00.134	processor:50066	rx	81 09 04 39 FF	inquiry	AutoExposure	
2026-09-14T23:44:00.134	processor:50066	tx	90 50 00 FF	reply		
2026-09-14T23:44:00.144	processor:50066	rx	81 09 04 35 FF	inquiry	WhiteBalance	
2026-09-14T23:44:00.144	processor:50066	tx	90 50 05 FF	reply		
2026-09-14T23:44:00.174	processor:50066	rx	81 09 04 38 FF	inquiry	AutoFocus	
2026-09-14T23:44:00.174	processor:50066	tx	90 50 02 FF	reply		
2026-09-14T23:44:00.198	processor:50066	rx	81 09 04 33 FF	inquiry	Backlight	
2026-09-14T23:44:00.198	processor:50066	tx	90 50 03 FF	reply		
2026-09-14T23:44:00.215	processor:50066	rx	81 09 04 62 FF	inquiry	FreezeFrame	
2026-09-14T23:44:00.216	processor:50066	tx	90 50 03 FF	reply		
2026-09-14T23:44:03.276	processor:50066	rx	81 09 04 00 FF	inquiry	Power	
2026-09-14T23:44:03.276	processor:50066	tx	90 50 02 FF	reply		
2026-09-14T23:44:03.295	processor:50066	rx	81 09 08 01 FF	inquiry	TrackingFraming	
2026-09-14T23:44:03.295	processor:50066	tx	90 50 03 FF	reply		
2026-09-14T23:44:03.320	processor:50066	rx	81 09 04 39 FF	inquiry	AutoExposure	
2026-09-14T23:44:03.320	processor:50066	tx	90 50 00 FF	reply		
2026-09-14T23:44:03.335	processor:50066	rx	81 09 04 35 FF	inquiry	WhiteBalance	
2026-09-14T23:44:03.336	processor:50066	tx	90 50 05 FF	reply		
2026-09-14T23:44:03.358	processor:50066	rx	81 09 04 38 FF	inquiry	AutoFocus	
2026-09-14T23:44:03.358	processor:50066	tx	90 50 02 FF	reply		
2026-09-14T23:44:03.370	processor:50066	rx	81 09 04 33 FF	inquiry	Backlight	
2026-09-14T23:44:03.370	processor:50066	tx	90 50 03 FF	reply		
2026-09-14T23:44:03.380	processor:50066	rx	81 09 04 62 FF	inquiry	FreezeFrame	
2026-09-14T23:44:03.380	processor:50066	tx	90 50 03 FF	reply		
2026-09-14T23:44:06.372	processor:50066	rx	81 09 04 00 FF	inquiry	Power	
2026-09-14T23:44:06.372	processor:50066	tx	90 50 02 FF	reply		
2026-09-14T23:44:06.383	processor:50066	rx	81 09 08 01 FF	inquiry	TrackingFraming	
2026-09-14T23:44:06.384	processor:50066	tx	90 50 03 FF	reply		
2026-09-14T23:44:06.393	processor:50066	rx	81 09 04 39 FF	inquiry	AutoExposure	
2026-09-14T23:44:06.393	processor:50066	tx	90 50 00 FF	reply		
2026-09-14T23:44:06.404	processor:50066	rx	81 09 04 35 FF	inquiry	WhiteBalance	
2026-09-14T23:44:06.404	processor:50066	tx	90 50 05 FF	reply		
2026-09-14T23:44:06.414	processor:50066	rx	81 09 04 38 FF	inquiry	AutoFocus	
2026-09-14T23:44:06.415	processor:50066	tx	90 50 02 FF	reply		
2026-09-14T23:44:06.424	processor:50066	rx	81 09 04 33 FF	inquiry	Backlight	
2026-09-14T23:44:06.424	processor:50066	tx	90 50 03 FF	reply		
2026-09-14T23:44:06.434	processor:50066	rx	81 09 04 62 FF	inquiry	FreezeFrame	
2026-09-14T23:44:06.434	processor:50066	tx	90 50 03 FF	reply		
2026-09-14T23:44:09.447	processor:50066	rx	81 09 04 00 FF	inquiry	Power	
2026-09-14T23:44:09.447	processor:50066	tx	90 50 02 FF	reply		
2026-09-14T23:44:09.458	processor:50066	rx	81 09 08 01 FF	inquiry	TrackingFraming	
2026-09-14T23:44:09.458	processor:50066	tx	90 50 03 FF	reply		
2026-09-14T23:44:09.468	processor:50066	rx	81 09 04 39 FF	inquiry	AutoExposure	
2026-09-14T23:44:09.468	processor:50066	tx	90 50 00 FF	reply		
2026-09-14T23:44:09.479	processor:50066	rx	81 09 04 35 FF	inquiry	WhiteBalance	
2026-09-14T23:44:09.479	processor:50066	tx	90 50 05 FF	reply		
2026-09-14T23:44:09.489	processor:50066	rx	81 09 04 38 FF	inquiry	AutoFocus	
2026-09-14T23:44:09.489	processor:50066	tx	90 50 02 FF	reply		
2026-09-14T23:44:09.498	processor:50066	rx	81 09 04 33 FF	inquiry	Backlight	
2026-09-14T23:44:09.498	processor:50066	tx	90 50 03 FF	reply		
2026-09-14T23:44:09.507	processor:50066	rx	81 09 04 62 FF	inquiry	FreezeFrame	
2026-09-14T23:44:09.507	processor:50066	tx	90 50 03 FF	reply		
2026-09-14T23:44:12.520	processor:50066	rx	81 09 04 00 FF	inquiry	Power	
2026-09-14T23:44:12.521	processor:50066	tx	90 50 02 FF	reply		
2026-09-14T23:44:12.533	processor:50066	rx	81 09 08 01 FF	inquiry	TrackingFraming	
2026-09-14T23:44:12.534	processor:50066	tx	90 50 03 FF	reply		
2026-09-14T23:44:12.544	processor:50066	rx	81 09 04 39 FF	inquiry	AutoExposure	
2026-09-14T23:44:12.544	processor:50066	tx	90 50 00 FF	reply		
2026-09-14T23:44:12.554	processor:50066	rx	81 09 04 35 FF	inquiry	WhiteBalance	
2026-09-14T23:44:12.555	processor:50066	tx	90 50 05 FF	reply		
2026-09-14T23:44:12.570	processor:50066	rx	81 09 04 38 FF	inquiry	AutoFocus	
2026-09-14T23:44:12.571	processor:50066	tx	90 50 02 FF	reply		
2026-09-14T23:44:12.584	processor:50066	rx	81 09 04 33 FF	inquiry	Backlight	
2026-09-14T23:44:12.585	processor:50066	tx	90 50 03 FF	reply		
2026-09-14T23:44:12.595	processor:50066	rx	81 09 04 62 FF	inquiry	FreezeFrame	
2026-09-14T23:44:12.597	processor:50066	tx	90 50 03 FF	reply		
2026-09-14T23:44:15.620	processor:50066	rx	81 09 04 00 FF	inquiry	Power	
2026-09-14T23:44:15.621	processor:50066	tx	90 50 02 FF	reply		
2026-09-14T23:44:15.632	processor:50066	rx	81 09 08 01 FF	inquiry	TrackingFraming	
2026-09-14T23:44:15.633	processor:50066	tx	90 50 03 FF	reply		
2026-09-14T23:44:15.641	processor:50066	rx	81 09 04 39 FF	inquiry	AutoExposure	
2026-09-14T23:44:15.642	processor:50066	tx	90 50 00 FF	reply		
2026-09-14T23:44:15.644	processor:50066	rx	81 09 04 35 FF	inquiry	WhiteBalance	
2026-09-14T23:44:15.644	processor:50066	tx	90 50 05 FF	reply		
2026-09-14T23:44:15.660	processor:50066	rx	81 09 04 38 FF	inquiry	AutoFocus	
2026-09-14T23:44:15.662	processor:50066	tx	90 50 02 FF	reply		
2026-09-14T23:44:15.662	processor:50066	rx	81 09 04 33 FF	inquiry	Backlight	
2026-09-14T23:44:15.662	processor:50066	tx	90 50 03 FF	reply		
2026-09-14T23:44:15.678	processor:50066	rx	81 09 04 62 FF	inquiry	FreezeFrame	
2026-09-14T23:44:15.678	processor:50066	tx	90 50 03 FF	reply		
2026-09-14T23:44:18.709	processor:50066	rx	81 09 04 00 FF	inquiry	Power	
2026-09-14T23:44:18.709	processor:50066	tx	90 50 02 FF	reply		
2026-09-14T23:44:18.723	processor:50066	rx	81 09 08 01 FF	inquiry	TrackingFraming	
2026-09-14T23:44:18.723	processor:50066	tx	90 50 03 FF	reply		
2026-09-14T23:44:18.726	processor:50066	rx	81 09 04 39 FF	inquiry	AutoExposure	
2026-09-14T23:44:18.726	processor:50066	tx	90 50 00 FF	reply		
2026-09-14T23:44:18.743	processor:50066	rx	81 09 04 35 FF	inquiry	WhiteBalance	
2026-09-14T23:44:18.743	processor:50066	tx	90 50 05 FF	reply		
2026-09-14T23:44:18.751	processor:50066	rx	81 09 04 38 FF	inquiry	AutoFocus	
2026-09-14T23:44:18.751	processor:50066	tx	90 50 02 FF	reply		
2026-09-14T23:44:18.760	processor:50066	rx	81 09 04 33 FF	inquiry	Backlight	
2026-09-14T23:44:18.760	processor:50066	tx	90 50 03 FF	reply		
2026-09-14T23:44:18.772	processor:50066	rx	81 09 04 62 FF	inquiry	FreezeFrame	
2026-09-14T23:44:18.772	processor:50066	tx	90 50 03 FF	reply		
2026-09-14T23:44:21.783	processor:50066	rx	81 09 04 00 FF	inquiry	Power	
2026-09-14T23:44:21.783	processor:50066	tx	90 50 02 FF	reply		
2026-09-14T23:44:21.799	processor:50066	rx	81 09 08 01 FF	inquiry	TrackingFraming	
2026-09-14T23:44:21.799	processor:50066	tx	90 50 03 FF	reply		
2026-09-14T23:44:21.808	processor:50066	rx	81 09 04 39 FF	inquiry	AutoExposure	
2026-09-14T23:44:21.808	processor:50066	tx	90 50 00 FF	reply		
2026-09-14T23:44:21.819	processor:50066	rx	81 09 04 35 FF	inquiry	WhiteBalance	
2026-09-14T23:44:21.819	processor:50066	tx	90 50 05 FF	reply		
2026-09-14T23:44:21.829	processor:50066	rx	81 09 04 38 FF	inquiry	AutoFocus	
2026-09-14T23:44:21.829	processor:50066	tx	90 50 02 FF	reply		
2026-09-14T23:44:21.840	processor:50066	rx	81 09 04 33 FF	inquiry	Backlight	
2026-09-14T23:44:21.840	processor:50066	tx	90 50 03 FF	reply		
2026-09-14T23:44:21.849	processor:50066	rx	81 09 04 62 FF	inquiry	FreezeFrame	
2026-09-14T23:44:21.849	processor:50066	tx	90 50 03 FF	reply		
2026-09-14T23:44:24.881	processor:50066	rx	81 09 04 00 FF	inquiry	Power	
2026-09-14T23:44:24.881	processor:50066	tx	90 50 02 FF	reply		
2026-09-14T23:44:24.886	processor:50066	rx	81 09 08 01 FF	inquiry	TrackingFraming	
2026-09-14T23:44:24.886	processor:50066	tx	90 50 03 FF	reply		
2026-09-14T23:44:24.896	processor:50066	rx	81 09 04 39 FF	inquiry	AutoExposure	
2026-09-14T23:44:24.896	processor:50066	tx	90 50 00 FF	reply		
2026-09-14T23:44:24.913	processor:50066	rx	81 09 04 35 FF	inquiry	WhiteBalance	
2026-09-14T23:44:24.913	processor:50066	tx	90 50 05 FF	reply		
2026-09-14T23:44:24.922	processor:50066	rx	81 09 04 38 FF	inquiry	AutoFocus	
2026-09-14T23:44:24.922	processor:50066	tx	90 50 02 FF	reply		
2026-09-14T23:44:24.933	processor:50066	rx	81 09 04 33 FF	inquiry	Backlight	
2026-09-14T23:44:24.933	processor:50066	tx	90 50 03 FF	reply		
2026-09-14T23:44:24.938	processor:50066	rx	81 09 04 62 FF	inquiry	FreezeFrame	
2026-09-14T23:44:24.938	processor:50066	tx	90 50 03 FF	reply		
2026-09-14T23:44:27.950	processor:50066	rx	81 09 04 00 FF	inquiry	Power	
2026-09-14T23:44:27.950	processor:50066	tx	90 50 02 FF	reply		
2026-09-14T23:44:27.967	processor:50066	rx	81 09 08 01 FF	inquiry	TrackingFraming	
2026-09-14T23:44:27.967	processor:50066	tx	90 50 03 FF	reply		
2026-09-14T23:44:27.976	processor:50066	rx	81 09 04 39 FF	inquiry	AutoExposure	
2026-09-14T23:44:27.976	processor:50066	tx	90 50 00 FF	reply		
2026-09-14T23:44:27.985	processor:50066	rx	81 09 04 35 FF	inquiry	WhiteBalance	
2026-09-14T23:44:27.985	processor:50066	tx	90 50 05 FF	reply		
2026-09-14T23:44:27.993	processor:50066	rx	81 09 04 38 FF	inquiry	AutoFocus	
2026-09-14T23:44:27.993	processor:50066	tx	90 50 02 FF	reply		
2026-09-14T23:44:28.008	processor:50066	rx	81 09 04 33 FF	inquiry	Backlight	
2026-09-14T23:44:28.008	processor:50066	tx	90 50 03 FF	reply		
2026-09-14T23:44:28.019	processor:50066	rx	81 09 04 62 FF	inquiry	FreezeFrame	
2026-09-14T23:44:28.019	processor:50066	tx	90 50 03 FF	reply		
2026-09-14T23:44:31.066	processor:50066	rx	81 09 04 00 FF	inquiry	Power	
2026-09-14T23:44:31.066	processor:50066	tx	90 50 02 FF	reply		
2026-09-14T23:44:31.087	processor:50066	rx	81 09 08 01 FF	inquiry	TrackingFraming	
2026-09-14T23:44:31.089	processor:50066	tx	90 50 03 FF	reply		
2026-09-14T23:44:31.116	processor:50066	rx	81 09 04 39 FF	inquiry	AutoExposure	
2026-09-14T23:44:31.116	processor:50066	tx	90 50 00 FF	reply		
2026-09-14T23:44:31.154	processor:50066	rx	81 09 04 35 FF	inquiry	WhiteBalance	
2026-09-14T23:44:31.154	processor:50066	tx	90 50 05 FF	reply		
2026-09-14T23:44:31.174	processor:50066	rx	81 09 04 38 FF	inquiry	AutoFocus	
2026-09-14T23:44:31.174	processor:50066	tx	90 50 02 FF	reply		
2026-09-14T23:44:31.189	processor:50066	rx	81 09 04 33 FF	inquiry	Backlight	
2026-09-14T23:44:31.189	processor:50066	tx	90 50 03 FF	reply		
2026-09-14T23:44:31.220	processor:50066	rx	81 09 04 62 FF	inquiry	FreezeFrame	
2026-09-14T23:44:31.220	processor:50066	tx	90 50 03 FF	reply		
2026-09-14T23:44:34.326	processor:50066	rx	81 09 04 00 FF	inquiry	Power	
2026-09-14T23:44:34.326	processor:50066	tx	90 50 02 FF	reply		
2026-09-14T23:44:34.337	processor:50066	rx	81 09 08 01 FF	inquiry	TrackingFraming	
2026-09-14T23:44:34.337	processor:50066	tx	90 50 03 FF	reply		
2026-09-14T23:44:34.351	processor:50066	rx	81 09 04 39 FF	inquiry	AutoExposure	
2026-09-14T23:44:34.351	processor:50066	tx	90 50 00 FF	reply		
2026-09-14T23:44:34.360	processor:50066	rx	81 09 04 35 FF	inquiry	WhiteBalance	
2026-09-14T23:44:34.361	processor:50066	tx	90 50 05 FF	reply		
2026-09-14T23:44:34.369	processor:50066	rx	81 09 04 38 FF	inquiry	AutoFocus	
2026-09-14T23:44:34.369	processor:50066	tx	90 50 02 FF	reply		
2026-09-14T23:44:34.377	processor:50066	rx	81 09 04 33 FF	inquiry	Backlight	
2026-09-14T23:44:34.377	processor:50066	tx	90 50 03 FF	reply		
2026-09-14T23:44:34.386	processor:50066	rx	81 09 04 62 FF	inquiry	FreezeFrame	
2026-09-14T23:44:34.386	processor:50066	tx	90 50 03 FF	reply		
2026-09-14T23:44:37.490	processor:50066	rx	81 09 04 00 FF	inquiry	Power	
2026-09-14T23:44:37.490	processor:50066	tx	90 50 02 FF	reply		
2026-09-14T23:44:37.502	processor:50066	rx	81 09 08 01 FF	inquiry	TrackingFraming	
2026-09-14T23:44:37.502	processor:50066	tx	90 50 03 FF	reply		
2026-09-14T23:44:37.507	processor:50066	rx	81 09 04 39 FF	inquiry	AutoExposure	
2026-09-14T23:44:37.507	processor:50066	tx	90 50 00 FF	reply		
2026-09-14T23:44:37.519	processor:50066	rx	81 09 04 35 FF	inquiry	WhiteBalance	
2026-09-14T23:44:37.524	processor:50066	tx	90 50 05 FF	reply		
2026-09-14T23:44:37.533	processor:50066	rx	81 09 04 38 FF	inquiry	AutoFocus	
2026-09-14T23:44:37.533	processor:50066	tx	90 50 02 FF	reply		
2026-09-14T23:44:37.541	processor:50066	rx	81 09 04 33 FF	inquiry	Backlight	
2026-09-14T23:44:37.541	processor:50066	tx	90 50 03 FF	reply		
2026-09-14T23:44:37.555	processor:50066	rx	81 09 04 62 FF	inquiry	FreezeFrame	
2026-09-14T23:44:37.555	processor:50066	tx	90 50 03 FF	reply		
2026-09-14T23:44:40.575	processor:50066	rx	81 09 04 00 FF	inquiry	Power	
2026-09-14T23:44:40.575	processor:50066	tx	90 50 02 FF	reply		
2026-09-14T23:44:40.587	processor:50066	rx	81 09 08 01 FF	inquiry	TrackingFraming	
2026-09-14T23:44:40.587	processor:50066	tx	90 50 03 FF	reply		
2026-09-14T23:44:40.598	processor:50066	rx	81 09 04 39 FF	inquiry	AutoExposure	
2026-09-14T23:44:40.599	processor:50066	tx	90 50 00 FF	reply		
2026-09-14T23:44:40.606	processor:50066	rx	81 09 04 35 FF	inquiry	WhiteBalance	
2026-09-14T23:44:40.607	processor:50066	tx	90 50 05 FF	reply		
2026-09-14T23:44:40.617	processor:50066	rx	81 09 04 38 FF	inquiry	AutoFocus	
2026-09-14T23:44:40.617	processor:50066	tx	90 50 02 FF	reply		
2026-09-14T23:44:40.626	processor:50066	rx	81 09 04 33 FF	inquiry	Backlight	
2026-09-14T23:44:40.627	processor:50066	tx	90 50 03 FF	reply		
2026-09-14T23:44:40.635	processor:50066	rx	81 09 04 62 FF	inquiry	FreezeFrame	
2026-09-14T23:44:40.637	processor:50066	tx	90 50 03 FF	reply		
2026-09-14T23:44:43.640	processor:50066	rx	81 09 04 00 FF	inquiry	Power	
2026-09-14T23:44:43.640	processor:50066	tx	90 50 02 FF	reply		
2026-09-14T23:44:43.652	processor:50066	rx	81 09 08 01 FF	inquiry	TrackingFraming	
2026-09-14T23:44:43.652	processor:50066	tx	90 50 03 FF	reply		
2026-09-14T23:44:43.662	processor:50066	rx	81 09 04 39 FF	inquiry	AutoExposure	
2026-09-14T23:44:43.662	processor:50066	tx	90 50 00 FF	reply		
2026-09-14T23:44:43.672	processor:50066	rx	81 09 04 35 FF	inquiry	WhiteBalance	
2026-09-14T23:44:43.672	processor:50066	tx	90 50 05 FF	reply		
2026-09-14T23:44:43.683	processor:50066	rx	81 09 04 38 FF	inquiry	AutoFocus	
2026-09-14T23:44:43.683	processor:50066	tx	90 50 02 FF	reply		
2026-09-14T23:44:43.693	processor:50066	rx	81 09 04 33 FF	inquiry	Backlight	
2026-09-14T23:44:43.693	processor:50066	tx	90 50 03 FF	reply		
2026-09-14T23:44:43.702	processor:50066	rx	81 09 04 62 FF	inquiry	FreezeFrame	
2026-09-14T23:44:43.702	processor:50066	tx	90 50 03 FF	reply		
2026-09-14T23:44:46.755	processor:50066	rx	81 09 04 00 FF	inquiry	Power	
2026-09-14T23:44:46.755	processor:50066	tx	90 50 02 FF	reply		
2026-09-14T23:44:46.766	processor:50066	rx	81 09 08 01 FF	inquiry	TrackingFraming	
2026-09-14T23:44:46.766	processor:50066	tx	90 50 03 FF	reply		
2026-09-14T23:44:46.776	processor:50066	rx	81 09 04 39 FF	inquiry	AutoExposure	
2026-09-14T23:44:46.776	processor:50066	tx	90 50 00 FF	reply		
2026-09-14T23:44:46.786	processor:50066	rx	81 09 04 35 FF	inquiry	WhiteBalance	
2026-09-14T23:44:46.787	processor:50066	tx	90 50 05 FF	reply		
2026-09-14T23:44:46.797	processor:50066	rx	81 09 04 38 FF	inquiry	AutoFocus	
2026-09-14T23:44:46.797	processor:50066	tx	90 50 02 FF	reply		
2026-09-14T23:44:46.806	processor:50066	rx	81 09 04 33 FF	inquiry	Backlight	
2026-09-14T23:44:46.807	processor:50066	tx	90 50 03 FF	reply		
2026-09-14T23:44:46.816	processor:50066	rx	81 09 04 62 FF	inquiry	FreezeFrame	
2026-09-14T23:44:46.816	processor:50066	tx	90 50 03 FF	reply		
2026-09-14T23:44:49.941	processor:50066	rx	81 09 04 00 FF	inquiry	Power	
2026-09-14T23:44:49.947	processor:50066	tx	90 50 02 FF	reply		
2026-09-14T23:44:49.960	processor:50066	rx	81 09 08 01 FF	inquiry	TrackingFraming	
2026-09-14T23:44:49.960	processor:50066	tx	90 50 03 FF	reply		
2026-09-14T23:44:49.970	processor:50066	rx	81 09 04 39 FF	inquiry	AutoExposure	
2026-09-14T23:44:49.970	processor:50066	tx	90 50 00 FF	reply		
2026-09-14T23:44:49.974	processor:50066	rx	81 09 04 35 FF	inquiry	WhiteBalance	
2026-09-14T23:44:49.981	processor:50066	tx	90 50 05 FF	reply		
2026-09-14T23:44:49.989	processor:50066	rx	81 09 04 38 FF	inquiry	AutoFocus	
2026-09-14T23:44:49.989	processor:50066	tx	90 50 02 FF	reply		
2026-09-14T23:44:50.001	processor:50066	rx	81 09 04 33 FF	inquiry	Backlight	
2026-09-14T23:44:50.001	processor:50066	tx	90 50 03 FF	reply		
2026-09-14T23:44:50.007	processor:50066	rx	81 09 04 62 FF	inquiry	FreezeFrame	
2026-09-14T23:44:50.007	processor:50066	tx	90 50 03 FF	reply		
2026-09-14T23:44:53.024	processor:50066	rx	81 09 04 00 FF	inquiry	Power	
2026-09-14T23:44:53.024	processor:50066	tx	90 50 02 FF	reply		
2026-09-14T23:44:53.037	processor:50066	rx	81 09 08 01 FF	inquiry	TrackingFraming	
2026-09-14T23:44:53.037	processor:50066	tx	90 50 03 FF	reply		
2026-09-14T23:44:53.040	processor:50066	rx	81 09 04 39 FF	inquiry	AutoExposure	
2026-09-14T23:44:53.040	processor:50066	tx	90 50 00 FF	reply		
2026-09-14T23:44:53.057	processor:50066	rx	81 09 04 35 FF	inquiry	WhiteBalance	
2026-09-14T23:44:53.058	processor:50066	tx	90 50 05 FF	reply		
2026-09-14T23:44:53.065	processor:50066	rx	81 09 04 38 FF	inquiry	AutoFocus	
2026-09-14T23:44:53.067	processor:50066	tx	90 50 02 FF	reply		
2026-09-14T23:44:53.075	processor:50066	rx	81 09 04 33 FF	inquiry	Backlight	
2026-09-14T23:44:53.075	processor:50066	tx	90 50 03 FF	reply		
2026-09-14T23:44:53.080	processor:50066	rx	81 09 04 62 FF	inquiry	FreezeFrame	
2026-09-14T23:44:53.080	processor:50066	tx	90 50 03 FF	reply		
2026-09-14T23:44:56.101	processor:50066	rx	81 09 04 00 FF	inquiry	Power	
2026-09-14T23:44:56.103	processor:50066	tx	90 50 02 FF	reply		
2026-09-14T23:44:56.112	processor:50066	rx	81 09 08 01 FF	inquiry	TrackingFraming	
2026-09-14T23:44:56.112	processor:50066	tx	90 50 03 FF	reply		
2026-09-14T23:44:56.118	processor:50066	rx	81 09 04 39 FF	inquiry	AutoExposure	
2026-09-14T23:44:56.118	processor:50066	tx	90 50 00 FF	reply		
2026-09-14T23:44:56.130	processor:50066	rx	81 09 04 35 FF	inquiry	WhiteBalance	
2026-09-14T23:44:56.130	processor:50066	tx	90 50 05 FF	reply		
2026-09-14T23:44:56.146	processor:50066	rx	81 09 04 38 FF	inquiry	AutoFocus	
2026-09-14T23:44:56.146	processor:50066	tx	90 50 02 FF	reply		
2026-09-14T23:44:56.157	processor:50066	rx	81 09 04 33 FF	inquiry	Backlight	
2026-09-14T23:44:56.157	processor:50066	tx	90 50 03 FF	reply		
2026-09-14T23:44:56.164	processor:50066	rx	81 09 04 62 FF	inquiry	FreezeFrame	
2026-09-14T23:44:56.164	processor:50066	tx	90 50 03 FF	reply		
2026-09-14T23:44:59.180	processor:50066	rx	81 09 04 00 FF	inquiry	Power	
2026-09-14T23:44:59.180	processor:50066	tx	90 50 02 FF	reply		
2026-09-14T23:44:59.194	processor:50066	rx	81 09 08 01 FF	inquiry	TrackingFraming	
2026-09-14T23:44:59.194	processor:50066	tx	90 50 03 FF	reply		
2026-09-14T23:44:59.202	processor:50066	rx	81 09 04 39 FF	inquiry	AutoExposure	
2026-09-14T23:44:59.202	processor:50066	tx	90 50 00 FF	reply		
2026-09-14T23:44:59.214	processor:50066	rx	81 09 04 35 FF	inquiry	WhiteBalance	
2026-09-14T23:44:59.214	processor:50066	tx	90 50 05 FF	reply		
2026-09-14T23:44:59.220	processor:50066	rx	81 09 04 38 FF	inquiry	AutoFocus	
2026-09-14T23:44:59.220	processor:50066	tx	90 50 02 FF	reply		
2026-09-14T23:44:59.233	processor:50066	rx	81 09 04 33 FF	inquiry	Backlight	
2026-09-14T23:44:59.233	processor:50066	tx	90 50 03 FF	reply		
2026-09-14T23:44:59.241	processor:50066	rx	81 09 04 62 FF	inquiry	FreezeFrame	
2026-09-14T23:44:59.241	processor:50066	tx	90 50 03 FF	reply		
2026-09-14T23:45:02.264	processor:50066	rx	81 09 04 00 FF	inquiry	Power	
2026-09-14T23:45:02.264	processor:50066	tx	90 50 02 FF	reply		
2026-09-14T23:45:02.270	processor:50066	rx	81 09 08 01 FF	inquiry	TrackingFraming	
2026-09-14T23:45:02.270	processor:50066	tx	90 50 03 FF	reply		
2026-09-14T23:45:02.287	processor:50066	rx	81 09 04 39 FF	inquiry	AutoExposure	
2026-09-14T23:45:02.287	processor:50066	tx	90 50 00 FF	reply		
2026-09-14T23:45:02.296	processor:50066	rx	81 09 04 35 FF	inquiry	WhiteBalance	
2026-09-14T23:45:02.296	processor:50066	tx	90 50 05 FF	reply		
2026-09-14T23:45:02.309	processor:50066	rx	81 09 04 38 FF	inquiry	AutoFocus	
2026-09-14T23:45:02.309	processor:50066	tx	90 50 02 FF	reply		
2026-09-14T23:45:02.318	processor:50066	rx	81 09 04 33 FF	inquiry	Backlight	
2026-09-14T23:45:02.318	processor:50066	tx	90 50 03 FF	reply		
2026-09-14T23:45:02.328	processor:50066	rx	81 09 04 62 FF	inquiry	FreezeFrame	
2026-09-14T23:45:02.328	processor:50066	tx	90 50 03 FF	reply		
2026-09-14T23:45:05.336	processor:50066	rx	81 09 04 00 FF	inquiry	Power	
2026-09-14T23:45:05.336	processor:50066	tx	90 50 02 FF	reply		
2026-09-14T23:45:05.355	processor:50066	rx	81 09 08 01 FF	inquiry	TrackingFraming	
2026-09-14T23:45:05.355	processor:50066	tx	90 50 03 FF	reply		
2026-09-14T23:45:05.387	processor:50066	rx	81 09 04 39 FF	inquiry	AutoExposure	
2026-09-14T23:45:05.387	processor:50066	tx	90 50 00 FF	reply		
2026-09-14T23:45:05.407	processor:50066	rx	81 09 04 35 FF	inquiry	WhiteBalance	
2026-09-14T23:45:05.407	processor:50066	tx	90 50 05 FF	reply		
2026-09-14T23:45:05.430	processor:50066	rx	81 09 04 38 FF	inquiry	AutoFocus	
2026-09-14T23:45:05.430	processor:50066	tx	90 50 02 FF	reply		
2026-09-14T23:45:05.438	processor:50066	rx	81 09 04 33 FF	inquiry	Backlight	
2026-09-14T23:45:05.438	processor:50066	tx	90 50 03 FF	reply		
2026-09-14T23:45:05.465	processor:50066	rx	81 09 04 62 FF	inquiry	FreezeFrame	
2026-09-14T23:45:05.465	processor:50066	tx	90 50 03 FF	reply		
2026-09-14T23:45:08.504	processor:50066	rx	81 09 04 00 FF	inquiry	Power	
2026-09-14T23:45:08.504	processor:50066	tx	90 50 02 FF	reply		
2026-09-14T23:45:08.542	processor:50066	rx	81 09 08 01 FF	inquiry	TrackingFraming	
2026-09-14T23:45:08.544	processor:50066	tx	90 50 03 FF	reply		
2026-09-14T23:45:08.572	processor:50066	rx	81 09 04 39 FF	inquiry	AutoExposure	
2026-09-14T23:45:08.572	processor:50066	tx	90 50 00 FF	reply		
2026-09-14T23:45:08.583	processor:50066	rx	81 09 04 35 FF	inquiry	WhiteBalance	
2026-09-14T23:45:08.584	processor:50066	tx	90 50 05 FF	reply		
2026-09-14T23:45:08.605	processor:50066	rx	81 09 04 38 FF	inquiry	AutoFocus	
2026-09-14T23:45:08.606	processor:50066	tx	90 50 02 FF	reply		
2026-09-14T23:45:08.640	processor:50066	rx	81 09 04 33 FF	inquiry	Backlight	
2026-09-14T23:45:08.640	processor:50066	tx	90 50 03 FF	reply		
2026-09-14T23:45:08.652	processor:50066	rx	81 09 04 62 FF	inquiry	FreezeFrame	
2026-09-14T23:45:08.652	processor:50066	tx	90 50 03 FF	reply		
2026-09-14T23:45:11.613	processor:50066	rx	81 09 04 00 FF	inquiry	Power	
2026-09-14T23:45:11.613	processor:50066	tx	90 50 02 FF	reply		
2026-09-14T23:45:11.629	processor:50066	rx	81 09 08 01 FF	inquiry	TrackingFraming	
2026-09-14T23:45:11.629	processor:50066	tx	90 50 03 FF	reply		
2026-09-14T23:45:11.639	processor:50066	rx	81 09 04 39 FF	inquiry	AutoExposure	
2026-09-14T23:45:11.640	processor:50066	tx	90 50 00 FF	reply		
2026-09-14T23:45:11.649	processor:50066	rx	81 09 04 35 FF	inquiry	WhiteBalance	
2026-09-14T23:45:11.649	processor:50066	tx	90 50 05 FF	reply		
2026-09-14T23:45:11.659	processor:50066	rx	81 09 04 38 FF	inquiry	AutoFocus	
2026-09-14T23:45:11.659	processor:50066	tx	90 50 02 FF	reply		
2026-09-14T23:45:11.669	processor:50066	rx	81 09 04 33 FF	inquiry	Backlight	
2026-09-14T23:45:11.669	processor:50066	tx	90 50 03 FF	reply		
2026-09-14T23:45:11.680	processor:50066	rx	81 09 04 62 FF	inquiry	FreezeFrame	
2026-09-14T23:45:11.681	processor:50066	tx	90 50 03 FF	reply		
2026-09-14T23:45:14.691	processor:50066	rx	81 09 04 00 FF	inquiry	Power	
2026-09-14T23:45:14.692	processor:50066	tx	90 50 02 FF	reply		
2026-09-14T23:45:14.705	processor:50066	rx	81 09 08 01 FF	inquiry	TrackingFraming	
2026-09-14T23:45:14.706	processor:50066	tx	90 50 03 FF	reply		
2026-09-14T23:45:14.710	processor:50066	rx	81 09 04 39 FF	inquiry	AutoExposure	
2026-09-14T23:45:14.710	processor:50066	tx	90 50 00 FF	reply		
2026-09-14T23:45:14.721	processor:50066	rx	81 09 04 35 FF	inquiry	WhiteBalance	
2026-09-14T23:45:14.721	processor:50066	tx	90 50 05 FF	reply		
2026-09-14T23:45:14.721	processor:50066	rx	81 09 04 38 FF	inquiry	AutoFocus	
2026-09-14T23:45:14.721	processor:50066	tx	90 50 02 FF	reply		
2026-09-14T23:45:14.743	processor:50066	rx	81 09 04 33 FF	inquiry	Backlight	
2026-09-14T23:45:14.743	processor:50066	tx	90 50 03 FF	reply		
2026-09-14T23:45:14.753	processor:50066	rx	81 09 04 62 FF	inquiry	FreezeFrame	
2026-09-14T23:45:14.753	processor:50066	tx	90 50 03 FF	reply		
2026-09-14T23:45:17.770	processor:50066	rx	81 09 04 00 FF	inquiry	Power	
2026-09-14T23:45:17.770	processor:50066	tx	90 50 02 FF	reply		
2026-09-14T23:45:17.782	processor:50066	rx	81 09 08 01 FF	inquiry	TrackingFraming	
2026-09-14T23:45:17.782	processor:50066	tx	90 50 03 FF	reply		
2026-09-14T23:45:17.788	processor:50066	rx	81 09 04 39 FF	inquiry	AutoExposure	
2026-09-14T23:45:17.788	processor:50066	tx	90 50 00 FF	reply		
2026-09-14T23:45:17.801	processor:50066	rx	81 09 04 35 FF	inquiry	WhiteBalance	
2026-09-14T23:45:17.801	processor:50066	tx	90 50 05 FF	reply		
2026-09-14T23:45:17.805	processor:50066	rx	81 09 04 38 FF	inquiry	AutoFocus	
2026-09-14T23:45:17.805	processor:50066	tx	90 50 02 FF	reply		
2026-09-14T23:45:17.822	processor:50066	rx	81 09 04 33 FF	inquiry	Backlight	
2026-09-14T23:45:17.822	processor:50066	tx	90 50 03 FF	reply		
2026-09-14T23:45:17.822	processor:50066	rx	81 09 04 62 FF	inquiry	FreezeFrame	
2026-09-14T23:45:17.833	processor:50066	tx	90 50 03 FF	reply		
2026-09-14T23:45:20.850	processor:50066	rx	81 09 04 00 FF	inquiry	Power	
2026-09-14T23:45:20.850	processor:50066	tx	90 50 02 FF	reply		
2026-09-14T23:45:20.866	processor:50066	rx	81 09 08 01 FF	inquiry	TrackingFraming	
2026-09-14T23:45:20.867	processor:50066	tx	90 50 03 FF	reply		
2026-09-14T23:45:20.876	processor:50066	rx	81 09 04 39 FF	inquiry	AutoExposure	
2026-09-14T23:45:20.876	processor:50066	tx	90 50 00 FF	reply		
2026-09-14T23:45:20.884	processor:50066	rx	81 09 04 35 FF	inquiry	WhiteBalance	
2026-09-14T23:45:20.884	processor:50066	tx	90 50 05 FF	reply		
2026-09-14T23:45:20.896	processor:50066	rx	81 09 04 38 FF	inquiry	AutoFocus	
2026-09-14T23:45:20.896	processor:50066	tx	90 50 02 FF	reply		
2026-09-14T23:45:20.901	processor:50066	rx	81 09 04 33 FF	inquiry	Backlight	
2026-09-14T23:45:20.907	processor:50066	tx	90 50 03 FF	reply		
2026-09-14T23:45:20.915	processor:50066	rx	81 09 04 62 FF	inquiry	FreezeFrame	
2026-09-14T23:45:20.915	processor:50066	tx	90 50 03 FF	reply		
2026-09-14T23:45:23.930	processor:50066	rx	81 09 04 00 FF	inquiry	Power	
2026-09-14T23:45:23.930	processor:50066	tx	90 50 02 FF	reply		
2026-09-14T23:45:23.944	processor:50066	rx	81 09 08 01 FF	inquiry	TrackingFraming	
2026-09-14T23:45:23.944	processor:50066	tx	90 50 03 FF	reply		
2026-09-14T23:45:23.954	processor:50066	rx	81 09 04 39 FF	inquiry	AutoExposure	
2026-09-14T23:45:23.954	processor:50066	tx	90 50 00 FF	reply		
2026-09-14T23:45:23.962	processor:50066	rx	81 09 04 35 FF	inquiry	WhiteBalance	
2026-09-14T23:45:23.962	processor:50066	tx	90 50 05 FF	reply		
2026-09-14T23:45:23.972	processor:50066	rx	81 09 04 38 FF	inquiry	AutoFocus	
2026-09-14T23:45:23.972	processor:50066	tx	90 50 02 FF	reply		
2026-09-14T23:45:23.983	processor:50066	rx	81 09 04 33 FF	inquiry	Backlight	
2026-09-14T23:45:23.983	processor:50066	tx	90 50 03 FF	reply		
2026-09-14T23:45:24.001	processor:50066	rx	81 09 04 62 FF	inquiry	FreezeFrame	
2026-09-14T23:45:24.001	processor:50066	tx	90 50 03 FF	reply		
2026-09-14T23:45:27.154	processor:50066	rx	81 09 04 00 FF	inquiry	Power	
2026-09-14T23:45:27.154	processor:50066	tx	90 50 02 FF	reply		
2026-09-14T23:45:27.166	processor:50066	rx	81 09 08 01 FF	inquiry	TrackingFraming	
2026-09-14T23:45:27.167	processor:50066	tx	90 50 03 FF	reply		
2026-09-14T23:45:27.177	processor:50066	rx	81 09 04 39 FF	inquiry	AutoExposure	
2026-09-14T23:45:27.177	processor:50066	tx	90 50 00 FF	reply		
2026-09-14T23:45:27.186	processor:50066	rx	81 09 04 35 FF	inquiry	WhiteBalance	
2026-09-14T23:45:27.186	processor:50066	tx	90 50 05 FF	reply		
2026-09-14T23:45:27.199	processor:50066	rx	81 09 04 38 FF	inquiry	AutoFocus	
2026-09-14T23:45:27.199	processor:50066	tx	90 50 02 FF	reply		
2026-09-14T23:45:27.208	processor:50066	rx	81 09 04 33 FF	inquiry	Backlight	
2026-09-14T23:45:27.209	processor:50066	tx	90 50 03 FF	reply		
2026-09-14T23:45:27.218	processor:50066	rx	81 09 04 62 FF	inquiry	FreezeFrame	
2026-09-14T23:45:27.218	processor:50066	tx	90 50 03 FF	reply		
2026-09-14T23:45:30.218	processor:50066	rx	81 09 04 00 FF	inquiry	Power	
2026-09-14T23:45:30.219	processor:50066	tx	90 50 02 FF	reply		
2026-09-14T23:45:30.231	processor:50066	rx	81 09 08 01 FF	inquiry	TrackingFraming	
2026-09-14T23:45:30.231	processor:50066	tx	90 50 03 FF	reply		
2026-09-14T23:45:30.242	processor:50066	rx	81 09 04 39 FF	inquiry	AutoExposure	
2026-09-14T23:45:30.242	processor:50066	tx	90 50 00 FF	reply		
2026-09-14T23:45:30.252	processor:50066	rx	81 09 04 35 FF	inquiry	WhiteBalance	
2026-09-14T23:45:30.254	processor:50066	tx	90 50 05 FF	reply		
2026-09-14T23:45:30.265	processor:50066	rx	81 09 04 38 FF	inquiry	AutoFocus	
2026-09-14T23:45:30.265	processor:50066	tx	90 50 02 FF	reply		
2026-09-14T23:45:30.274	processor:50066	rx	81 09 04 33 FF	inquiry	Backlight	
2026-09-14T23:45:30.274	processor:50066	tx	90 50 03 FF	reply		
2026-09-14T23:45:30.286	processor:50066	rx	81 09 04 62 FF	inquiry	FreezeFrame	
2026-09-14T23:45:30.287	processor:50066	tx	90 50 03 FF	reply		
2026-09-14T23:45:33.318	processor:50066	rx	81 09 04 00 FF	inquiry	Power	
2026-09-14T23:45:33.320	processor:50066	tx	90 50 02 FF	reply		
2026-09-14T23:45:33.347	processor:50066	rx	81 09 08 01 FF	inquiry	TrackingFraming	
2026-09-14T23:45:33.348	processor:50066	tx	90 50 03 FF	reply		
2026-09-14T23:45:33.367	processor:50066	rx	81 09 04 39 FF	inquiry	AutoExposure	
2026-09-14T23:45:33.368	processor:50066	tx	90 50 00 FF	reply		
2026-09-14T23:45:33.381	processor:50066	rx	81 09 04 35 FF	inquiry	WhiteBalance	
2026-09-14T23:45:33.382	processor:50066	tx	90 50 05 FF	reply		
2026-09-14T23:45:33.405	processor:50066	rx	81 09 04 38 FF	inquiry	AutoFocus	
2026-09-14T23:45:33.406	processor:50066	tx	90 50 02 FF	reply		
2026-09-14T23:45:33.416	processor:50066	rx	81 09 04 33 FF	inquiry	Backlight	
2026-09-14T23:45:33.416	processor:50066	tx	90 50 03 FF	reply		
2026-09-14T23:45:33.425	processor:50066	rx	81 09 04 62 FF	inquiry	FreezeFrame	
2026-09-14T23:45:33.425	processor:50066	tx	90 50 03 FF	reply		
2026-09-14T23:45:36.421	processor:50066	rx	81 09 04 00 FF	inquiry	Power	
2026-09-14T23:45:36.421	processor:50066	tx	90 50 02 FF	reply		
2026-09-14T23:45:36.443	processor:50066	rx	81 09 08 01 FF	inquiry	TrackingFraming	
2026-09-14T23:45:36.443	processor:50066	tx	90 50 03 FF	reply		
2026-09-14T23:45:36.453	processor:50066	rx	81 09 04 39 FF	inquiry	AutoExposure	
2026-09-14T23:45:36.454	processor:50066	tx	90 50 00 FF	reply		
2026-09-14T23:45:36.465	processor:50066	rx	81 09 04 35 FF	inquiry	WhiteBalance	
2026-09-14T23:45:36.465	processor:50066	tx	90 50 05 FF	reply		
2026-09-14T23:45:36.474	processor:50066	rx	81 09 04 38 FF	inquiry	AutoFocus	
2026-09-14T23:45:36.475	processor:50066	tx	90 50 02 FF	reply		
2026-09-14T23:45:36.485	processor:50066	rx	81 09 04 33 FF	inquiry	Backlight	
2026-09-14T23:45:36.485	processor:50066	tx	90 50 03 FF	reply		
2026-09-14T23:45:36.495	processor:50066	rx	81 09 04 62 FF	inquiry	FreezeFrame	
2026-09-14T23:45:36.495	processor:50066	tx	90 50 03 FF	reply		
2026-09-14T23:45:39.497	processor:50066	rx	81 09 04 00 FF	inquiry	Power	
2026-09-14T23:45:39.497	processor:50066	tx	90 50 02 FF	reply		
2026-09-14T23:45:39.517	processor:50066	rx	81 09 08 01 FF	inquiry	TrackingFraming	
2026-09-14T23:45:39.518	processor:50066	tx	90 50 03 FF	reply		
2026-09-14T23:45:39.536	processor:50066	rx	81 09 04 39 FF	inquiry	AutoExposure	
2026-09-14T23:45:39.536	processor:50066	tx	90 50 00 FF	reply		
2026-09-14T23:45:39.561	processor:50066	rx	81 09 04 35 FF	inquiry	WhiteBalance	
2026-09-14T23:45:39.562	processor:50066	tx	90 50 05 FF	reply		
2026-09-14T23:45:39.578	processor:50066	rx	81 09 04 38 FF	inquiry	AutoFocus	
2026-09-14T23:45:39.578	processor:50066	tx	90 50 02 FF	reply		
2026-09-14T23:45:39.588	processor:50066	rx	81 09 04 33 FF	inquiry	Backlight	
2026-09-14T23:45:39.588	processor:50066	tx	90 50 03 FF	reply		
2026-09-14T23:45:39.600	processor:50066	rx	81 09 04 62 FF	inquiry	FreezeFrame	
2026-09-14T23:45:39.600	processor:50066	tx	90 50 03 FF	reply		
2026-09-14T23:45:42.590	processor:50066	rx	81 09 04 00 FF	inquiry	Power	
2026-09-14T23:45:42.590	processor:50066	tx	90 50 02 FF	reply		
2026-09-14T23:45:42.604	processor:50066	rx	81 09 08 01 FF	inquiry	TrackingFraming	
2026-09-14T23:45:42.604	processor:50066	tx	90 50 03 FF	reply		
2026-09-14T23:45:42.614	processor:50066	rx	81 09 04 39 FF	inquiry	AutoExposure	
2026-09-14T23:45:42.614	processor:50066	tx	90 50 00 FF	reply		
2026-09-14T23:45:42.626	processor:50066	rx	81 09 04 35 FF	inquiry	WhiteBalance	
2026-09-14T23:45:42.626	processor:50066	tx	90 50 05 FF	reply		
2026-09-14T23:45:42.641	processor:50066	rx	81 09 04 38 FF	inquiry	AutoFocus	
2026-09-14T23:45:42.641	processor:50066	tx	90 50 02 FF	reply		
2026-09-14T23:45:42.668	processor:50066	rx	81 09 04 33 FF	inquiry	Backlight	
2026-09-14T23:45:42.668	processor:50066	tx	90 50 03 FF	reply		
2026-09-14T23:45:42.685	processor:50066	rx	81 09 04 62 FF	inquiry	FreezeFrame	
2026-09-14T23:45:42.685	processor:50066	tx	90 50 03 FF	reply		
2026-09-14T23:45:45.688	processor:50066	rx	81 09 04 00 FF	inquiry	Power	
2026-09-14T23:45:45.689	processor:50066	tx	90 50 02 FF	reply		
2026-09-14T23:45:45.702	processor:50066	rx	81 09 08 01 FF	inquiry	TrackingFraming	
2026-09-14T23:45:45.702	processor:50066	tx	90 50 03 FF	reply		
2026-09-14T23:45:45.711	processor:50066	rx	81 09 04 39 FF	inquiry	AutoExposure	
2026-09-14T23:45:45.711	processor:50066	tx	90 50 00 FF	reply		
2026-09-14T23:45:45.722	processor:50066	rx	81 09 04 35 FF	inquiry	WhiteBalance	
2026-09-14T23:45:45.722	processor:50066	tx	90 50 05 FF	reply		
2026-09-14T23:45:45.731	processor:50066	rx	81 09 04 38 FF	inquiry	AutoFocus	
2026-09-14T23:45:45.731	processor:50066	tx	90 50 02 FF	reply		
2026-09-14T23:45:45.741	processor:50066	rx	81 09 04 33 FF	inquiry	Backlight	
2026-09-14T23:45:45.741	processor:50066	tx	90 50 03 FF	reply		
2026-09-14T23:45:45.751	processor:50066	rx	81 09 04 62 FF	inquiry	FreezeFrame	
2026-09-14T23:45:45.751	processor:50066	tx	90 50 03 FF	reply		
2026-09-14T23:45:48.771	processor:50066	rx	81 09 04 00 FF	inquiry	Power	
2026-09-14T23:45:48.772	processor:50066	tx	90 50 02 FF	reply		
2026-09-14T23:45:48.782	processor:50066	rx	81 09 08 01 FF	inquiry	TrackingFraming	
2026-09-14T23:45:48.783	processor:50066	tx	90 50 03 FF	reply		
2026-09-14T23:45:48.795	processor:50066	rx	81 09 04 39 FF	inquiry	AutoExposure	
2026-09-14T23:45:48.795	processor:50066	tx	90 50 00 FF	reply		
2026-09-14T23:45:48.805	processor:50066	rx	81 09 04 35 FF	inquiry	WhiteBalance	
2026-09-14T23:45:48.805	processor:50066	tx	90 50 05 FF	reply		
2026-09-14T23:45:48.814	processor:50066	rx	81 09 04 38 FF	inquiry	AutoFocus	
2026-09-14T23:45:48.814	processor:50066	tx	90 50 02 FF	reply		
2026-09-14T23:45:48.825	processor:50066	rx	81 09 04 33 FF	inquiry	Backlight	
2026-09-14T23:45:48.825	processor:50066	tx	90 50 03 FF	reply		
2026-09-14T23:45:48.835	processor:50066	rx	81 09 04 62 FF	inquiry	FreezeFrame	
2026-09-14T23:45:48.836	processor:50066	tx	90 50 03 FF	reply		
2026-09-14T23:45:51.864	processor:50066	rx	81 09 04 00 FF	inquiry	Power	
2026-09-14T23:45:51.865	processor:50066	tx	90 50 02 FF	reply		
2026-09-14T23:45:51.877	processor:50066	rx	81 09 08 01 FF	inquiry	TrackingFraming	
2026-09-14T23:45:51.877	processor:50066	tx	90 50 03 FF	reply		
2026-09-14T23:45:51.886	processor:50066	rx	81 09 04 39 FF	inquiry	AutoExposure	
2026-09-14T23:45:51.886	processor:50066	tx	90 50 00 FF	reply		
2026-09-14T23:45:51.897	processor:50066	rx	81 09 04 35 FF	inquiry	WhiteBalance	
2026-09-14T23:45:51.897	processor:50066	tx	90 50 05 FF	reply		
2026-09-14T23:45:51.908	processor:50066	rx	81 09 04 38 FF	inquiry	AutoFocus	
2026-09-14T23:45:51.909	processor:50066	tx	90 50 02 FF	reply		
2026-09-14T23:45:51.918	processor:50066	rx	81 09 04 33 FF	inquiry	Backlight	
2026-09-14T23:45:51.919	processor:50066	tx	90 50 03 FF	reply		
2026-09-14T23:45:51.928	processor:50066	rx	81 09 04 62 FF	inquiry	FreezeFrame	
2026-09-14T23:45:51.928	processor:50066	tx	90 50 03 FF	reply		
2026-09-14T23:45:54.947	processor:50066	rx	81 09 04 00 FF	inquiry	Power	
2026-09-14T23:45:54.947	processor:50066	tx	90 50 02 FF	reply		
2026-09-14T23:45:54.959	processor:50066	rx	81 09 08 01 FF	inquiry	TrackingFraming	
2026-09-14T23:45:54.960	processor:50066	tx	90 50 03 FF	reply		
2026-09-14T23:45:54.970	processor:50066	rx	81 09 04 39 FF	inquiry	AutoExposure	
2026-09-14T23:45:54.970	processor:50066	tx	90 50 00 FF	reply		
2026-09-14T23:45:54.980	processor:50066	rx	81 09 04 35 FF	inquiry	WhiteBalance	
2026-09-14T23:45:54.980	processor:50066	tx	90 50 05 FF	reply		
2026-09-14T23:45:54.990	processor:50066	rx	81 09 04 38 FF	inquiry	AutoFocus	
2026-09-14T23:45:54.990	processor:50066	tx	90 50 02 FF	reply		
2026-09-14T23:45:55.000	processor:50066	rx	81 09 04 33 FF	inquiry	Backlight	
2026-09-14T23:45:55.000	processor:50066	tx	90 50 03 FF	reply		
2026-09-14T23:45:55.008	processor:50066	rx	81 09 04 62 FF	inquiry	FreezeFrame	
2026-09-14T23:45:55.008	processor:50066	tx	90 50 03 FF	reply		
2026-09-14T23:45:58.019	processor:50066	rx	81 09 04 00 FF	inquiry	Power	
2026-09-14T23:45:58.019	processor:50066	tx	90 50 02 FF	reply		
2026-09-14T23:45:58.031	processor:50066	rx	81 09 08 01 FF	inquiry	TrackingFraming	
2026-09-14T23:45:58.031	processor:50066	tx	90 50 03 FF	reply		
2026-09-14T23:45:58.041	processor:50066	rx	81 09 04 39 FF	inquiry	AutoExposure	
2026-09-14T23:45:58.041	processor:50066	tx	90 50 00 FF	reply		
2026-09-14T23:45:58.051	processor:50066	rx	81 09 04 35 FF	inquiry	WhiteBalance	
2026-09-14T23:45:58.051	processor:50066	tx	90 50 05 FF	reply		
2026-09-14T23:45:58.060	processor:50066	rx	81 09 04 38 FF	inquiry	AutoFocus	
2026-09-14T23:45:58.060	processor:50066	tx	90 50 02 FF	reply		
2026-09-14T23:45:58.073	processor:50066	rx	81 09 04 33 FF	inquiry	Backlight	
2026-09-14T23:45:58.073	processor:50066	tx	90 50 03 FF	reply		
2026-09-14T23:45:58.083	processor:50066	rx	81 09 04 62 FF	inquiry	FreezeFrame	
2026-09-14T23:45:58.083	processor:50066	tx	90 50 03 FF	reply		
2026-09-14T23:46:01.106	processor:50066	rx	81 09 04 00 FF	inquiry	Power	
2026-09-14T23:46:01.107	processor:50066	tx	90 50 02 FF	reply		
2026-09-14T23:46:01.118	processor:50066	rx	81 09 08 01 FF	inquiry	TrackingFraming	
2026-09-14T23:46:01.118	processor:50066	tx	90 50 03 FF	reply		
2026-09-14T23:46:01.128	processor:50066	rx	81 09 04 39 FF	inquiry	AutoExposure	
2026-09-14T23:46:01.128	processor:50066	tx	90 50 00 FF	reply		
2026-09-14T23:46:01.138	processor:50066	rx	81 09 04 35 FF	inquiry	WhiteBalance	
2026-09-14T23:46:01.138	processor:50066	tx	90 50 05 FF	reply		
2026-09-14T23:46:01.148	processor:50066	rx	81 09 04 38 FF	inquiry	AutoFocus	
2026-09-14T23:46:01.148	processor:50066	tx	90 50 02 FF	reply		
2026-09-14T23:46:01.158	processor:50066	rx	81 09 04 33 FF	inquiry	Backlight	
2026-09-14T23:46:01.158	processor:50066	tx	90 50 03 FF	reply		
2026-09-14T23:46:01.167	processor:50066	rx	81 09 04 62 FF	inquiry	FreezeFrame	
2026-09-14T23:46:01.167	processor:50066	tx	90 50 03 FF	reply		
2026-09-14T23:46:04.197	processor:50066	rx	81 09 04 00 FF	inquiry	Power	
2026-09-14T23:46:04.197	processor:50066	tx	90 50 02 FF	reply		
2026-09-14T23:46:04.210	processor:50066	rx	81 09 08 01 FF	inquiry	TrackingFraming	
2026-09-14T23:46:04.210	processor:50066	tx	90 50 03 FF	reply		
2026-09-14T23:46:04.222	processor:50066	rx	81 09 04 39 FF	inquiry	AutoExposure	
2026-09-14T23:46:04.223	processor:50066	tx	90 50 00 FF	reply		
2026-09-14T23:46:04.242	processor:50066	rx	81 09 04 35 FF	inquiry	WhiteBalance	
2026-09-14T23:46:04.242	processor:50066	tx	90 50 05 FF	reply		
2026-09-14T23:46:04.271	processor:50066	rx	81 09 04 38 FF	inquiry	AutoFocus	
2026-09-14T23:46:04.272	processor:50066	tx	90 50 02 FF	reply		
2026-09-14T23:46:04.297	processor:50066	rx	81 09 04 33 FF	inquiry	Backlight	
2026-09-14T23:46:04.297	processor:50066	tx	90 50 03 FF	reply		
2026-09-14T23:46:04.316	processor:50066	rx	81 09 04 62 FF	inquiry	FreezeFrame	
2026-09-14T23:46:04.316	processor:50066	tx	90 50 03 FF	reply		
2026-09-14T23:46:07.324	processor:50066	rx	81 09 04 00 FF	inquiry	Power	
2026-09-14T23:46:07.324	processor:50066	tx	90 50 02 FF	reply		
2026-09-14T23:46:07.344	processor:50066	rx	81 09 08 01 FF	inquiry	TrackingFraming	
2026-09-14T23:46:07.344	processor:50066	tx	90 50 03 FF	reply		
2026-09-14T23:46:07.355	processor:50066	rx	81 09 04 39 FF	inquiry	AutoExposure	
2026-09-14T23:46:07.355	processor:50066	tx	90 50 00 FF	reply		
2026-09-14T23:46:07.364	processor:50066	rx	81 09 04 35 FF	inquiry	WhiteBalance	
2026-09-14T23:46:07.365	processor:50066	tx	90 50 05 FF	reply		
2026-09-14T23:46:07.370	processor:50066	rx	81 09 04 38 FF	inquiry	AutoFocus	
2026-09-14T23:46:07.370	processor:50066	tx	90 50 02 FF	reply		
2026-09-14T23:46:07.383	processor:50066	rx	81 09 04 33 FF	inquiry	Backlight	
2026-09-14T23:46:07.383	processor:50066	tx	90 50 03 FF	reply		
2026-09-14T23:46:07.383	processor:50066	rx	81 09 04 62 FF	inquiry	FreezeFrame	
2026-09-14T23:46:07.383	processor:50066	tx	90 50 03 FF	reply		
2026-09-14T23:46:10.413	processor:50066	rx	81 09 04 00 FF	inquiry	Power	
2026-09-14T23:46:10.413	processor:50066	tx	90 50 02 FF	reply		
2026-09-14T23:46:10.427	processor:50066	rx	81 09 08 01 FF	inquiry	TrackingFraming	
2026-09-14T23:46:10.427	processor:50066	tx	90 50 03 FF	reply		
2026-09-14T23:46:10.436	processor:50066	rx	81 09 04 39 FF	inquiry	AutoExposure	
2026-09-14T23:46:10.437	processor:50066	tx	90 50 00 FF	reply		
2026-09-14T23:46:10.439	processor:50066	rx	81 09 04 35 FF	inquiry	WhiteBalance	
2026-09-14T23:46:10.439	processor:50066	tx	90 50 05 FF	reply		
2026-09-14T23:46:10.453	processor:50066	rx	81 09 04 38 FF	inquiry	AutoFocus	
2026-09-14T23:46:10.453	processor:50066	tx	90 50 02 FF	reply		
2026-09-14T23:46:10.473	processor:50066	rx	81 09 04 33 FF	inquiry	Backlight	
2026-09-14T23:46:10.473	processor:50066	tx	90 50 03 FF	reply		
2026-09-14T23:46:10.492	processor:50066	rx	81 09 04 62 FF	inquiry	FreezeFrame	
2026-09-14T23:46:10.492	processor:50066	tx	90 50 03 FF	reply		
2026-09-14T23:46:13.489	processor:50066	rx	81 09 04 00 FF	inquiry	Power	
2026-09-14T23:46:13.489	processor:50066	tx	90 50 02 FF	reply		
2026-09-14T23:46:13.499	processor:50066	rx	81 09 08 01 FF	inquiry	TrackingFraming	
2026-09-14T23:46:13.499	processor:50066	tx	90 50 03 FF	reply		
2026-09-14T23:46:13.510	processor:50066	rx	81 09 04 39 FF	inquiry	AutoExposure	
2026-09-14T23:46:13.510	processor:50066	tx	90 50 00 FF	reply		
2026-09-14T23:46:13.519	processor:50066	rx	81 09 04 35 FF	inquiry	WhiteBalance	
2026-09-14T23:46:13.519	processor:50066	tx	90 50 05 FF	reply		
2026-09-14T23:46:13.531	processor:50066	rx	81 09 04 38 FF	inquiry	AutoFocus	
2026-09-14T23:46:13.531	processor:50066	tx	90 50 02 FF	reply		
2026-09-14T23:46:13.542	processor:50066	rx	81 09 04 33 FF	inquiry	Backlight	
2026-09-14T23:46:13.542	processor:50066	tx	90 50 03 FF	reply		
2026-09-14T23:46:13.550	processor:50066	rx	81 09 04 62 FF	inquiry	FreezeFrame	
2026-09-14T23:46:13.550	processor:50066	tx	90 50 03 FF	reply		
2026-09-14T23:46:16.572	processor:50066	rx	81 09 04 00 FF	inquiry	Power	
2026-09-14T23:46:16.572	processor:50066	tx	90 50 02 FF	reply		
2026-09-14T23:46:16.585	processor:50066	rx	81 09 08 01 FF	inquiry	TrackingFraming	
2026-09-14T23:46:16.585	processor:50066	tx	90 50 03 FF	reply		
2026-09-14T23:46:16.594	processor:50066	rx	81 09 04 39 FF	inquiry	AutoExposure	
2026-09-14T23:46:16.594	processor:50066	tx	90 50 00 FF	reply		
2026-09-14T23:46:16.605	processor:50066	rx	81 09 04 35 FF	inquiry	WhiteBalance	
2026-09-14T23:46:16.605	processor:50066	tx	90 50 05 FF	reply		
2026-09-14T23:46:16.615	processor:50066	rx	81 09 04 38 FF	inquiry	AutoFocus	
2026-09-14T23:46:16.616	processor:50066	tx	90 50 02 FF	reply		
2026-09-14T23:46:16.626	processor:50066	rx	81 09 04 33 FF	inquiry	Backlight	
2026-09-14T23:46:16.626	processor:50066	tx	90 50 03 FF	reply		
2026-09-14T23:46:16.636	processor:50066	rx	81 09 04 62 FF	inquiry	FreezeFrame	
2026-09-14T23:46:16.636	processor:50066	tx	90 50 03 FF	reply		
2026-09-14T23:46:19.636	processor:50066	rx	81 09 04 00 FF	inquiry	Power	
2026-09-14T23:46:19.636	processor:50066	tx	90 50 02 FF	reply		
2026-09-14T23:46:19.649	processor:50066	rx	81 09 08 01 FF	inquiry	TrackingFraming	
2026-09-14T23:46:19.650	processor:50066	tx	90 50 03 FF	reply		
2026-09-14T23:46:19.658	processor:50066	rx	81 09 04 39 FF	inquiry	AutoExposure	
2026-09-14T23:46:19.659	processor:50066	tx	90 50 00 FF	reply		
2026-09-14T23:46:19.669	processor:50066	rx	81 09 04 35 FF	inquiry	WhiteBalance	
2026-09-14T23:46:19.669	processor:50066	tx	90 50 05 FF	reply		
2026-09-14T23:46:19.680	processor:50066	rx	81 09 04 38 FF	inquiry	AutoFocus	
2026-09-14T23:46:19.680	processor:50066	tx	90 50 02 FF	reply		
2026-09-14T23:46:19.690	processor:50066	rx	81 09 04 33 FF	inquiry	Backlight	
2026-09-14T23:46:19.690	processor:50066	tx	90 50 03 FF	reply		
2026-09-14T23:46:19.701	processor:50066	rx	81 09 04 62 FF	inquiry	FreezeFrame	
2026-09-14T23:46:19.701	processor:50066	tx	90 50 03 FF	reply		
2026-09-14T23:46:22.704	processor:50066	rx	81 09 04 00 FF	inquiry	Power	
2026-09-14T23:46:22.705	processor:50066	tx	90 50 02 FF	reply		
2026-09-14T23:46:22.717	processor:50066	rx	81 09 08 01 FF	inquiry	TrackingFraming	
2026-09-14T23:46:22.717	processor:50066	tx	90 50 03 FF	reply		
2026-09-14T23:46:22.727	processor:50066	rx	81 09 04 39 FF	inquiry	AutoExposure	
2026-09-14T23:46:22.728	processor:50066	tx	90 50 00 FF	reply		
2026-09-14T23:46:22.736	processor:50066	rx	81 09 04 35 FF	inquiry	WhiteBalance	
2026-09-14T23:46:22.736	processor:50066	tx	90 50 05 FF	reply		
2026-09-14T23:46:22.746	processor:50066	rx	81 09 04 38 FF	inquiry	AutoFocus	
2026-09-14T23:46:22.747	processor:50066	tx	90 50 02 FF	reply		
2026-09-14T23:46:22.755	processor:50066	rx	81 09 04 33 FF	inquiry	Backlight	
2026-09-14T23:46:22.757	processor:50066	tx	90 50 03 FF	reply		
2026-09-14T23:46:22.766	processor:50066	rx	81 09 04 62 FF	inquiry	FreezeFrame	
2026-09-14T23:46:22.766	processor:50066	tx	90 50 03 FF	reply		
2026-09-14T23:46:25.781	processor:50066	rx	81 09 04 00 FF	inquiry	Power	
2026-09-14T23:46:25.782	processor:50066	tx	90 50 02 FF	reply		
2026-09-14T23:46:25.793	processor:50066	rx	81 09 08 01 FF	inquiry	TrackingFraming	
2026-09-14T23:46:25.795	processor:50066	tx	90 50 03 FF	reply		
2026-09-14T23:46:25.803	processor:50066	rx	81 09 04 39 FF	inquiry	AutoExposure	
2026-09-14T23:46:25.803	processor:50066	tx	90 50 00 FF	reply		
2026-09-14T23:46:25.813	processor:50066	rx	81 09 04 35 FF	inquiry	WhiteBalance	
2026-09-14T23:46:25.813	processor:50066	tx	90 50 05 FF	reply		
2026-09-14T23:46:25.823	processor:50066	rx	81 09 04 38 FF	inquiry	AutoFocus	
2026-09-14T23:46:25.823	processor:50066	tx	90 50 02 FF	reply		
2026-09-14T23:46:25.832	processor:50066	rx	81 09 04 33 FF	inquiry	Backlight	
2026-09-14T23:46:25.832	processor:50066	tx	90 50 03 FF	reply		
2026-09-14T23:46:25.842	processor:50066	rx	81 09 04 62 FF	inquiry	FreezeFrame	
2026-09-14T23:46:25.843	processor:50066	tx	90 50 03 FF	reply		
2026-09-14T23:46:28.850	processor:50066	rx	81 09 04 00 FF	inquiry	Power	
2026-09-14T23:46:28.851	processor:50066	tx	90 50 02 FF	reply		
2026-09-14T23:46:28.866	processor:50066	rx	81 09 08 01 FF	inquiry	TrackingFraming	
2026-09-14T23:46:28.866	processor:50066	tx	90 50 03 FF	reply		
2026-09-14T23:46:28.885	processor:50066	rx	81 09 04 39 FF	inquiry	AutoExposure	
2026-09-14T23:46:28.886	processor:50066	tx	90 50 00 FF	reply		
2026-09-14T23:46:28.909	processor:50066	rx	81 09 04 35 FF	inquiry	WhiteBalance	
2026-09-14T23:46:28.910	processor:50066	tx	90 50 05 FF	reply		
2026-09-14T23:46:28.951	processor:50066	rx	81 09 04 38 FF	inquiry	AutoFocus	
2026-09-14T23:46:28.951	processor:50066	tx	90 50 02 FF	reply		
2026-09-14T23:46:28.961	processor:50066	rx	81 09 04 33 FF	inquiry	Backlight	
2026-09-14T23:46:28.963	processor:50066	tx	90 50 03 FF	reply		
2026-09-14T23:46:28.986	processor:50066	rx	81 09 04 62 FF	inquiry	FreezeFrame	
2026-09-14T23:46:28.986	processor:50066	tx	90 50 03 FF	reply		
2026-09-14T23:46:31.889	processor:50066	rx	81 01 04 00 03 FF	command	Power	Off
2026-09-14T23:46:31.890	processor:50066	tx	90 41 FF	reply		
2026-09-14T23:46:31.890	processor:50066	tx	90 51 FF	reply		
2026-09-14T23:46:36.926	processor:50066	rx	81 09 04 00 FF	inquiry	Power	
2026-09-14T23:46:36.926	processor:50066	tx	90 50 03 FF	reply		
2026-09-14T23:46:38.185	processor:50066	rx	81 09 04 00 FF	inquiry	Power	
2026-09-14T23:46:38.186	processor:50066	tx	90 50 03 FF	reply		
2026-09-14T23:46:41.283	processor:50066	rx	81 09 04 00 FF	inquiry	Power	
2026-09-14T23:46:41.283	processor:50066	tx	90 50 03 FF	reply		
2026-09-14T23:46:44.385	processor:50066	rx	81 09 04 00 FF	inquiry	Power	
2026-09-14T23:46:44.385	processor:50066	tx	90 50 03 FF	reply		
2026-09-14T23:46:47.461	processor:50066	rx	81 09 04 00 FF	inquiry	Power	
2026-09-14T23:46:47.461	processor:50066	tx	90 50 03 FF	reply		
2026-09-14T23:46:50.531	processor:50066	rx	81 09 04 00 FF	inquiry	Power	
2026-09-14T23:46:50.531	processor:50066	tx	90 50 03 FF	reply		
2026-09-14T23:46:53.609	processor:50066	rx	81 09 04 00 FF	inquiry	Power	
2026-09-14T23:46:53.610	processor:50066	tx	90 50 03 FF	reply		
2026-09-14T23:46:56.706	processor:50066	rx	81 09 04 00 FF	inquiry	Power	
2026-09-14T23:46:56.706	processor:50066	tx	90 50 03 FF	reply		
2026-09-14T23:46:59.807	processor:50066	rx	81 09 04 00 FF	inquiry	Power	
2026-09-14T23:46:59.808	processor:50066	tx	90 50 03 FF	reply		
2026-09-14T23:47:02.999	processor:50066	rx	81 09 04 00 FF	inquiry	Power	
2026-09-14T23:47:02.999	processor:50066	tx	90 50 03 FF	reply		
2026-09-14T23:47:06.107	processor:50066	rx	81 09 04 00 FF	inquiry	Power	
2026-09-14T23:47:06.107	processor:50066	tx	90 50 03 FF	reply		
2026-09-14T23:47:09.198	processor:50066	rx	81 09 04 00 FF	inquiry	Power	
2026-09-14T23:47:09.198	processor:50066	tx	90 50 03 FF	reply		
2026-09-14T23:47:12.280	processor:50066	rx	81 09 04 00 FF	inquiry	Power	
2026-09-14T23:47:12.280	processor:50066	tx	90 50 03 FF	reply		
2026-09-14T23:47:15.361	processor:50066	rx	81 09 04 00 FF	inquiry	Power	
2026-09-14T23:47:15.362	processor:50066	tx	90 50 03 FF	reply		
2026-09-14T23:47:18.423	processor:50066	rx	81 09 04 00 FF	inquiry	Power	
2026-09-14T23:47:18.429	processor:50066	tx	90 50 03 FF	reply		
2026-09-14T23:47:21.502	processor:50066	rx	81 09 04 00 FF	inquiry	Power	
2026-09-14T23:47:21.502	processor:50066	tx	90 50 03 FF	reply		
2026-09-14T23:47:24.586	processor:50066	rx	81 09 04 00 FF	inquiry	Power	
2026-09-14T23:47:24.586	processor:50066	tx	90 50 03 FF	reply		
2026-09-14T23:47:27.667	processor:50066	rx	81 09 04 00 FF	inquiry	Power	
2026-09-14T23:47:27.667	processor:50066	tx	90 50 03 FF	reply		
2026-09-14T23:47:30.876	processor:50066	rx	81 09 04 00 FF	inquiry	Power	
2026-09-14T23:47:30.876	processor:50066	tx	90 50 03 FF	reply		
2026-09-14T23:47:33.952	processor:50066	rx	81 09 04 00 FF	inquiry	Power	
2026-09-14T23:47:33.952	processor:50066	tx	90 50 03 FF	reply		
2026-09-14T23:47:37.025	processor:50066	rx	81 09 04 00 FF	inquiry	Power	
2026-09-14T23:47:37.025	processor:50066	tx	90 50 03 FF	reply		
2026-09-14T23:47:40.115	processor:50066	rx	81 09 04 00 FF	inquiry	Power	
2026-09-14T23:47:40.116	processor:50066	tx	90 50 03 FF	reply		
2026-09-14T23:47:43.203	processor:50066	rx	81 09 04 00 FF	inquiry	Power	
2026-09-14T23:47:43.203	processor:50066	tx	90 50 03 FF	reply		
2026-09-14T23:47:46.280	processor:50066	rx	81 09 04 00 FF	inquiry	Power	
2026-09-14T23:47:46.281	processor:50066	tx	90 50 03 FF	reply		
2026-09-14T23:47:49.365	processor:50066	rx	81 09 04 00 FF	inquiry	Power	
2026-09-14T23:47:49.365	processor:50066	tx	90 50 03 FF	reply		
2026-09-14T23:47:52.453	processor:50066	rx	81 09 04 00 FF	inquiry	Power	
2026-09-14T23:47:52.454	processor:50066	tx	90 50 03 FF	reply		
2026-09-14T23:47:55.557	processor:50066	rx	81 09 04 00 FF	inquiry	Power	
2026-09-14T23:47:55.557	processor:50066	tx	90 50 03 FF	reply		
2026-09-14T23:47:58.868	processor:50066	rx	81 09 04 00 FF	inquiry	Power	
2026-09-14T23:47:58.868	processor:50066	tx	90 50 03 FF	reply		
2026-09-14T23:48:02.000	processor:50066	rx	81 09 04 00 FF	inquiry	Power	
2026-09-14T23:48:02.000	processor:50066	tx	90 50 03 FF	reply		
2026-09-14T23:48:05.125	processor:50066	rx	81 09 04 00 FF	inquiry	Power	
2026-09-14T23:48:05.125	processor:50066	tx	90 50 03 FF	reply		
2026-09-14T23:48:08.239	processor:50066	rx	81 09 04 00 FF	inquiry	Power	
2026-09-14T23:48:08.240	processor:50066	tx	90 50 03 FF	reply		
2026-09-14T23:48:11.408	processor:50066	rx	81 09 04 00 FF	inquiry	Power	
2026-09-14T23:48:11.409	processor:50066	tx	90 50 03 FF	reply		
2026-09-14T23:48:14.523	processor:50066	rx	81 09 04 00 FF	inquiry	Power	
2026-09-14T23:48:14.523	processor:50066	tx	90 50 03 FF	reply		
2026-09-14T23:48:17.655	processor:50066	rx	81 09 04 00 FF	inquiry	Power	
2026-09-14T23:48:17.655	processor:50066	tx	90 50 03 FF	reply		
2026-09-14T23:48:20.791	processor:50066	rx	81 09 04 00 FF	inquiry	Power	
2026-09-14T23:48:20.791	processor:50066	tx	90 50 03 FF	reply		
2026-09-14T23:48:23.931	processor:50066	rx	81 09 04 00 FF	inquiry	Power	
2026-09-14T23:48:23.931	processor:50066	tx	90 50 03 FF	reply		
2026-09-14T23:48:27.060	processor:50066	rx	81 09 04 00 FF	inquiry	Power	
2026-09-14T23:48:27.060	processor:50066	tx	90 50 03 FF	reply		
2026-09-14T23:48:30.163	processor:50066	rx	81 09 04 00 FF	inquiry	Power	
2026-09-14T23:48:30.163	processor:50066	tx	90 50 03 FF	reply		
2026-09-14T23:48:33.280	processor:50066	rx	81 09 04 00 FF	inquiry	Power	
2026-09-14T23:48:33.282	processor:50066	tx	90 50 03 FF	reply		
2026-09-14T23:48:36.405	processor:50066	rx	81 09 04 00 FF	inquiry	Power	
2026-09-14T23:48:36.406	processor:50066	tx	90 50 03 FF	reply		
2026-09-14T23:48:39.516	processor:50066	rx	81 09 04 00 FF	inquiry	Power	
2026-09-14T23:48:39.517	processor:50066	tx	90 50 03 FF	reply		
2026-09-14T23:48:42.591	processor:50066	rx	81 09 04 00 FF	inquiry	Power	
2026-09-14T23:48:42.592	processor:50066	tx	90 50 03 FF	reply		
2026-09-14T23:48:45.662	processor:50066	rx	81 09 04 00 FF	inquiry	Power	
2026-09-14T23:48:45.663	processor:50066	tx	90 50 03 FF	reply		
2026-09-14T23:48:48.765	processor:50066	rx	81 09 04 00 FF	inquiry	Power	
2026-09-14T23:48:48.765	processor:50066	tx	90 50 03 FF	reply		
2026-09-14T23:48:51.849	processor:50066	rx	81 09 04 00 FF	inquiry	Power	
2026-09-14T23:48:51.849	processor:50066	tx	90 50 03 FF	reply		
2026-09-14T23:48:54.931	processor:50066	rx	81 09 04 00 FF	inquiry	Power	
2026-09-14T23:48:54.931	processor:50066	tx	90 50 03 FF	reply		
2026-09-14T23:48:58.014	processor:50066	rx	81 09 04 00 FF	inquiry	Power	
2026-09-14T23:48:58.015	processor:50066	tx	90 50 03 FF	reply		
2026-09-14T23:49:01.096	processor:50066	rx	81 09 04 00 FF	inquiry	Power	
2026-09-14T23:49:01.097	processor:50066	tx	90 50 03 FF	reply		
2026-09-14T23:49:04.169	processor:50066	rx	81 09 04 00 FF	inquiry	Power	
2026-09-14T23:49:04.171	processor:50066	tx	90 50 03 FF	reply		
2026-09-14T23:49:07.255	processor:50066	rx	81 09 04 00 FF	inquiry	Power	
2026-09-14T23:49:07.255	processor:50066	tx	90 50 03 FF	reply		
2026-09-14T23:49:10.391	processor:50066	rx	81 09 04 00 FF	inquiry	Power	
2026-09-14T23:49:10.391	processor:50066	tx	90 50 03 FF	reply		
2026-09-14T23:49:13.626	processor:50066	rx	81 09 04 00 FF	inquiry	Power	
2026-09-14T23:49:13.626	processor:50066	tx	90 50 03 FF	reply		
2026-09-14T23:49:16.706	processor:50066	rx	81 09 04 00 FF	inquiry	Power	
2026-09-14T23:49:16.707	processor:50066	tx	90 50 03 FF	reply		
2026-09-14T23:49:19.776	processor:50066	rx	81 09 04 00 FF	inquiry	Power	
2026-09-14T23:49:19.777	processor:50066	tx	90 50 03 FF	reply		
2026-09-14T23:49:22.860	processor:50066	rx	81 09 04 00 FF	inquiry	Power	
2026-09-14T23:49:22.860	processor:50066	tx	90 50 03 FF	reply		
2026-09-14T23:49:25.953	processor:50066	rx	81 09 04 00 FF	inquiry	Power	
2026-09-14T23:49:25.954	processor:50066	tx	90 50 03 FF	reply		
2026-09-14T23:49:29.058	processor:50066	rx	81 09 04 00 FF	inquiry	Power	
2026-09-14T23:49:29.059	processor:50066	tx	90 50 03 FF	reply		
2026-09-14T23:49:32.131	processor:50066	rx	81 09 04 00 FF	inquiry	Power	
2026-09-14T23:49:32.131	processor:50066	tx	90 50 03 FF	reply		
2026-09-14T23:49:35.223	processor:50066	rx	81 09 04 00 FF	inquiry	Power	
2026-09-14T23:49:35.223	processor:50066	tx	90 50 03 FF	reply		
2026-09-14T23:49:38.306	processor:50066	rx	81 09 04 00 FF	inquiry	Power	
2026-09-14T23:49:38.307	processor:50066	tx	90 50 03 FF	reply		
2026-09-14T23:49:41.388	processor:50066	rx	81 09 04 00 FF	inquiry	Power	
2026-09-14T23:49:41.388	processor:50066	tx	90 50 03 FF	reply		
2026-09-14T23:49:44.464	processor:50066	rx	81 09 04 00 FF	inquiry	Power	
2026-09-14T23:49:44.465	processor:50066	tx	90 50 03 FF	reply		
2026-09-14T23:49:47.537	processor:50066	rx	81 09 04 00 FF	inquiry	Power	
2026-09-14T23:49:47.538	processor:50066	tx	90 50 03 FF	reply		
2026-09-14T23:49:50.614	processor:50066	rx	81 09 04 00 FF	inquiry	Power	
2026-09-14T23:49:50.615	processor:50066	tx	90 50 03 FF	reply		
2026-09-14T23:49:53.683	processor:50066	rx	81 09 04 00 FF	inquiry	Power	
2026-09-14T23:49:53.683	processor:50066	tx	90 50 03 FF	reply		
2026-09-14T23:49:56.766	processor:50066	rx	81 09 04 00 FF	inquiry	Power	
2026-09-14T23:49:56.766	processor:50066	tx	90 50 03 FF	reply		
2026-09-14T23:49:59.842	processor:50066	rx	81 09 04 00 FF	inquiry	Power	
2026-09-14T23:49:59.842	processor:50066	tx	90 50 03 FF	reply		
2026-09-14T23:50:02.925	processor:50066	rx	81 09 04 00 FF	inquiry	Power	
2026-09-14T23:50:02.926	processor:50066	tx	90 50 03 FF	reply		
2026-09-14T23:50:05.999	processor:50066	rx	81 09 04 00 FF	inquiry	Power	
2026-09-14T23:50:05.999	processor:50066	tx	90 50 03 FF	reply		
2026-09-14T23:50:09.080	processor:50066	rx	81 09 04 00 FF	inquiry	Power	
2026-09-14T23:50:09.081	processor:50066	tx	90 50 03 FF	reply		
2026-09-14T23:50:12.160	processor:50066	rx	81 09 04 00 FF	inquiry	Power	
2026-09-14T23:50:12.161	processor:50066	tx	90 50 03 FF	reply		
2026-09-14T23:50:15.262	processor:50066	rx	81 09 04 00 FF	inquiry	Power	
2026-09-14T23:50:15.262	processor:50066	tx	90 50 03 FF	reply		
2026-09-14T23:50:17.425	processor:50066	rx	81 01 04 00 02 FF	command	Power	On
2026-09-14T23:50:17.425	processor:50066	tx	90 41 FF	reply		
2026-09-14T23:50:17.426	processor:50066	tx	90 51 FF	reply		
2026-09-14T23:50:22.444	processor:50066	rx	81 09 04 00 FF	inquiry	Power	
2026-09-14T23:50:22.444	processor:50066	tx	90 50 02 FF	reply		
2026-09-14T23:50:22.466	processor:50066	rx	81 09 08 01 FF	inquiry	TrackingFraming	
2026-09-14T23:50:22.466	processor:50066	tx	90 50 03 FF	reply		
2026-09-14T23:50:22.476	processor:50066	rx	81 09 04 39 FF	inquiry	AutoExposure	
2026-09-14T23:50:22.477	processor:50066	tx	90 50 00 FF	reply		
2026-09-14T23:50:22.488	processor:50066	rx	81 09 04 35 FF	inquiry	WhiteBalance	
2026-09-14T23:50:22.488	processor:50066	tx	90 50 05 FF	reply		
2026-09-14T23:50:22.497	processor:50066	rx	81 09 04 38 FF	inquiry	AutoFocus	
2026-09-14T23:50:22.497	processor:50066	tx	90 50 02 FF	reply		
2026-09-14T23:50:22.509	processor:50066	rx	81 09 04 33 FF	inquiry	Backlight	
2026-09-14T23:50:22.509	processor:50066	tx	90 50 03 FF	reply		
2026-09-14T23:50:22.518	processor:50066	rx	81 09 04 62 FF	inquiry	FreezeFrame	
2026-09-14T23:50:22.518	processor:50066	tx	90 50 03 FF	reply		
2026-09-14T23:50:24.497	processor:50066	rx	81 09 04 00 FF	inquiry	Power	
2026-09-14T23:50:24.498	processor:50066	tx	90 50 02 FF	reply		
2026-09-14T23:50:24.509	processor:50066	rx	81 09 08 01 FF	inquiry	TrackingFraming	
2026-09-14T23:50:24.511	processor:50066	tx	90 50 03 FF	reply		
2026-09-14T23:50:24.520	processor:50066	rx	81 09 04 39 FF	inquiry	AutoExposure	
2026-09-14T23:50:24.520	processor:50066	tx	90 50 00 FF	reply		
2026-09-14T23:50:24.530	processor:50066	rx	81 09 04 35 FF	inquiry	WhiteBalance	
2026-09-14T23:50:24.531	processor:50066	tx	90 50 05 FF	reply		
2026-09-14T23:50:24.540	processor:50066	rx	81 09 04 38 FF	inquiry	AutoFocus	
2026-09-14T23:50:24.541	processor:50066	tx	90 50 02 FF	reply		
2026-09-14T23:50:24.550	processor:50066	rx	81 09 04 33 FF	inquiry	Backlight	
2026-09-14T23:50:24.550	processor:50066	tx	90 50 03 FF	reply		
2026-09-14T23:50:24.559	processor:50066	rx	81 09 04 62 FF	inquiry	FreezeFrame	
2026-09-14T23:50:24.561	processor:50066	tx	90 50 03 FF	reply		
2026-09-14T23:50:27.573	processor:50066	rx	81 09 04 00 FF	inquiry	Power	
2026-09-14T23:50:27.573	processor:50066	tx	90 50 02 FF	reply		
2026-09-14T23:50:27.586	processor:50066	rx	81 09 08 01 FF	inquiry	TrackingFraming	
2026-09-14T23:50:27.586	processor:50066	tx	90 50 03 FF	reply		
2026-09-14T23:50:27.597	processor:50066	rx	81 09 04 39 FF	inquiry	AutoExposure	
2026-09-14T23:50:27.597	processor:50066	tx	90 50 00 FF	reply		
2026-09-14T23:50:27.606	processor:50066	rx	81 09 04 35 FF	inquiry	WhiteBalance	
2026-09-14T23:50:27.606	processor:50066	tx	90 50 05 FF	reply		
2026-09-14T23:50:27.615	processor:50066	rx	81 09 04 38 FF	inquiry	AutoFocus	
2026-09-14T23:50:27.616	processor:50066	tx	90 50 02 FF	reply		
2026-09-14T23:50:27.625	processor:50066	rx	81 09 04 33 FF	inquiry	Backlight	
2026-09-14T23:50:27.626	processor:50066	tx	90 50 03 FF	reply		
2026-09-14T23:50:27.636	processor:50066	rx	81 09 04 62 FF	inquiry	FreezeFrame	
2026-09-14T23:50:27.636	processor:50066	tx	90 50 03 FF	reply		
2026-09-14T23:50:30.666	processor:50066	rx	81 09 04 00 FF	inquiry	Power	
2026-09-14T23:50:30.667	processor:50066	tx	90 50 02 FF	reply		
2026-09-14T23:50:30.679	processor:50066	rx	81 09 08 01 FF	inquiry	TrackingFraming	
2026-09-14T23:50:30.679	processor:50066	tx	90 50 03 FF	reply		
2026-09-14T23:50:30.690	processor:50066	rx	81 09 04 39 FF	inquiry	AutoExposure	
2026-09-14T23:50:30.690	processor:50066	tx	90 50 00 FF	reply		
2026-09-14T23:50:30.700	processor:50066	rx	81 09 04 35 FF	inquiry	WhiteBalance	
2026-09-14T23:50:30.700	processor:50066	tx	90 50 05 FF	reply		
2026-09-14T23:50:30.710	processor:50066	rx	81 09 04 38 FF	inquiry	AutoFocus	
2026-09-14T23:50:30.711	processor:50066	tx	90 50 02 FF	reply		
2026-09-14T23:50:30.720	processor:50066	rx	81 09 04 33 FF	inquiry	Backlight	
2026-09-14T23:50:30.721	processor:50066	tx	90 50 03 FF	reply		
2026-09-14T23:50:30.733	processor:50066	rx	81 09 04 62 FF	inquiry	FreezeFrame	
2026-09-14T23:50:30.734	processor:50066	tx	90 50 03 FF	reply		
2026-09-14T23:50:33.744	processor:50066	rx	81 09 04 00 FF	inquiry	Power	
2026-09-14T23:50:33.744	processor:50066	tx	90 50 02 FF	reply		
2026-09-14T23:50:33.756	processor:50066	rx	81 09 08 01 FF	inquiry	TrackingFraming	
2026-09-14T23:50:33.757	processor:50066	tx	90 50 03 FF	reply		
2026-09-14T23:50:33.766	processor:50066	rx	81 09 04 39 FF	inquiry	AutoExposure	
2026-09-14T23:50:33.766	processor:50066	tx	90 50 00 FF	reply		
2026-09-14T23:50:33.776	processor:50066	rx	81 09 04 35 FF	inquiry	WhiteBalance	
2026-09-14T23:50:33.776	processor:50066	tx	90 50 05 FF	reply		
2026-09-14T23:50:33.787	processor:50066	rx	81 09 04 38 FF	inquiry	AutoFocus	
2026-09-14T23:50:33.789	processor:50066	tx	90 50 02 FF	reply		
2026-09-14T23:50:33.797	processor:50066	rx	81 09 04 33 FF	inquiry	Backlight	
2026-09-14T23:50:33.798	processor:50066	tx	90 50 03 FF	reply		
2026-09-14T23:50:33.807	processor:50066	rx	81 09 04 62 FF	inquiry	FreezeFrame	
2026-09-14T23:50:33.807	processor:50066	tx	90 50 03 FF	reply		
2026-09-14T23:50:36.813	processor:50066	rx	81 09 04 00 FF	inquiry	Power	
2026-09-14T23:50:36.815	processor:50066	tx	90 50 02 FF	reply		
2026-09-14T23:50:36.825	processor:50066	rx	81 09 08 01 FF	inquiry	TrackingFraming	
2026-09-14T23:50:36.825	processor:50066	tx	90 50 03 FF	reply		
2026-09-14T23:50:36.835	processor:50066	rx	81 09 04 39 FF	inquiry	AutoExposure	
2026-09-14T23:50:36.835	processor:50066	tx	90 50 00 FF	reply		
2026-09-14T23:50:36.846	processor:50066	rx	81 09 04 35 FF	inquiry	WhiteBalance	
2026-09-14T23:50:36.846	processor:50066	tx	90 50 05 FF	reply		
2026-09-14T23:50:36.857	processor:50066	rx	81 09 04 38 FF	inquiry	AutoFocus	
2026-09-14T23:50:36.857	processor:50066	tx	90 50 02 FF	reply		
2026-09-14T23:50:36.867	processor:50066	rx	81 09 04 33 FF	inquiry	Backlight	
2026-09-14T23:50:36.867	processor:50066	tx	90 50 03 FF	reply		
2026-09-14T23:50:36.877	processor:50066	rx	81 09 04 62 FF	inquiry	FreezeFrame	
2026-09-14T23:50:36.877	processor:50066	tx	90 50 03 FF	reply		
2026-09-14T23:50:39.885	processor:50066	rx	81 09 04 00 FF	inquiry	Power	
2026-09-14T23:50:39.885	processor:50066	tx	90 50 02 FF	reply		
2026-09-14T23:50:39.897	processor:50066	rx	81 09 08 01 FF	inquiry	TrackingFraming	
2026-09-14T23:50:39.899	processor:50066	tx	90 50 03 FF	reply		
2026-09-14T23:50:39.907	processor:50066	rx	81 09 04 39 FF	inquiry	AutoExposure	
2026-09-14T23:50:39.907	processor:50066	tx	90 50 00 FF	reply		
2026-09-14T23:50:39.919	processor:50066	rx	81 09 04 35 FF	inquiry	WhiteBalance	
2026-09-14T23:50:39.919	processor:50066	tx	90 50 05 FF	reply		
2026-09-14T23:50:39.921	processor:50066	rx	81 09 04 38 FF	inquiry	AutoFocus	
2026-09-14T23:50:39.921	processor:50066	tx	90 50 02 FF	reply		
2026-09-14T23:50:39.937	processor:50066	rx	81 09 04 33 FF	inquiry	Backlight	
2026-09-14T23:50:39.938	processor:50066	tx	90 50 03 FF	reply		
2026-09-14T23:50:39.947	processor:50066	rx	81 09 04 62 FF	inquiry	FreezeFrame	
2026-09-14T23:50:39.947	processor:50066	tx	90 50 03 FF	reply		
2026-09-14T23:50:42.977	processor:50066	rx	81 09 04 00 FF	inquiry	Power	
2026-09-14T23:50:42.978	processor:50066	tx	90 50 02 FF	reply		
2026-09-14T23:50:43.024	processor:50066	rx	81 09 08 01 FF	inquiry	TrackingFraming	
2026-09-14T23:50:43.024	processor:50066	tx	90 50 03 FF	reply		
2026-09-14T23:50:43.054	processor:50066	rx	81 09 04 39 FF	inquiry	AutoExposure	
2026-09-14T23:50:43.054	processor:50066	tx	90 50 00 FF	reply		
2026-09-14T23:50:43.082	processor:50066	rx	81 09 04 35 FF	inquiry	WhiteBalance	
2026-09-14T23:50:43.082	processor:50066	tx	90 50 05 FF	reply		
2026-09-14T23:50:43.107	processor:50066	rx	81 09 04 38 FF	inquiry	AutoFocus	
2026-09-14T23:50:43.109	processor:50066	tx	90 50 02 FF	reply		
2026-09-14T23:50:43.125	processor:50066	rx	81 09 04 33 FF	inquiry	Backlight	
2026-09-14T23:50:43.126	processor:50066	tx	90 50 03 FF	reply		
2026-09-14T23:50:43.151	processor:50066	rx	81 09 04 62 FF	inquiry	FreezeFrame	
2026-09-14T23:50:43.151	processor:50066	tx	90 50 03 FF	reply		
2026-09-14T23:50:46.220	processor:50066	rx	81 09 04 00 FF	inquiry	Power	
2026-09-14T23:50:46.220	processor:50066	tx	90 50 02 FF	reply		
2026-09-14T23:50:46.235	processor:50066	rx	81 09 08 01 FF	inquiry	TrackingFraming	
2026-09-14T23:50:46.235	processor:50066	tx	90 50 03 FF	reply		
2026-09-14T23:50:46.282	processor:50066	rx	81 09 04 39 FF	inquiry	AutoExposure	
2026-09-14T23:50:46.282	processor:50066	tx	90 50 00 FF	reply		
2026-09-14T23:50:46.304	processor:50066	rx	81 09 04 35 FF	inquiry	WhiteBalance	
2026-09-14T23:50:46.304	processor:50066	tx	90 50 05 FF	reply		
2026-09-14T23:50:46.320	processor:50066	rx	81 09 04 38 FF	inquiry	AutoFocus	
2026-09-14T23:50:46.321	processor:50066	tx	90 50 02 FF	reply		
2026-09-14T23:50:46.341	processor:50066	rx	81 09 04 33 FF	inquiry	Backlight	
2026-09-14T23:50:46.341	processor:50066	tx	90 50 03 FF	reply		
2026-09-14T23:50:46.352	processor:50066	rx	81 09 04 62 FF	inquiry	FreezeFrame	
2026-09-14T23:50:46.352	processor:50066	tx	90 50 03 FF	reply		
2026-09-14T23:50:49.319	processor:50066	rx	81 09 04 00 FF	inquiry	Power	
2026-09-14T23:50:49.319	processor:50066	tx	90 50 02 FF	reply		
2026-09-14T23:50:49.334	processor:50066	rx	81 09 08 01 FF	inquiry	TrackingFraming	
2026-09-14T23:50:49.335	processor:50066	tx	90 50 03 FF	reply		
2026-09-14T23:50:49.345	processor:50066	rx	81 09 04 39 FF	inquiry	AutoExposure	
2026-09-14T23:50:49.346	processor:50066	tx	90 50 00 FF	reply		
2026-09-14T23:50:49.354	processor:50066	rx	81 09 04 35 FF	inquiry	WhiteBalance	
2026-09-14T23:50:49.355	processor:50066	tx	90 50 05 FF	reply		
2026-09-14T23:50:49.365	processor:50066	rx	81 09 04 38 FF	inquiry	AutoFocus	
2026-09-14T23:50:49.365	processor:50066	tx	90 50 02 FF	reply		
2026-09-14T23:50:49.374	processor:50066	rx	81 09 04 33 FF	inquiry	Backlight	
2026-09-14T23:50:49.375	processor:50066	tx	90 50 03 FF	reply		
2026-09-14T23:50:49.383	processor:50066	rx	81 09 04 62 FF	inquiry	FreezeFrame	
2026-09-14T23:50:49.385	processor:50066	tx	90 50 03 FF	reply		
2026-09-14T23:50:52.411	processor:50066	rx	81 09 04 00 FF	inquiry	Power	
2026-09-14T23:50:52.411	processor:50066	tx	90 50 02 FF	reply		
2026-09-14T23:50:52.425	processor:50066	rx	81 09 08 01 FF	inquiry	TrackingFraming	
2026-09-14T23:50:52.425	processor:50066	tx	90 50 03 FF	reply		
2026-09-14T23:50:52.426	processor:50066	rx	81 09 04 39 FF	inquiry	AutoExposure	
2026-09-14T23:50:52.426	processor:50066	tx	90 50 00 FF	reply		
2026-09-14T23:50:52.443	processor:50066	rx	81 09 04 35 FF	inquiry	WhiteBalance	
2026-09-14T23:50:52.443	processor:50066	tx	90 50 05 FF	reply		
2026-09-14T23:50:52.459	processor:50066	rx	81 09 04 38 FF	inquiry	AutoFocus	
2026-09-14T23:50:52.459	processor:50066	tx	90 50 02 FF	reply		
2026-09-14T23:50:52.460	processor:50066	rx	81 09 04 33 FF	inquiry	Backlight	
2026-09-14T23:50:52.460	processor:50066	tx	90 50 03 FF	reply		
2026-09-14T23:50:52.479	processor:50066	rx	81 09 04 62 FF	inquiry	FreezeFrame	
2026-09-14T23:50:52.479	processor:50066	tx	90 50 03 FF	reply		
2026-09-14T23:50:55.488	processor:50066	rx	81 09 04 00 FF	inquiry	Power	
2026-09-14T23:50:55.488	processor:50066	tx	90 50 02 FF	reply		
2026-09-14T23:50:55.500	processor:50066	rx	81 09 08 01 FF	inquiry	TrackingFraming	
2026-09-14T23:50:55.501	processor:50066	tx	90 50 03 FF	reply		
2026-09-14T23:50:55.511	processor:50066	rx	81 09 04 39 FF	inquiry	AutoExposure	
2026-09-14T23:50:55.512	processor:50066	tx	90 50 00 FF	reply		
2026-09-14T23:50:55.522	processor:50066	rx	81 09 04 35 FF	inquiry	WhiteBalance	
2026-09-14T23:50:55.522	processor:50066	tx	90 50 05 FF	reply		
2026-09-14T23:50:55.531	processor:50066	rx	81 09 04 38 FF	inquiry	AutoFocus	
2026-09-14T23:50:55.532	processor:50066	tx	90 50 02 FF	reply		
2026-09-14T23:50:55.533	processor:50066	rx	81 09 04 33 FF	inquiry	Backlight	
2026-09-14T23:50:55.533	processor:50066	tx	90 50 03 FF	reply		
2026-09-14T23:50:55.550	processor:50066	rx	81 09 04 62 FF	inquiry	FreezeFrame	
2026-09-14T23:50:55.550	processor:50066	tx	90 50 03 FF	reply		
2026-09-14T23:50:58.666	processor:50066	rx	81 09 04 00 FF	inquiry	Power	
2026-09-14T23:50:58.667	processor:50066	tx	90 50 02 FF	reply		
2026-09-14T23:50:58.679	processor:50066	rx	81 09 08 01 FF	inquiry	TrackingFraming	
2026-09-14T23:50:58.680	processor:50066	tx	90 50 03 FF	reply		
2026-09-14T23:50:58.691	processor:50066	rx	81 09 04 39 FF	inquiry	AutoExposure	
2026-09-14T23:50:58.692	processor:50066	tx	90 50 00 FF	reply		
2026-09-14T23:50:58.700	processor:50066	rx	81 09 04 35 FF	inquiry	WhiteBalance	
2026-09-14T23:50:58.701	processor:50066	tx	90 50 05 FF	reply		
2026-09-14T23:50:58.711	processor:50066	rx	81 09 04 38 FF	inquiry	AutoFocus	
2026-09-14T23:50:58.711	processor:50066	tx	90 50 02 FF	reply		
2026-09-14T23:50:58.721	processor:50066	rx	81 09 04 33 FF	inquiry	Backlight	
2026-09-14T23:50:58.722	processor:50066	tx	90 50 03 FF	reply		
2026-09-14T23:50:58.731	processor:50066	rx	81 09 04 62 FF	inquiry	FreezeFrame	
2026-09-14T23:50:58.731	processor:50066	tx	90 50 03 FF	reply		
2026-09-14T23:50:58.831	processor:50066	rx	81 01 04 00 03 FF	command	Power	Off
2026-09-14T23:50:58.831	processor:50066	tx	90 41 FF	reply		
2026-09-14T23:50:58.831	processor:50066	tx	90 51 FF	reply		
2026-09-14T23:51:00.188	processor:50066	rx	81 01 04 00 02 FF	command	Power	On
2026-09-14T23:51:00.189	processor:50066	tx	90 41 FF	reply		
2026-09-14T23:51:00.190	processor:50066	tx	90 51 FF	reply		
2026-09-14T23:51:01.566	processor:50066	rx	81 01 04 3F 02 50 FF	command	Preset	Recall 80 = TrackingFraming Start
2026-09-14T23:51:01.567	processor:50066	tx	90 41 FF	reply		
2026-09-14T23:51:01.567	processor:50066	tx	90 51 FF	reply		
2026-09-14T23:51:02.934	processor:50066	rx	81 01 04 3F 02 51 FF	command	Preset	Recall 81 = TrackingFraming Stop
2026-09-14T23:51:02.934	processor:50066	tx	90 41 FF	reply		
2026-09-14T23:51:02.935	processor:50066	tx	90 51 FF	reply		
2026-09-14T23:51:04.294	processor:50066	rx	81 01 04 3F 02 50 FF	command	Preset	Recall 80 = TrackingFraming Start
2026-09-14T23:51:04.294	processor:50066	tx	90 41 FF	reply		
2026-09-14T23:51:04.294	processor:50066	tx	90 51 FF	reply		
2026-09-14T23:51:05.662	processor:50066	rx	81 01 04 39 00 FF	command	AutoExposure	Full Auto
2026-09-14T23:51:05.662	processor:50066	tx	90 41 FF	reply		
2026-09-14T23:51:05.662	processor:50066	tx	90 51 FF	reply		
2026-09-14T23:51:07.031	processor:50066	rx	81 01 04 39 03 FF	command	AutoExposure	Manual
2026-09-14T23:51:07.031	processor:50066	tx	90 41 FF	reply		
2026-09-14T23:51:07.031	processor:50066	tx	90 51 FF	reply		
2026-09-14T23:51:07.302	processor:50066	rx	81 09 04 00 FF	inquiry	Power	
2026-09-14T23:51:07.303	processor:50066	tx	90 50 02 FF	reply		
2026-09-14T23:51:07.313	processor:50066	rx	81 09 08 01 FF	inquiry	TrackingFraming	
2026-09-14T23:51:07.314	processor:50066	tx	90 50 02 FF	reply		
2026-09-14T23:51:07.342	processor:50066	rx	81 09 04 39 FF	inquiry	AutoExposure	
2026-09-14T23:51:07.342	processor:50066	tx	90 50 03 FF	reply		
2026-09-14T23:51:07.356	processor:50066	rx	81 09 04 35 FF	inquiry	WhiteBalance	
2026-09-14T23:51:07.356	processor:50066	tx	90 50 05 FF	reply		
2026-09-14T23:51:07.395	processor:50066	rx	81 09 04 38 FF	inquiry	AutoFocus	
2026-09-14T23:51:07.395	processor:50066	tx	90 50 02 FF	reply		
2026-09-14T23:51:07.421	processor:50066	rx	81 09 04 33 FF	inquiry	Backlight	
2026-09-14T23:51:07.421	processor:50066	tx	90 50 03 FF	reply		
2026-09-14T23:51:07.430	processor:50066	rx	81 09 04 62 FF	inquiry	FreezeFrame	
2026-09-14T23:51:07.430	processor:50066	tx	90 50 03 FF	reply		
2026-09-14T23:51:08.103	processor:50066	rx	81 09 04 00 FF	inquiry	Power	
2026-09-14T23:51:08.104	processor:50066	tx	90 50 02 FF	reply		
2026-09-14T23:51:08.113	processor:50066	rx	81 09 08 01 FF	inquiry	TrackingFraming	
2026-09-14T23:51:08.114	processor:50066	tx	90 50 02 FF	reply		
2026-09-14T23:51:08.123	processor:50066	rx	81 09 04 39 FF	inquiry	AutoExposure	
2026-09-14T23:51:08.124	processor:50066	tx	90 50 03 FF	reply		
2026-09-14T23:51:08.132	processor:50066	rx	81 09 04 35 FF	inquiry	WhiteBalance	
2026-09-14T23:51:08.133	processor:50066	tx	90 50 05 FF	reply		
2026-09-14T23:51:08.141	processor:50066	rx	81 09 04 38 FF	inquiry	AutoFocus	
2026-09-14T23:51:08.142	processor:50066	tx	90 50 02 FF	reply		
2026-09-14T23:51:08.155	processor:50066	rx	81 09 04 33 FF	inquiry	Backlight	
2026-09-14T23:51:08.155	processor:50066	tx	90 50 03 FF	reply		
2026-09-14T23:51:08.167	processor:50066	rx	81 09 04 62 FF	inquiry	FreezeFrame	
2026-09-14T23:51:08.167	processor:50066	tx	90 50 03 FF	reply		
2026-09-14T23:51:08.386	processor:50066	rx	81 01 04 39 0A FF	command	AutoExposure	Shutter Priority
2026-09-14T23:51:08.386	processor:50066	tx	90 41 FF	reply		
2026-09-14T23:51:08.387	processor:50066	tx	90 51 FF	reply		
2026-09-14T23:51:09.752	processor:50066	rx	81 01 04 39 0B FF	command	AutoExposure	Iris Priority
2026-09-14T23:51:09.752	processor:50066	tx	90 41 FF	reply		
2026-09-14T23:51:09.753	processor:50066	tx	90 51 FF	reply		
2026-09-14T23:51:11.112	processor:50066	rx	81 01 04 39 0D FF	command	AutoExposure	Bright
2026-09-14T23:51:11.112	processor:50066	tx	90 41 FF	reply		
2026-09-14T23:51:11.112	processor:50066	tx	90 51 FF	reply		
2026-09-14T23:51:11.241	processor:50066	rx	81 09 04 00 FF	inquiry	Power	
2026-09-14T23:51:11.243	processor:50066	tx	90 50 02 FF	reply		
2026-09-14T23:51:11.271	processor:50066	rx	81 09 08 01 FF	inquiry	TrackingFraming	
2026-09-14T23:51:11.272	processor:50066	tx	90 50 02 FF	reply		
2026-09-14T23:51:11.281	processor:50066	rx	81 09 04 39 FF	inquiry	AutoExposure	
2026-09-14T23:51:11.282	processor:50066	tx	90 50 0D FF	reply		
2026-09-14T23:51:11.314	processor:50066	rx	81 09 04 35 FF	inquiry	WhiteBalance	
2026-09-14T23:51:11.315	processor:50066	tx	90 50 05 FF	reply		
2026-09-14T23:51:11.344	processor:50066	rx	81 09 04 38 FF	inquiry	AutoFocus	
2026-09-14T23:51:11.344	processor:50066	tx	90 50 02 FF	reply		
2026-09-14T23:51:11.360	processor:50066	rx	81 09 04 33 FF	inquiry	Backlight	
2026-09-14T23:51:11.360	processor:50066	tx	90 50 03 FF	reply		
2026-09-14T23:51:11.370	processor:50066	rx	81 09 04 62 FF	inquiry	FreezeFrame	
2026-09-14T23:51:11.370	processor:50066	tx	90 50 03 FF	reply		
2026-09-14T23:51:12.482	processor:50066	rx	81 01 04 35 00 FF	command	WhiteBalance	Auto
2026-09-14T23:51:12.482	processor:50066	tx	90 41 FF	reply		
2026-09-14T23:51:12.482	processor:50066	tx	90 51 FF	reply		
2026-09-14T23:51:13.843	processor:50066	rx	81 01 04 35 01 FF	command	WhiteBalance	Indoor
2026-09-14T23:51:13.843	processor:50066	tx	90 41 FF	reply		
2026-09-14T23:51:13.844	processor:50066	tx	90 51 FF	reply		
2026-09-14T23:51:14.412	processor:50066	rx	81 09 04 00 FF	inquiry	Power	
2026-09-14T23:51:14.412	processor:50066	tx	90 50 02 FF	reply		
2026-09-14T23:51:14.425	processor:50066	rx	81 09 08 01 FF	inquiry	TrackingFraming	
2026-09-14T23:51:14.426	processor:50066	tx	90 50 02 FF	reply		
2026-09-14T23:51:14.434	processor:50066	rx	81 09 04 39 FF	inquiry	AutoExposure	
2026-09-14T23:51:14.434	processor:50066	tx	90 50 0D FF	reply		
2026-09-14T23:51:14.443	processor:50066	rx	81 09 04 35 FF	inquiry	WhiteBalance	
2026-09-14T23:51:14.445	processor:50066	tx	90 50 01 FF	reply		
2026-09-14T23:51:14.477	processor:50066	rx	81 09 04 38 FF	inquiry	AutoFocus	
2026-09-14T23:51:14.477	processor:50066	tx	90 50 02 FF	reply		
2026-09-14T23:51:14.513	processor:50066	rx	81 09 04 33 FF	inquiry	Backlight	
2026-09-14T23:51:14.513	processor:50066	tx	90 50 03 FF	reply		
2026-09-14T23:51:14.523	processor:50066	rx	81 09 04 62 FF	inquiry	FreezeFrame	
2026-09-14T23:51:14.523	processor:50066	tx	90 50 03 FF	reply		
2026-09-14T23:51:15.228	processor:50066	rx	81 01 04 35 02 FF	command	WhiteBalance	Outdoor
2026-09-14T23:51:15.228	processor:50066	tx	90 41 FF	reply		
2026-09-14T23:51:15.229	processor:50066	tx	90 51 FF	reply		
2026-09-14T23:51:16.601	processor:50066	rx	81 01 04 35 05 FF	command	WhiteBalance	Manual
2026-09-14T23:51:16.602	processor:50066	tx	90 41 FF	reply		
2026-09-14T23:51:16.602	processor:50066	tx	90 51 FF	reply		
2026-09-14T23:51:17.581	processor:50066	rx	81 09 04 00 FF	inquiry	Power	
2026-09-14T23:51:17.581	processor:50066	tx	90 50 02 FF	reply		
2026-09-14T23:51:17.592	processor:50066	rx	81 09 08 01 FF	inquiry	TrackingFraming	
2026-09-14T23:51:17.592	processor:50066	tx	90 50 02 FF	reply		
2026-09-14T23:51:17.602	processor:50066	rx	81 09 04 39 FF	inquiry	AutoExposure	
2026-09-14T23:51:17.602	processor:50066	tx	90 50 0D FF	reply		
2026-09-14T23:51:17.612	processor:50066	rx	81 09 04 35 FF	inquiry	WhiteBalance	
2026-09-14T23:51:17.612	processor:50066	tx	90 50 05 FF	reply		
2026-09-14T23:51:17.644	processor:50066	rx	81 09 04 38 FF	inquiry	AutoFocus	
2026-09-14T23:51:17.644	processor:50066	tx	90 50 02 FF	reply		
2026-09-14T23:51:17.661	processor:50066	rx	81 09 04 33 FF	inquiry	Backlight	
2026-09-14T23:51:17.661	processor:50066	tx	90 50 03 FF	reply		
2026-09-14T23:51:17.690	processor:50066	rx	81 09 04 62 FF	inquiry	FreezeFrame	
2026-09-14T23:51:17.690	processor:50066	tx	90 50 03 FF	reply		
2026-09-14T23:51:17.970	processor:50066	rx	81 01 04 10 05 FF	command	WhiteBalance	One Push Trigger
2026-09-14T23:51:17.970	processor:50066	tx	90 41 FF	reply		
2026-09-14T23:51:17.970	processor:50066	tx	90 51 FF	reply		
2026-09-14T23:51:19.331	processor:50066	rx	81 01 04 35 03 FF	command	WhiteBalance	One Push
2026-09-14T23:51:19.331	processor:50066	tx	90 41 FF	reply		
2026-09-14T23:51:19.331	processor:50066	tx	90 51 FF	reply		
2026-09-14T23:51:20.692	processor:50066	rx	81 01 04 38 03 FF	command	AutoFocus	Off
2026-09-14T23:51:20.692	processor:50066	tx	90 41 FF	reply		
2026-09-14T23:51:20.692	processor:50066	tx	90 51 FF	reply		
2026-09-14T23:51:22.051	processor:50066	rx	81 01 04 38 02 FF	command	AutoFocus	On
2026-09-14T23:51:22.051	processor:50066	tx	90 41 FF	reply		
2026-09-14T23:51:22.051	processor:50066	tx	90 51 FF	reply		
2026-09-14T23:51:23.405	processor:50066	rx	81 01 04 38 03 FF	command	AutoFocus	Off
2026-09-14T23:51:23.406	processor:50066	tx	90 41 FF	reply		
2026-09-14T23:51:23.406	processor:50066	tx	90 51 FF	reply		
2026-09-14T23:51:24.770	processor:50066	rx	81 01 04 33 02 FF	command	Backlight	On
2026-09-14T23:51:24.770	processor:50066	tx	90 41 FF	reply		
2026-09-14T23:51:24.770	processor:50066	tx	90 51 FF	reply		
2026-09-14T23:51:26.141	processor:50066	rx	81 01 04 33 03 FF	command	Backlight	Off
2026-09-14T23:51:26.142	processor:50066	tx	90 41 FF	reply		
2026-09-14T23:51:26.142	processor:50066	tx	90 51 FF	reply		
2026-09-14T23:51:26.413	processor:50066	rx	81 09 04 00 FF	inquiry	Power	
2026-09-14T23:51:26.414	processor:50066	tx	90 50 02 FF	reply		
2026-09-14T23:51:26.424	processor:50066	rx	81 09 08 01 FF	inquiry	TrackingFraming	
2026-09-14T23:51:26.425	processor:50066	tx	90 50 02 FF	reply		
2026-09-14T23:51:26.434	processor:50066	rx	81 09 04 39 FF	inquiry	AutoExposure	
2026-09-14T23:51:26.435	processor:50066	tx	90 50 0D FF	reply		
2026-09-14T23:51:26.448	processor:50066	rx	81 09 04 35 FF	inquiry	WhiteBalance	
2026-09-14T23:51:26.448	processor:50066	tx	90 50 03 FF	reply		
2026-09-14T23:51:26.491	processor:50066	rx	81 09 04 38 FF	inquiry	AutoFocus	
2026-09-14T23:51:26.491	processor:50066	tx	90 50 03 FF	reply		
2026-09-14T23:51:26.530	processor:50066	rx	81 09 04 33 FF	inquiry	Backlight	
2026-09-14T23:51:26.530	processor:50066	tx	90 50 03 FF	reply		
2026-09-14T23:51:26.567	processor:50066	rx	81 09 04 62 FF	inquiry	FreezeFrame	
2026-09-14T23:51:26.568	processor:50066	tx	90 50 03 FF	reply		
2026-09-14T23:51:27.064	processor:50066	rx	81 09 04 00 FF	inquiry	Power	
2026-09-14T23:51:27.066	processor:50066	tx	90 50 02 FF	reply		
2026-09-14T23:51:27.077	processor:50066	rx	81 09 08 01 FF	inquiry	TrackingFraming	
2026-09-14T23:51:27.077	processor:50066	tx	90 50 02 FF	reply		
2026-09-14T23:51:27.088	processor:50066	rx	81 09 04 39 FF	inquiry	AutoExposure	
2026-09-14T23:51:27.088	processor:50066	tx	90 50 0D FF	reply		
2026-09-14T23:51:27.098	processor:50066	rx	81 09 04 35 FF	inquiry	WhiteBalance	
2026-09-14T23:51:27.099	processor:50066	tx	90 50 03 FF	reply		
2026-09-14T23:51:27.108	processor:50066	rx	81 09 04 38 FF	inquiry	AutoFocus	
2026-09-14T23:51:27.108	processor:50066	tx	90 50 03 FF	reply		
2026-09-14T23:51:27.118	processor:50066	rx	81 09 04 33 FF	inquiry	Backlight	
2026-09-14T23:51:27.118	processor:50066	tx	90 50 03 FF	reply		
2026-09-14T23:51:27.127	processor:50066	rx	81 09 04 62 FF	inquiry	FreezeFrame	
2026-09-14T23:51:27.127	processor:50066	tx	90 50 03 FF	reply		
2026-09-14T23:51:27.498	processor:50066	rx	81 01 04 33 02 FF	command	Backlight	On
2026-09-14T23:51:27.498	processor:50066	tx	90 41 FF	reply		
2026-09-14T23:51:27.498	processor:50066	tx	90 51 FF	reply		
2026-09-14T23:51:28.857	processor:50066	rx	81 01 04 62 02 FF	command	FreezeFrame	On
2026-09-14T23:51:28.857	processor:50066	tx	90 41 FF	reply		
2026-09-14T23:51:28.857	processor:50066	tx	90 51 FF	reply		
2026-09-14T23:51:30.216	processor:50066	rx	81 01 04 62 03 FF	command	FreezeFrame	Off
2026-09-14T23:51:30.216	processor:50066	tx	90 41 FF	reply		
2026-09-14T23:51:30.217	processor:50066	tx	90 51 FF	reply		
2026-09-14T23:51:31.572	processor:50066	rx	81 01 04 62 02 FF	command	FreezeFrame	On
2026-09-14T23:51:31.572	processor:50066	tx	90 41 FF	reply		
2026-09-14T23:51:31.572	processor:50066	tx	90 51 FF	reply		
2026-09-14T23:51:32.935	processor:50066	rx	81 C2 01 08 01 FF	command	CameraOutput	1
2026-09-14T23:51:32.936	processor:50066	tx	90 41 FF	reply		
2026-09-14T23:51:32.936	processor:50066	tx	90 51 FF	reply		
2026-09-14T23:51:34.291	processor:50066	rx	81 C2 01 08 02 FF	command	CameraOutput	2
2026-09-14T23:51:34.291	processor:50066	tx	90 41 FF	reply		
2026-09-14T23:51:34.291	processor:50066	tx	90 51 FF	reply		
2026-09-14T23:51:35.650	processor:50066	rx	81 C2 01 08 04 FF	command	CameraOutput	4
2026-09-14T23:51:35.650	processor:50066	tx	90 41 FF	reply		
2026-09-14T23:51:35.651	processor:50066	tx	90 51 FF	reply		
2026-09-14T23:51:37.010	processor:50066	rx	81 C2 01 08 05 FF	command	CameraOutput	5
2026-09-14T23:51:37.011	processor:50066	tx	90 41 FF	reply		
2026-09-14T23:51:37.011	processor:50066	tx	90 51 FF	reply		
2026-09-14T23:51:38.367	processor:50066	rx	81 C2 01 08 03 FF	command	CameraOutput	3
2026-09-14T23:51:38.367	processor:50066	tx	90 41 FF	reply		
2026-09-14T23:51:38.367	processor:50066	tx	90 51 FF	reply		
2026-09-14T23:51:41.375	processor:50066	rx	81 09 04 00 FF	inquiry	Power	
2026-09-14T23:51:41.375	processor:50066	tx	90 50 02 FF	reply		
2026-09-14T23:51:41.385	processor:50066	rx	81 09 08 01 FF	inquiry	TrackingFraming	
2026-09-14T23:51:41.385	processor:50066	tx	90 50 02 FF	reply		
2026-09-14T23:51:41.395	processor:50066	rx	81 09 04 39 FF	inquiry	AutoExposure	
2026-09-14T23:51:41.396	processor:50066	tx	90 50 0D FF	reply		
2026-09-14T23:51:41.409	processor:50066	rx	81 09 04 35 FF	inquiry	WhiteBalance	
2026-09-14T23:51:41.409	processor:50066	tx	90 50 03 FF	reply		
2026-09-14T23:51:41.419	processor:50066	rx	81 09 04 38 FF	inquiry	AutoFocus	
2026-09-14T23:51:41.419	processor:50066	tx	90 50 03 FF	reply		
2026-09-14T23:51:41.428	processor:50066	rx	81 09 04 33 FF	inquiry	Backlight	
2026-09-14T23:51:41.428	processor:50066	tx	90 50 02 FF	reply		
2026-09-14T23:51:41.450	processor:50066	rx	81 09 04 62 FF	inquiry	FreezeFrame	
2026-09-14T23:51:41.451	processor:50066	tx	90 50 02 FF	reply		
2026-09-14T23:51:42.633	processor:50066	rx	81 09 04 00 FF	inquiry	Power	
2026-09-14T23:51:42.633	processor:50066	tx	90 50 02 FF	reply		
2026-09-14T23:51:42.644	processor:50066	rx	81 09 08 01 FF	inquiry	TrackingFraming	
2026-09-14T23:51:42.644	processor:50066	tx	90 50 02 FF	reply		
2026-09-14T23:51:42.654	processor:50066	rx	81 09 04 39 FF	inquiry	AutoExposure	
2026-09-14T23:51:42.654	processor:50066	tx	90 50 0D FF	reply		
2026-09-14T23:51:42.663	processor:50066	rx	81 09 04 35 FF	inquiry	WhiteBalance	
2026-09-14T23:51:42.664	processor:50066	tx	90 50 03 FF	reply		
2026-09-14T23:51:42.674	processor:50066	rx	81 09 04 38 FF	inquiry	AutoFocus	
2026-09-14T23:51:42.674	processor:50066	tx	90 50 03 FF	reply		
2026-09-14T23:51:42.684	processor:50066	rx	81 09 04 33 FF	inquiry	Backlight	
2026-09-14T23:51:42.684	processor:50066	tx	90 50 02 FF	reply		
2026-09-14T23:51:42.694	processor:50066	rx	81 09 04 62 FF	inquiry	FreezeFrame	
2026-09-14T23:51:42.694	processor:50066	tx	90 50 02 FF	reply		
2026-09-14T23:51:45.709	processor:50066	rx	81 09 04 00 FF	inquiry	Power	
2026-09-14T23:51:45.709	processor:50066	tx	90 50 02 FF	reply		
2026-09-14T23:51:45.722	processor:50066	rx	81 09 08 01 FF	inquiry	TrackingFraming	
2026-09-14T23:51:45.723	processor:50066	tx	90 50 02 FF	reply		
2026-09-14T23:51:45.734	processor:50066	rx	81 09 04 39 FF	inquiry	AutoExposure	
2026-09-14T23:51:45.734	processor:50066	tx	90 50 0D FF	reply		
2026-09-14T23:51:45.743	processor:50066	rx	81 09 04 35 FF	inquiry	WhiteBalance	
2026-09-14T23:51:45.744	processor:50066	tx	90 50 03 FF	reply		
2026-09-14T23:51:45.752	processor:50066	rx	81 09 04 38 FF	inquiry	AutoFocus	
2026-09-14T23:51:45.752	processor:50066	tx	90 50 03 FF	reply		
2026-09-14T23:51:45.763	processor:50066	rx	81 09 04 33 FF	inquiry	Backlight	
2026-09-14T23:51:45.763	processor:50066	tx	90 50 02 FF	reply		
2026-09-14T23:51:45.774	processor:50066	rx	81 09 04 62 FF	inquiry	FreezeFrame	
2026-09-14T23:51:45.774	processor:50066	tx	90 50 02 FF	reply		
2026-09-14T23:51:48.789	processor:50066	rx	81 09 04 00 FF	inquiry	Power	
2026-09-14T23:51:48.789	processor:50066	tx	90 50 02 FF	reply		
2026-09-14T23:51:48.800	processor:50066	rx	81 09 08 01 FF	inquiry	TrackingFraming	
2026-09-14T23:51:48.800	processor:50066	tx	90 50 02 FF	reply		
2026-09-14T23:51:48.811	processor:50066	rx	81 09 04 39 FF	inquiry	AutoExposure	
2026-09-14T23:51:48.811	processor:50066	tx	90 50 0D FF	reply		
2026-09-14T23:51:48.821	processor:50066	rx	81 09 04 35 FF	inquiry	WhiteBalance	
2026-09-14T23:51:48.821	processor:50066	tx	90 50 03 FF	reply		
2026-09-14T23:51:48.833	processor:50066	rx	81 09 04 38 FF	inquiry	AutoFocus	
2026-09-14T23:51:48.833	processor:50066	tx	90 50 03 FF	reply		
2026-09-14T23:51:48.843	processor:50066	rx	81 09 04 33 FF	inquiry	Backlight	
2026-09-14T23:51:48.843	processor:50066	tx	90 50 02 FF	reply		
2026-09-14T23:51:48.852	processor:50066	rx	81 09 04 62 FF	inquiry	FreezeFrame	
2026-09-14T23:51:48.852	processor:50066	tx	90 50 02 FF	reply		
2026-09-14T23:51:51.865	processor:50066	rx	81 09 04 00 FF	inquiry	Power	
2026-09-14T23:51:51.865	processor:50066	tx	90 50 02 FF	reply		
2026-09-14T23:51:51.878	processor:50066	rx	81 09 08 01 FF	inquiry	TrackingFraming	
2026-09-14T23:51:51.878	processor:50066	tx	90 50 02 FF	reply		
2026-09-14T23:51:51.888	processor:50066	rx	81 09 04 39 FF	inquiry	AutoExposure	
2026-09-14T23:51:51.888	processor:50066	tx	90 50 0D FF	reply		
2026-09-14T23:51:51.897	processor:50066	rx	81 09 04 35 FF	inquiry	WhiteBalance	
2026-09-14T23:51:51.898	processor:50066	tx	90 50 03 FF	reply		
2026-09-14T23:51:51.907	processor:50066	rx	81 09 04 38 FF	inquiry	AutoFocus	
2026-09-14T23:51:51.907	processor:50066	tx	90 50 03 FF	reply		
2026-09-14T23:51:51.917	processor:50066	rx	81 09 04 33 FF	inquiry	Backlight	
2026-09-14T23:51:51.917	processor:50066	tx	90 50 02 FF	reply		
2026-09-14T23:51:51.927	processor:50066	rx	81 09 04 62 FF	inquiry	FreezeFrame	
2026-09-14T23:51:51.927	processor:50066	tx	90 50 02 FF	reply		
2026-09-14T23:51:54.935	processor:50066	rx	81 09 04 00 FF	inquiry	Power	
2026-09-14T23:51:54.935	processor:50066	tx	90 50 02 FF	reply		
2026-09-14T23:51:54.946	processor:50066	rx	81 09 08 01 FF	inquiry	TrackingFraming	
2026-09-14T23:51:54.946	processor:50066	tx	90 50 02 FF	reply		
2026-09-14T23:51:54.957	processor:50066	rx	81 09 04 39 FF	inquiry	AutoExposure	
2026-09-14T23:51:54.957	processor:50066	tx	90 50 0D FF	reply		
2026-09-14T23:51:54.967	processor:50066	rx	81 09 04 35 FF	inquiry	WhiteBalance	
2026-09-14T23:51:54.967	processor:50066	tx	90 50 03 FF	reply		
2026-09-14T23:51:54.977	processor:50066	rx	81 09 04 38 FF	inquiry	AutoFocus	
2026-09-14T23:51:54.977	processor:50066	tx	90 50 03 FF	reply		
2026-09-14T23:51:54.988	processor:50066	rx	81 09 04 33 FF	inquiry	Backlight	
2026-09-14T23:51:54.988	processor:50066	tx	90 50 02 FF	reply		
2026-09-14T23:51:54.997	processor:50066	rx	81 09 04 62 FF	inquiry	FreezeFrame	
2026-09-14T23:51:54.998	processor:50066	tx	90 50 02 FF	reply		
2026-09-14T23:51:58.014	processor:50066	rx	81 09 04 00 FF	inquiry	Power	
2026-09-14T23:51:58.014	processor:50066	tx	90 50 02 FF	reply		
2026-09-14T23:51:58.026	processor:50066	rx	81 09 08 01 FF	inquiry	TrackingFraming	
2026-09-14T23:51:58.026	processor:50066	tx	90 50 02 FF	reply		
2026-09-14T23:51:58.036	processor:50066	rx	81 09 04 39 FF	inquiry	AutoExposure	
2026-09-14T23:51:58.038	processor:50066	tx	90 50 0D FF	reply		
2026-09-14T23:51:58.047	processor:50066	rx	81 09 04 35 FF	inquiry	WhiteBalance	
2026-09-14T23:51:58.048	processor:50066	tx	90 50 03 FF	reply		
2026-09-14T23:51:58.058	processor:50066	rx	81 09 04 38 FF	inquiry	AutoFocus	
2026-09-14T23:51:58.058	processor:50066	tx	90 50 03 FF	reply		
2026-09-14T23:51:58.067	processor:50066	rx	81 09 04 33 FF	inquiry	Backlight	
2026-09-14T23:51:58.067	processor:50066	tx	90 50 02 FF	reply		
2026-09-14T23:51:58.079	processor:50066	rx	81 09 04 62 FF	inquiry	FreezeFrame	
2026-09-14T23:51:58.079	processor:50066	tx	90 50 02 FF	reply		
2026-09-14T23:52:01.097	processor:50066	rx	81 09 04 00 FF	inquiry	Power	
2026-09-14T23:52:01.098	processor:50066	tx	90 50 02 FF	reply		
2026-09-14T23:52:01.111	processor:50066	rx	81 09 08 01 FF	inquiry	TrackingFraming	
2026-09-14T23:52:01.111	processor:50066	tx	90 50 02 FF	reply		
2026-09-14T23:52:01.128	processor:50066	rx	81 09 04 39 FF	inquiry	AutoExposure	
2026-09-14T23:52:01.129	processor:50066	tx	90 50 0D FF	reply		
2026-09-14T23:52:01.163	processor:50066	rx	81 09 04 35 FF	inquiry	WhiteBalance	
2026-09-14T23:52:01.163	processor:50066	tx	90 50 03 FF	reply		
2026-09-14T23:52:01.184	processor:50066	rx	81 09 04 38 FF	inquiry	AutoFocus	
2026-09-14T23:52:01.184	processor:50066	tx	90 50 03 FF	reply		
2026-09-14T23:52:01.204	processor:50066	rx	81 09 04 33 FF	inquiry	Backlight	
2026-09-14T23:52:01.204	processor:50066	tx	90 50 02 FF	reply		
2026-09-14T23:52:01.219	processor:50066	rx	81 09 04 62 FF	inquiry	FreezeFrame	
2026-09-14T23:52:01.219	processor:50066	tx	90 50 02 FF	reply		
2026-09-14T23:52:04.207	processor:50066	rx	81 09 04 00 FF	inquiry	Power	
2026-09-14T23:52:04.207	processor:50066	tx	90 50 02 FF	reply		
2026-09-14T23:52:04.222	processor:50066	rx	81 09 08 01 FF	inquiry	TrackingFraming	
2026-09-14T23:52:04.222	processor:50066	tx	90 50 02 FF	reply		
2026-09-14T23:52:04.230	processor:50066	rx	81 09 04 39 FF	inquiry	AutoExposure	
2026-09-14T23:52:04.231	processor:50066	tx	90 50 0D FF	reply		
2026-09-14T23:52:04.241	processor:50066	rx	81 09 04 35 FF	inquiry	WhiteBalance	
2026-09-14T23:52:04.241	processor:50066	tx	90 50 03 FF	reply		
2026-09-14T23:52:04.251	processor:50066	rx	81 09 04 38 FF	inquiry	AutoFocus	
2026-09-14T23:52:04.251	processor:50066	tx	90 50 03 FF	reply		
2026-09-14T23:52:04.260	processor:50066	rx	81 09 04 33 FF	inquiry	Backlight	
2026-09-14T23:52:04.260	processor:50066	tx	90 50 02 FF	reply		
2026-09-14T23:52:04.270	processor:50066	rx	81 09 04 62 FF	inquiry	FreezeFrame	
2026-09-14T23:52:04.271	processor:50066	tx	90 50 02 FF	reply		
2026-09-14T23:52:07.282	processor:50066	rx	81 09 04 00 FF	inquiry	Power	
2026-09-14T23:52:07.283	processor:50066	tx	90 50 02 FF	reply		
2026-09-14T23:52:07.295	processor:50066	rx	81 09 08 01 FF	inquiry	TrackingFraming	
2026-09-14T23:52:07.296	processor:50066	tx	90 50 02 FF	reply		
2026-09-14T23:52:07.306	processor:50066	rx	81 09 04 39 FF	inquiry	AutoExposure	
2026-09-14T23:52:07.307	processor:50066	tx	90 50 0D FF	reply		
2026-09-14T23:52:07.318	processor:50066	rx	81 09 04 35 FF	inquiry	WhiteBalance	
2026-09-14T23:52:07.318	processor:50066	tx	90 50 03 FF	reply		
2026-09-14T23:52:07.331	processor:50066	rx	81 09 04 38 FF	inquiry	AutoFocus	
2026-09-14T23:52:07.331	processor:50066	tx	90 50 03 FF	reply		
2026-09-14T23:52:07.340	processor:50066	rx	81 09 04 33 FF	inquiry	Backlight	
2026-09-14T23:52:07.340	processor:50066	tx	90 50 02 FF	reply		
2026-09-14T23:52:07.349	processor:50066	rx	81 09 04 62 FF	inquiry	FreezeFrame	
2026-09-14T23:52:07.350	processor:50066	tx	90 50 02 FF	reply		
2026-09-14T23:52:10.362	processor:50066	rx	81 09 04 00 FF	inquiry	Power	
2026-09-14T23:52:10.363	processor:50066	tx	90 50 02 FF	reply		
2026-09-14T23:52:10.374	processor:50066	rx	81 09 08 01 FF	inquiry	TrackingFraming	
2026-09-14T23:52:10.374	processor:50066	tx	90 50 02 FF	reply		
2026-09-14T23:52:10.385	processor:50066	rx	81 09 04 39 FF	inquiry	AutoExposure	
2026-09-14T23:52:10.385	processor:50066	tx	90 50 0D FF	reply		
2026-09-14T23:52:10.394	processor:50066	rx	81 09 04 35 FF	inquiry	WhiteBalance	
2026-09-14T23:52:10.394	processor:50066	tx	90 50 03 FF	reply		
2026-09-14T23:52:10.403	processor:50066	rx	81 09 04 38 FF	inquiry	AutoFocus	
2026-09-14T23:52:10.404	processor:50066	tx	90 50 03 FF	reply		
2026-09-14T23:52:10.414	processor:50066	rx	81 09 04 33 FF	inquiry	Backlight	
2026-09-14T23:52:10.414	processor:50066	tx	90 50 02 FF	reply		
2026-09-14T23:52:10.424	processor:50066	rx	81 09 04 62 FF	inquiry	FreezeFrame	
2026-09-14T23:52:10.424	processor:50066	tx	90 50 02 FF	reply		
2026-09-14T23:52:13.432	processor:50066	rx	81 09 04 00 FF	inquiry	Power	
2026-09-14T23:52:13.432	processor:50066	tx	90 50 02 FF	reply		
2026-09-14T23:52:13.446	processor:50066	rx	81 09 08 01 FF	inquiry	TrackingFraming	
2026-09-14T23:52:13.446	processor:50066	tx	90 50 02 FF	reply		
2026-09-14T23:52:13.456	processor:50066	rx	81 09 04 39 FF	inquiry	AutoExposure	
2026-09-14T23:52:13.457	processor:50066	tx	90 50 0D FF	reply		
2026-09-14T23:52:13.467	processor:50066	rx	81 09 04 35 FF	inquiry	WhiteBalance	
2026-09-14T23:52:13.467	processor:50066	tx	90 50 03 FF	reply		
2026-09-14T23:52:13.477	processor:50066	rx	81 09 04 38 FF	inquiry	AutoFocus	
2026-09-14T23:52:13.477	processor:50066	tx	90 50 03 FF	reply		
2026-09-14T23:52:13.486	processor:50066	rx	81 09 04 33 FF	inquiry	Backlight	
2026-09-14T23:52:13.486	processor:50066	tx	90 50 02 FF	reply		
2026-09-14T23:52:13.496	processor:50066	rx	81 09 04 62 FF	inquiry	FreezeFrame	
2026-09-14T23:52:13.496	processor:50066	tx	90 50 02 FF	reply		
2026-09-14T23:52:16.506	processor:50066	rx	81 09 04 00 FF	inquiry	Power	
2026-09-14T23:52:16.507	processor:50066	tx	90 50 02 FF	reply		
2026-09-14T23:52:16.519	processor:50066	rx	81 09 08 01 FF	inquiry	TrackingFraming	
2026-09-14T23:52:16.520	processor:50066	tx	90 50 02 FF	reply		
2026-09-14T23:52:16.529	processor:50066	rx	81 09 04 39 FF	inquiry	AutoExposure	
2026-09-14T23:52:16.529	processor:50066	tx	90 50 0D FF	reply		
2026-09-14T23:52:16.535	processor:50066	rx	81 09 04 35 FF	inquiry	WhiteBalance	
2026-09-14T23:52:16.535	processor:50066	tx	90 50 03 FF	reply		
2026-09-14T23:52:16.550	processor:50066	rx	81 09 04 38 FF	inquiry	AutoFocus	
2026-09-14T23:52:16.552	processor:50066	tx	90 50 03 FF	reply		
2026-09-14T23:52:16.552	processor:50066	rx	81 09 04 33 FF	inquiry	Backlight	
2026-09-14T23:52:16.552	processor:50066	tx	90 50 02 FF	reply		
2026-09-14T23:52:16.571	processor:50066	rx	81 09 04 62 FF	inquiry	FreezeFrame	
2026-09-14T23:52:16.571	processor:50066	tx	90 50 02 FF	reply		
2026-09-14T23:52:19.574	processor:50066	rx	81 09 04 00 FF	inquiry	Power	
2026-09-14T23:52:19.576	processor:50066	tx	90 50 02 FF	reply		
2026-09-14T23:52:19.589	processor:50066	rx	81 09 08 01 FF	inquiry	TrackingFraming	
2026-09-14T23:52:19.589	processor:50066	tx	90 50 02 FF	reply		
2026-09-14T23:52:19.598	processor:50066	rx	81 09 04 39 FF	inquiry	AutoExposure	
2026-09-14T23:52:19.599	processor:50066	tx	90 50 0D FF	reply		
2026-09-14T23:52:19.601	processor:50066	rx	81 09 04 35 FF	inquiry	WhiteBalance	
2026-09-14T23:52:19.601	processor:50066	tx	90 50 03 FF	reply		
2026-09-14T23:52:19.619	processor:50066	rx	81 09 04 38 FF	inquiry	AutoFocus	
2026-09-14T23:52:19.619	processor:50066	tx	90 50 03 FF	reply		
2026-09-14T23:52:19.629	processor:50066	rx	81 09 04 33 FF	inquiry	Backlight	
2026-09-14T23:52:19.631	processor:50066	tx	90 50 02 FF	reply		
2026-09-14T23:52:19.640	processor:50066	rx	81 09 04 62 FF	inquiry	FreezeFrame	
2026-09-14T23:52:19.640	processor:50066	tx	90 50 02 FF	reply		
2026-09-14T23:52:22.743	processor:50066	rx	81 09 04 00 FF	inquiry	Power	
2026-09-14T23:52:22.743	processor:50066	tx	90 50 02 FF	reply		
2026-09-14T23:52:22.758	processor:50066	rx	81 09 08 01 FF	inquiry	TrackingFraming	
2026-09-14T23:52:22.758	processor:50066	tx	90 50 02 FF	reply		
2026-09-14T23:52:22.767	processor:50066	rx	81 09 04 39 FF	inquiry	AutoExposure	
2026-09-14T23:52:22.767	processor:50066	tx	90 50 0D FF	reply		
2026-09-14T23:52:22.778	processor:50066	rx	81 09 04 35 FF	inquiry	WhiteBalance	
2026-09-14T23:52:22.778	processor:50066	tx	90 50 03 FF	reply		
2026-09-14T23:52:22.786	processor:50066	rx	81 09 04 38 FF	inquiry	AutoFocus	
2026-09-14T23:52:22.790	processor:50066	tx	90 50 03 FF	reply		
2026-09-14T23:52:22.799	processor:50066	rx	81 09 04 33 FF	inquiry	Backlight	
2026-09-14T23:52:22.799	processor:50066	tx	90 50 02 FF	reply		
2026-09-14T23:52:22.807	processor:50066	rx	81 09 04 62 FF	inquiry	FreezeFrame	
2026-09-14T23:52:22.807	processor:50066	tx	90 50 02 FF	reply		
2026-09-14T23:52:25.829	processor:50066	rx	81 09 04 00 FF	inquiry	Power	
2026-09-14T23:52:25.829	processor:50066	tx	90 50 02 FF	reply		
2026-09-14T23:52:25.848	processor:50066	rx	81 09 08 01 FF	inquiry	TrackingFraming	
2026-09-14T23:52:25.848	processor:50066	tx	90 50 02 FF	reply		
2026-09-14T23:52:25.876	processor:50066	rx	81 09 04 39 FF	inquiry	AutoExposure	
2026-09-14T23:52:25.876	processor:50066	tx	90 50 0D FF	reply		
2026-09-14T23:52:25.900	processor:50066	rx	81 09 04 35 FF	inquiry	WhiteBalance	
2026-09-14T23:52:25.900	processor:50066	tx	90 50 03 FF	reply		
2026-09-14T23:52:25.917	processor:50066	rx	81 09 04 38 FF	inquiry	AutoFocus	
2026-09-14T23:52:25.917	processor:50066	tx	90 50 03 FF	reply		
2026-09-14T23:52:25.943	processor:50066	rx	81 09 04 33 FF	inquiry	Backlight	
2026-09-14T23:52:25.943	processor:50066	tx	90 50 02 FF	reply		
2026-09-14T23:52:25.958	processor:50066	rx	81 09 04 62 FF	inquiry	FreezeFrame	
2026-09-14T23:52:25.958	processor:50066	tx	90 50 02 FF	reply		
2026-09-14T23:52:28.944	processor:50066	rx	81 09 04 00 FF	inquiry	Power	
2026-09-14T23:52:28.944	processor:50066	tx	90 50 02 FF	reply		
2026-09-14T23:52:28.972	processor:50066	rx	81 09 08 01 FF	inquiry	TrackingFraming	
2026-09-14T23:52:28.972	processor:50066	tx	90 50 02 FF	reply		
2026-09-14T23:52:28.987	processor:50066	rx	81 09 04 39 FF	inquiry	AutoExposure	
2026-09-14T23:52:28.987	processor:50066	tx	90 50 0D FF	reply		
2026-09-14T23:52:29.013	processor:50066	rx	81 09 04 35 FF	inquiry	WhiteBalance	
2026-09-14T23:52:29.014	processor:50066	tx	90 50 03 FF	reply		
2026-09-14T23:52:29.021	processor:50066	rx	81 09 04 38 FF	inquiry	AutoFocus	
2026-09-14T23:52:29.021	processor:50066	tx	90 50 03 FF	reply		
2026-09-14T23:52:29.032	processor:50066	rx	81 09 04 33 FF	inquiry	Backlight	
2026-09-14T23:52:29.037	processor:50066	tx	90 50 02 FF	reply		
2026-09-14T23:52:29.045	processor:50066	rx	81 09 04 62 FF	inquiry	FreezeFrame	
2026-09-14T23:52:29.045	processor:50066	tx	90 50 02 FF	reply		
2026-09-14T23:52:32.048	processor:50066	rx	81 09 04 00 FF	inquiry	Power	
2026-09-14T23:52:32.048	processor:50066	tx	90 50 02 FF	reply		
2026-09-14T23:52:32.060	processor:50066	rx	81 09 08 01 FF	inquiry	TrackingFraming	
2026-09-14T23:52:32.060	processor:50066	tx	90 50 02 FF	reply		
2026-09-14T23:52:32.074	processor:50066	rx	81 09 04 39 FF	inquiry	AutoExposure	
2026-09-14T23:52:32.076	processor:50066	tx	90 50 0D FF	reply		
2026-09-14T23:52:32.082	processor:50066	rx	81 09 04 35 FF	inquiry	WhiteBalance	
2026-09-14T23:52:32.082	processor:50066	tx	90 50 03 FF	reply		
2026-09-14T23:52:32.095	processor:50066	rx	81 09 04 38 FF	inquiry	AutoFocus	
2026-09-14T23:52:32.095	processor:50066	tx	90 50 03 FF	reply		
2026-09-14T23:52:32.105	processor:50066	rx	81 09 04 33 FF	inquiry	Backlight	
2026-09-14T23:52:32.105	processor:50066	tx	90 50 02 FF	reply		
2026-09-14T23:52:32.114	processor:50066	rx	81 09 04 62 FF	inquiry	FreezeFrame	
2026-09-14T23:52:32.114	processor:50066	tx	90 50 02 FF	reply		
2026-09-14T23:52:35.124	processor:50066	rx	81 09 04 00 FF	inquiry	Power	
2026-09-14T23:52:35.124	processor:50066	tx	90 50 02 FF	reply		
2026-09-14T23:52:35.137	processor:50066	rx	81 09 08 01 FF	inquiry	TrackingFraming	
2026-09-14T23:52:35.137	processor:50066	tx	90 50 02 FF	reply		
2026-09-14T23:52:35.149	processor:50066	rx	81 09 04 39 FF	inquiry	AutoExposure	
2026-09-14T23:52:35.149	processor:50066	tx	90 50 0D FF	reply		
2026-09-14T23:52:35.158	processor:50066	rx	81 09 04 35 FF	inquiry	WhiteBalance	
2026-09-14T23:52:35.158	processor:50066	tx	90 50 03 FF	reply		
2026-09-14T23:52:35.168	processor:50066	rx	81 09 04 38 FF	inquiry	AutoFocus	
2026-09-14T23:52:35.168	processor:50066	tx	90 50 03 FF	reply		
2026-09-14T23:52:35.176	processor:50066	rx	81 09 04 33 FF	inquiry	Backlight	
2026-09-14T23:52:35.176	processor:50066	tx	90 50 02 FF	reply		
2026-09-14T23:52:35.188	processor:50066	rx	81 09 04 62 FF	inquiry	FreezeFrame	
2026-09-14T23:52:35.188	processor:50066	tx	90 50 02 FF	reply		
2026-09-14T23:52:38.221	processor:50066	rx	81 09 04 00 FF	inquiry	Power	
2026-09-14T23:52:38.221	processor:50066	tx	90 50 02 FF	reply		
2026-09-14T23:52:38.231	processor:50066	rx	81 09 08 01 FF	inquiry	TrackingFraming	
2026-09-14T23:52:38.238	processor:50066	tx	90 50 02 FF	reply		
2026-09-14T23:52:38.246	processor:50066	rx	81 09 04 39 FF	inquiry	AutoExposure	
2026-09-14T23:52:38.246	processor:50066	tx	90 50 0D FF	reply		
2026-09-14T23:52:38.256	processor:50066	rx	81 09 04 35 FF	inquiry	WhiteBalance	
2026-09-14T23:52:38.256	processor:50066	tx	90 50 03 FF	reply		
2026-09-14T23:52:38.262	processor:50066	rx	81 09 04 38 FF	inquiry	AutoFocus	
2026-09-14T23:52:38.262	processor:50066	tx	90 50 03 FF	reply		
2026-09-14T23:52:38.273	processor:50066	rx	81 09 04 33 FF	inquiry	Backlight	
2026-09-14T23:52:38.273	processor:50066	tx	90 50 02 FF	reply		
2026-09-14T23:52:38.282	processor:50066	rx	81 09 04 62 FF	inquiry	FreezeFrame	
2026-09-14T23:52:38.282	processor:50066	tx	90 50 02 FF	reply		
2026-09-14T23:52:41.305	processor:50066	rx	81 09 04 00 FF	inquiry	Power	
2026-09-14T23:52:41.306	processor:50066	tx	90 50 02 FF	reply		
2026-09-14T23:52:41.316	processor:50066	rx	81 09 08 01 FF	inquiry	TrackingFraming	
2026-09-14T23:52:41.316	processor:50066	tx	90 50 02 FF	reply		
2026-09-14T23:52:41.326	processor:50066	rx	81 09 04 39 FF	inquiry	AutoExposure	
2026-09-14T23:52:41.327	processor:50066	tx	90 50 0D FF	reply		
2026-09-14T23:52:41.345	processor:50066	rx	81 09 04 35 FF	inquiry	WhiteBalance	
2026-09-14T23:52:41.346	processor:50066	tx	90 50 03 FF	reply		
2026-09-14T23:52:41.355	processor:50066	rx	81 09 04 38 FF	inquiry	AutoFocus	
2026-09-14T23:52:41.355	processor:50066	tx	90 50 03 FF	reply		
2026-09-14T23:52:41.365	processor:50066	rx	81 09 04 33 FF	inquiry	Backlight	
2026-09-14T23:52:41.365	processor:50066	tx	90 50 02 FF	reply		
2026-09-14T23:52:41.374	processor:50066	rx	81 09 04 62 FF	inquiry	FreezeFrame	
2026-09-14T23:52:41.376	processor:50066	tx	90 50 02 FF	reply		
2026-09-14T23:52:44.373	processor:50066	rx	81 09 04 00 FF	inquiry	Power	
2026-09-14T23:52:44.373	processor:50066	tx	90 50 02 FF	reply		
2026-09-14T23:52:44.377	processor:50066	rx	81 09 08 01 FF	inquiry	TrackingFraming	
2026-09-14T23:52:44.377	processor:50066	tx	90 50 02 FF	reply		
2026-09-14T23:52:44.393	processor:50066	rx	81 09 04 39 FF	inquiry	AutoExposure	
2026-09-14T23:52:44.393	processor:50066	tx	90 50 0D FF	reply		
2026-09-14T23:52:44.404	processor:50066	rx	81 09 04 35 FF	inquiry	WhiteBalance	
2026-09-14T23:52:44.404	processor:50066	tx	90 50 03 FF	reply		
2026-09-14T23:52:44.409	processor:50066	rx	81 09 04 38 FF	inquiry	AutoFocus	
2026-09-14T23:52:44.409	processor:50066	tx	90 50 03 FF	reply		
2026-09-14T23:52:44.423	processor:50066	rx	81 09 04 33 FF	inquiry	Backlight	
2026-09-14T23:52:44.425	processor:50066	tx	90 50 02 FF	reply		
2026-09-14T23:52:44.433	processor:50066	rx	81 09 04 62 FF	inquiry	FreezeFrame	
2026-09-14T23:52:44.435	processor:50066	tx	90 50 02 FF	reply		
2026-09-14T23:52:47.507	processor:50066	rx	81 09 04 00 FF	inquiry	Power	
2026-09-14T23:52:47.507	processor:50066	tx	90 50 02 FF	reply		
2026-09-14T23:52:47.541	processor:50066	rx	81 09 08 01 FF	inquiry	TrackingFraming	
2026-09-14T23:52:47.541	processor:50066	tx	90 50 02 FF	reply		
2026-09-14T23:52:47.590	processor:50066	rx	81 09 04 39 FF	inquiry	AutoExposure	
2026-09-14T23:52:47.590	processor:50066	tx	90 50 0D FF	reply		
2026-09-14T23:52:47.619	processor:50066	rx	81 09 04 35 FF	inquiry	WhiteBalance	
2026-09-14T23:52:47.619	processor:50066	tx	90 50 03 FF	reply		
2026-09-14T23:52:47.656	processor:50066	rx	81 09 04 38 FF	inquiry	AutoFocus	
2026-09-14T23:52:47.656	processor:50066	tx	90 50 03 FF	reply		
2026-09-14T23:52:47.681	processor:50066	rx	81 09 04 33 FF	inquiry	Backlight	
2026-09-14T23:52:47.681	processor:50066	tx	90 50 02 FF	reply		
2026-09-14T23:52:47.704	processor:50066	rx	81 09 04 62 FF	inquiry	FreezeFrame	
2026-09-14T23:52:47.704	processor:50066	tx	90 50 02 FF	reply		
2026-09-14T23:52:50.557	processor:50066	rx	81 09 04 00 FF	inquiry	Power	
2026-09-14T23:52:50.559	processor:50066	tx	90 50 02 FF	reply		
2026-09-14T23:52:50.570	processor:50066	rx	81 09 08 01 FF	inquiry	TrackingFraming	
2026-09-14T23:52:50.570	processor:50066	tx	90 50 02 FF	reply		
2026-09-14T23:52:50.580	processor:50066	rx	81 09 04 39 FF	inquiry	AutoExposure	
2026-09-14T23:52:50.580	processor:50066	tx	90 50 0D FF	reply		
2026-09-14T23:52:50.592	processor:50066	rx	81 09 04 35 FF	inquiry	WhiteBalance	
2026-09-14T23:52:50.593	processor:50066	tx	90 50 03 FF	reply		
2026-09-14T23:52:50.599	processor:50066	rx	81 09 04 38 FF	inquiry	AutoFocus	
2026-09-14T23:52:50.599	processor:50066	tx	90 50 03 FF	reply		
2026-09-14T23:52:50.604	processor:50066	rx	81 09 04 33 FF	inquiry	Backlight	
2026-09-14T23:52:50.604	processor:50066	tx	90 50 02 FF	reply		
2026-09-14T23:52:50.621	processor:50066	rx	81 09 04 62 FF	inquiry	FreezeFrame	
2026-09-14T23:52:50.621	processor:50066	tx	90 50 02 FF	reply		
2026-09-14T23:52:53.641	processor:50066	rx	81 09 04 00 FF	inquiry	Power	
2026-09-14T23:52:53.641	processor:50066	tx	90 50 02 FF	reply		
2026-09-14T23:52:53.652	processor:50066	rx	81 09 08 01 FF	inquiry	TrackingFraming	
2026-09-14T23:52:53.652	processor:50066	tx	90 50 02 FF	reply		
2026-09-14T23:52:53.669	processor:50066	rx	81 09 04 39 FF	inquiry	AutoExposure	
2026-09-14T23:52:53.671	processor:50066	tx	90 50 0D FF	reply		
2026-09-14T23:52:53.678	processor:50066	rx	81 09 04 35 FF	inquiry	WhiteBalance	
2026-09-14T23:52:53.678	processor:50066	tx	90 50 03 FF	reply		
2026-09-14T23:52:53.688	processor:50066	rx	81 09 04 38 FF	inquiry	AutoFocus	
2026-09-14T23:52:53.688	processor:50066	tx	90 50 03 FF	reply		
2026-09-14T23:52:53.697	processor:50066	rx	81 09 04 33 FF	inquiry	Backlight	
2026-09-14T23:52:53.697	processor:50066	tx	90 50 02 FF	reply		
2026-09-14T23:52:53.708	processor:50066	rx	81 09 04 62 FF	inquiry	FreezeFrame	
2026-09-14T23:52:53.708	processor:50066	tx	90 50 02 FF	reply		
